"ROW_ID","ROW_VERSION","pmcid","synid","context"
"1","16","pmc:PMC10001072","syn23630203","al. [ 35 ] at Synapse ID syn23630203. Human cell line and RPM"
"2","16","pmc:PMC10002464","syn47354875","https://doi.org/10.7303/syn47354875 , accessed on 25 January"
"3","16","pmc:PMC10005937","syn9702085","ww.synapse.org/#!Synapse:syn9702085 ) were re-aligned to GRC"
"4","16","pmc:PMC10005937","syn22264775","ww.synapse.org/#!Synapse:syn22264775 ) were converted to a PL"
"5","16","pmc:PMC10011140","syn2759792","CMC 99 (accession code: syn2759792), CMC_HBCC (accession co"
"6","16","pmc:PMC10011140","syn10623034","MC_HBCC (accession code: syn10623034), AMP-AD 5 (accession co"
"7","16","pmc:PMC10011140","syn2580853","MP-AD 5 (accession code: syn2580853; the snRNA-seq data were"
"8","16","pmc:PMC10011140","syn18485175","e Synapse accession code syn18485175 and the IHC data were fr"
"9","16","pmc:PMC10011140","syn12299750","rainSeq (accession code: syn12299750), UCLA_ASD data (accessi"
"10","16","pmc:PMC10011140","syn4587609","SD data (accession code: syn4587609), BrainGVEx (accession c"
"11","16","pmc:PMC10011140","syn4590909","ainGVEx (accession code: syn4590909) and BipSeq (accession c"
"12","16","pmc:PMC10011140","syn5844980","BipSeq (accession code: syn5844980) data were downloaded fr"
"13","16","pmc:PMC10013873","syn30821563","pse via accession number syn30821563. Supplementary Material"
"14","16","pmc:PMC10014304","syn4231880","ww.synapse.org/#!Synapse:syn4231880/wiki/235645 LINCS L1000"
"15","16","pmc:PMC10025452","syn12033252","downloaded from Synapse (syn12033252) and processed as indivi"
"16","16","pmc:PMC10025681","syn11806255","ww.synapse.org/#!Synapse:syn11806255 . The file contains the"
"17","16","pmc:PMC10028786","syn20808171","Portal (accession number syn20808171, https://adknowledgeport"
"18","16","pmc:PMC10028977","syn51170082","ww.synapse.org/#!Synapse:syn51170082/files/ ). REFERENCES 1."
"19","16","pmc:PMC10029021","syn50897018","ww.synapse.org/#!Synapse:syn50897018.3/datasets/ References a"
"20","16","pmc:PMC10031009","syn46580597","ww.synapse.org/#!Synapse:syn46580597/files/ . Author contribu"
"21","16","pmc:PMC10039068","syn20940518","ww.synapse.org/#!Synapse:syn20940518/wiki/ (2020). 18. Zeng A"
"22","16","pmc:PMC10039465","syn2580853","https://doi.org/10.7303/syn2580853 ). All RNA sequencing da"
"23","16","pmc:PMC10041447","syn20933797","ww.synapse.org/#!Synapse:syn20933797/files/ . REFERENCES [1]"
"24","16","pmc:PMC10041734","syn33569299","on www.synapse.org , ID syn33569299. Declarations Ethics app"
"25","16","pmc:PMC10043753","syn2374375","ww.synapse.org/#!Synapse:syn2374375/files/ ). Sites that had"
"26","16","pmc:PMC10044680","syn25895958","ww.synapse.org/#!Synapse:syn25895958 . The GFF3 used is avail"
"27","16","pmc:PMC10044680","syn21785741","ww.synapse.org/#!Synapse:syn21785741 . The hotspot definition"
"28","16","pmc:PMC10046116","syn2787209","ww.synapse.org/#!Synapse:syn2787209/wiki/70350 (last accesse"
"29","16","pmc:PMC10050155","syn2023932","r study via Synapse (ID: syn2023932), where it has been desc"
"30","16","pmc:PMC10050155","syn2321865","tained from Synapse (ID: syn2321865). Cancer hallmarks ( n ="
"31","16","pmc:PMC10050155","syn2623706","ynapse database (10.7303/syn2623706). As with MmCMS-B, we re"
"32","16","pmc:PMC10050155","syn2321865","= 79) from Synapse (ID: syn2321865) but the genes are the s"
"33","16","pmc:PMC10054947","syn18681734","ww.synapse.org/#!Synapse:syn18681734 . For CMC snRNAseq data,"
"34","16","pmc:PMC10054947","syn48958066","d in the Capstone paper (syn48958066). scRNAseq data of brain"
"35","16","pmc:PMC10054947","syn11724057","ww.synapse.org/#!Synapse:syn11724057 . The data is already im"
"36","16","pmc:PMC10054947","syn51072187","ww.synapse.org/#!Synapse:syn51072187/datasets/ . The eQTL and"
"37","16","pmc:PMC10054947","syn50908925","ww.synapse.org/#!Synapse:syn50908925 . References 1. G. T. Co"
"38","16","pmc:PMC10055057","syn2580853","Portal ( Accession Code: syn2580853 ) as well as RADC Resear"
"39","16","pmc:PMC10055234","syn3219045","ww.synapse.org/#!Synapse:syn3219045 ) and the RADC Research"
"40","16","pmc:PMC10055242","syn47217489","ynapse (doi.org/ 10.7303/syn47217489.1 ). References Abbas Al"
"41","16","pmc:PMC10055503","syn35874390","Synapse data repository syn35874390 generated using Code for"
"42","16","pmc:PMC10055503","syn35874390","data matrix provided in syn35874390 but filtered for the 62"
"43","16","pmc:PMC10055503","syn35874390","is available in Synapse syn35874390 and can also be accessed"
"44","16","pmc:PMC10055654","syn26410406","ository under project ID syn26410406 (“mtDNA_8oxoG_NGSstudy”,"
"45","16","pmc:PMC10055654","syn26410406","https://doi.org/10.7303/syn26410406 ). References 1. 2022 Al"
"46","16","pmc:PMC10060837","syn2701943","Cs in the PCBC database (syn2701943), the stemness signature"
"47","16","pmc:PMC10061294","syn1715755","uencing data (Synapse ID syn1715755) were available for a su"
"48","16","pmc:PMC10061294","syn2468297","repository (DOI: 10.7303/syn2468297 ). For computational rea"
"49","16","pmc:PMC10061294","syn1715755","uencing data (Synapse ID syn1715755) is available from the S"
"50","16","pmc:PMC10061294","syn2468297","repository (DOI: 10.7303/syn2468297 ). References 1 Ciriello"
"51","16","pmc:PMC10066241","syn2759792","sortium Knowledge Portal—syn2759792—Wiki. https://www.synaps"
"52","16","pmc:PMC10066241","syn2759792","ww.synapse.org/#!Synapse:syn2759792/wiki/197283 . Accessed 1"
"53","16","pmc:PMC10068328","syn11510888","https://doi.org/10.7303/syn11510888 clue repurposing CLUE ht"
"54","16","pmc:PMC10074678","syn17095980","ww.synapse.org/#!Synapse:syn17095980 ). Briefly, RNA-Seq data"
"55","16","pmc:PMC10074678","syn23631984","https://doi.org/10.7303/syn23631984 . Detailed documentation"
"56","16","pmc:PMC10078980","syn11738319","synapse website (Synapse:syn11738319) ( Supplementary Table S"
"57","16","pmc:PMC10080956","syn17038081","ww.synapse.org/#!Synapse:syn17038081/wiki/585622 , accessed J"
"58","16","pmc:PMC10080956","syn17038081","ww.synapse.org/#!Synapse:syn17038081/wiki/585622 ) and the Ge"
"59","16","pmc:PMC10081415","syn11724057","ww.synapse.org/#!Synapse:syn11724057 ). Single-nucleus RNA-se"
"60","16","pmc:PMC10081415","syn31512863","ww.synapse.org/#!Synapse:syn31512863 ). Cell type classificat"
"61","16","pmc:PMC10081846","syn3270015","Synapse.org [BrainGVEX (syn3270015), CMC (syn22344687), HBC"
"62","16","pmc:PMC10081846","syn22344687","nGVEX (syn3270015), CMC (syn22344687), HBCC (syn32183303), an"
"63","16","pmc:PMC10081846","syn32183303","CMC (syn22344687), HBCC (syn32183303), and LIBD (syn22344123)"
"64","16","pmc:PMC10081846","syn22344123","(syn32183303), and LIBD (syn22344123)]. Supplementary Materia"
"65","16","pmc:PMC10092953","syn25101790","ww.synapse.org/#!Synapse:syn25101790/wiki/608802), in which 1"
"66","16","pmc:PMC10094615","syn35874390","he identification number syn35874390 from synapse.org. The da"
"67","16","pmc:PMC10099222","syn3193805","y 9 October 2015 10.7303/syn3193805 24. Gibson E. Giganti F."
"68","16","pmc:PMC10100131","syn34152292","ww.synapse.org/#!Synapse:syn34152292/files/ ). Further inform"
"69","16","pmc:PMC10102849","syn23639889","pository (Project SynID: syn23639889; DOI: https://doi.org/10"
"70","16","pmc:PMC10102849","syn23639889","https://doi.org/10.7303/syn23639889 ) and will also be made"
"71","16","pmc:PMC10104061","syn2759792","rom EGA, and CommonMind (syn2759792) from Synapse. Raw genot"
"72","16","pmc:PMC10106526","syn26007829","available on Synapse as syn26007829 and syn26007830. 2.1.3 |"
"73","16","pmc:PMC10106526","syn26007830","napse as syn26007829 and syn26007830. 2.1.3 | Alzheimer’s Dis"
"74","16","pmc:PMC10106526","syn10235609","Analysis Summary Documentsyn10235609 . Accessed April 19, 202"
"75","16","pmc:PMC10106526","syn10235609","ww.synapse.org/#!Synapse:syn10235609 32. Bennett DA , Schneid"
"76","16","pmc:PMC10109523","syn27046444","ww.synapse.org/#!Synapse:syn27046444/wiki/616992 . 78 Menze B"
"77","16","pmc:PMC10110975","syn4896408","ww.synapse.org/#!Synapse:syn4896408 ). Metabolomics Metabolo"
"78","16","pmc:PMC10110975","syn26007830","ww.synapse.org/#!Synapse:syn26007830 ). The full metabolomics"
"79","16","pmc:PMC10110975","syn17015098","ww.synapse.org/#!Synapse:syn17015098 ). Uniform multi-omic fe"
"80","16","pmc:PMC10110975","syn2580853","https://doi.org/10.7303/syn2580853 ). All analyses were per"
"81","16","pmc:PMC10111747","syn17083203","ww.synapse.org/#!Synapse:syn17083203/wiki/ . The ATAC-seq pro"
"82","16","pmc:PMC10111747","syn6131484","ww.synapse.org/#!Synapse:syn6131484/wiki/ . Accessed 12 May"
"83","16","pmc:PMC10114348","syn3505732","Portal with Synapse IDs syn3505732 and syn7391833, respecti"
"84","16","pmc:PMC10114348","syn7391833","napse IDs syn3505732 and syn7391833, respectively. The ACT R"
"85","16","pmc:PMC10114348","syn5759376","vailable with Synapse ID syn5759376. Mayo Clinic Brain Bank"
"86","16","pmc:PMC10114348","syn5550404","available at Synapse ID (syn5550404; https://doi.org/10.1038"
"87","16","pmc:PMC10114348","syn3159435","he following Synapse ID (syn3159435). In each study, we used"
"88","16","pmc:PMC10114348","syn6101474","apse.org with Synapse ID syn6101474. We accessed neuropathol"
"89","16","pmc:PMC10114348","syn5759376","Synapse IDs; URLs): ACT (syn5759376), ROSMAP (syn3219045; ht"
"90","16","pmc:PMC10114348","syn3219045","CT (syn5759376), ROSMAP (syn3219045; https://doi.org/10.1038"
"91","16","pmc:PMC10114348","syn3159438","1593-018-0154-9 ), MSBB (syn3159438), Mayo Clinic Brain Bank"
"92","16","pmc:PMC10114348","syn5550404","Mayo Clinic Brain Bank (syn5550404; https://doi.org/10.1038"
"93","16","pmc:PMC10114348","syn3159435","ce Center (HBTRC) study (syn3159435). Thank you to Dr. Alec"
"94","16","pmc:PMC10114348","syn3159435","ce Center (HBTRC) study (syn3159435). Code to reproduce resu"
"95","16","pmc:PMC10115253","syn35371551","ww.synapse.org/#!Synapse:syn35371551 . Deliberative sessions"
"96","16","pmc:PMC10117220","syn35874390","ynapse.org ), Synapse ID syn35874390. Code used for MICSSS qu"
"97","16","pmc:PMC10120121","syn5585484","w.synapse.org//#!Synapse:syn5585484 . WEB-based GEne SeT Ana"
"98","16","pmc:PMC10120699","syn25955362","https://doi.org/10.7303/syn25955362 . References 1. Trubetsk"
"99","16","pmc:PMC10121712","syn21125841","See Methods, Synapse ID: syn21125841) 20 . We found that 10.2"
"100","16","pmc:PMC10121712","syn21125841","Synapse under Synapse ID syn21125841 . The single-nucleus RNA"
"101","16","pmc:PMC10121712","syn22079621","Synapse under Synapse ID syn22079621 . The GRCH38 reference d"
"102","16","pmc:PMC10126952","syn31770233","https://doi.org/10.7303/syn31770233 . 2.3. Variant calling a"
"103","16","pmc:PMC10131083","syn7888354","tps://www.synapse.org/ , syn7888354) ( Xiang et al., 2018b )"
"104","16","pmc:PMC10131459","syn26529247","de (.r) Synapse: 10.7303/syn26529247 [ 11 ] Data file 2 scrip"
"105","16","pmc:PMC10131459","syn26529247","de (.r) Synapse: 10.7303/syn26529247 [ 11 ] Data file 3 scrip"
"106","16","pmc:PMC10131459","syn26529247","de (.r) Synapse: 10.7303/syn26529247 [ 11 ] Data file 4 phc_s"
"107","16","pmc:PMC10131459","syn26529247","(.html) Synapse: 10.7303/syn26529247 [ 11 ] Data file 5 pmm_s"
"108","16","pmc:PMC10131459","syn26529247","(.html) Synapse: 10.7303/syn26529247 [ 11 ] Data file 6 phc_m"
"109","16","pmc:PMC10131459","syn26529247","(.html) Synapse: 10.7303/syn26529247 [ 11 ] Data file 7 phc_m"
"110","16","pmc:PMC10131459","syn26529247","(.xlsx) Synapse: 10.7303/syn26529247 [ 11 ] Dataset 1 phc_dat"
"111","16","pmc:PMC10131459","syn26529247","(.zip) Synapse: 10.7303/syn26529247 [ 11 ] Dataset 2 phc_cle"
"112","16","pmc:PMC10131459","syn26529247",".rdata) Synapse: 10.7303/syn26529247 [ 11 ] Dataset 3 pmm_cle"
"113","16","pmc:PMC10131459","syn26529247",".rdata) Synapse: 10.7303/syn26529247 [ 11 ] Dataset 4 phc_mas"
"114","16","pmc:PMC10131459","syn26529247",".rdata) Synapse: 10.7303/syn26529247 [ 11 ] Anyone can browse"
"115","16","pmc:PMC10131459","syn26529247","napse under DOI: 10.7303/syn26529247. Anyone can browse the c"
"116","16","pmc:PMC10131459","syn25148356","five in Brazil. 10.7303/syn25148356. Accessed 08 Aug 2022. 7"
"117","16","pmc:PMC10131459","syn25049520","nd impact. 2021. 10.7303/syn25049520. Accessed 25 Aug 2022. 8"
"118","16","pmc:PMC10131459","syn26529247","rom 1998 to 2020 10.7303/syn26529247"
"119","16","pmc:PMC10131710","syn22803188","ww.synapse.org/#!Synapse:syn22803188/wiki/606343"
"120","16","pmc:PMC10136684","syn16780177","on Synapse (snRNAseqMFC: syn16780177, snRNAseqAD_TREM2: syn21"
"121","16","pmc:PMC10136684","syn21682120","80177, snRNAseqAD_TREM2: syn21682120, snRNAseqPFC_BA10: syn21"
"122","16","pmc:PMC10136684","syn21261143","82120, snRNAseqPFC_BA10: syn21261143). WGS data were from a s"
"123","16","pmc:PMC10137632","syn22159468","ww.synapse.org/#!Synapse:syn22159468/wiki/603890 , accessed o"
"124","16","pmc:PMC10137632","syn22159468","ww.synapse.org/#!Synapse:syn22159468 (accessed on 23 January"
"125","16","pmc:PMC10153468","syn21411369","ww.synapse.org/#!Synapse:syn21411369/files/ ). The original c"
"126","16","pmc:PMC10156891","syn17015233","e Portal 40 (Synapse ID: syn17015233). We selected PPARG asso"
"127","16","pmc:PMC10157587","syn51169055","synapse.org at: 10.7303/syn51169055. Declarations Ethical Ap"
"128","16","pmc:PMC10159362","syn16795931","he following synapse ids—syn16795931—Brodmann Area (BM10)—fro"
"129","16","pmc:PMC10159362","syn16795934","BM10)—frontal pole (FP), syn16795934—BM22—superior temporal g"
"130","16","pmc:PMC10159362","syn16795937","or temporal gyrus (STG), syn16795937—BM36—parahippocampal gyr"
"131","16","pmc:PMC10159362","syn16795940","hippocampal gyrus (PHG), syn16795940—BM44—inferior frontal gy"
"132","16","pmc:PMC10159362","syn3159438","B) study [ 47 ] (10.7303/syn3159438). The preprocessed data"
"133","16","pmc:PMC10162998","syn18485175","ww.synapse.org/#!Synapse:syn18485175 ) under the 10.7303/syn1"
"134","16","pmc:PMC10162998","syn18485175","5175 ) under the 10.7303/syn18485175. Data used in this study"
"135","16","pmc:PMC10165836","syn11726620","ww.synapse.org/#!Synapse:syn11726620 . From this data set, we"
"136","16","pmc:PMC10165836","syn11726620","ww.synapse.org/#!Synapse:syn11726620 . Declarations Ethics ap"
"137","16","pmc:PMC10168239","syn4976363","eneExp.tsv” (synapse id: syn4976363). Briefly, the matrices"
"138","16","pmc:PMC10168239","syn4976363","wnloaded from synapse id syn4976363 (EB++GeneExpAnnotation.t"
"139","16","pmc:PMC10168282","syn22079621","ww.synapse.org/#!Synapse:syn22079621/ . Dozer R package and v"
"140","16","pmc:PMC10170100","syn34054965","CSF SRM Synapse 10.7303/syn34054965 26. MacLean B Skyline: a"
"141","16","pmc:PMC10174396","syn2374375","w.synapse.org/# !Synapse:syn2374375). [ 16 ] Transcriptomic"
"142","16","pmc:PMC10175346","syn21125841","re available on Synapse (syn21125841). iPSC-iMGLs RNA-seq dat"
"143","16","pmc:PMC10175463","syn3388564","can be found on synapse (syn3388564). In summary, phase one"
"144","16","pmc:PMC10178328","syn2320105","2 mRNA data (Synapse ID: syn2320105), including 534 tumor sa"
"145","16","pmc:PMC10178328","syn2320105","ww.synapse.org/#!Synapse:syn2320105 (accessed on 22 April 20"
"146","16","pmc:PMC10178328","syn2320105","xpressed Genes DEGs from syn2320105 were calculated by apply"
"147","16","pmc:PMC10182086","syn7170616","ww.synapse.org/#!Synapse:syn7170616 ), ROS/MAP ( https://www"
"148","16","pmc:PMC10182086","syn3219045","ww.synapse.org/#!Synapse:syn3219045 ), UPP ( https://www.syn"
"149","16","pmc:PMC10182086","syn17009177","ww.synapse.org/#!Synapse:syn17009177 ), and BLSA ( https://ww"
"150","16","pmc:PMC10182086","syn3606086","ww.synapse.org/#!Synapse:syn3606086 ). UniProtKB (2022_01) d"
"151","16","pmc:PMC10183026","syn8484987","ase under accession code syn8484987, syn8466812, syn8456629."
"152","16","pmc:PMC10183026","syn8466812","cession code syn8484987, syn8466812, syn8456629. The EAML ca"
"153","16","pmc:PMC10183026","syn8456629","syn8484987, syn8466812, syn8456629. The EAML candidates’ ge"
"154","16","pmc:PMC10185548","syn3163039","cortex RNAseq data (id: syn3163039) and genome-wide genotyp"
"155","16","pmc:PMC10185548","syn8650953","-wide genotype data (id: syn8650953) were downloaded from th"
"156","16","pmc:PMC10185548","syn2580853","Synapse.org (doi:10.7303/syn2580853). The ROSMAP dorsolatera"
"157","16","pmc:PMC10185548","syn4164376","cortex RNAseq data (id: syn4164376), genotypes (id: syn3157"
"158","16","pmc:PMC10185548","syn3157325","4164376), genotypes (id: syn3157325), and clinical covariate"
"159","16","pmc:PMC10185548","syn3191087","clinical covariates (id: syn3191087) were downloaded from Sy"
"160","16","pmc:PMC10185548","syn2580853","Synapse.org (doi:10.7303/syn2580853) with the following acce"
"161","16","pmc:PMC10185548","syn3163039","oral cortex RNAseq data (syn3163039), MAYO genome-wide genot"
"162","16","pmc:PMC10185548","syn8650953","nome-wide genotype data (syn8650953), ROSMAP DLPFC RNAseq da"
"163","16","pmc:PMC10185548","syn4164376","OSMAP DLPFC RNAseq data (syn4164376), ROSMAP genotypes (syn3"
"164","16","pmc:PMC10185548","syn3157325","4376), ROSMAP genotypes (syn3157325), and ROSMAP clinical co"
"165","16","pmc:PMC10185548","syn3191087","MAP clinical covariates (syn3191087). Requests for ROSMAP da"
"166","16","pmc:PMC10185676","syn17010685","ww.synapse.org/#!Synapse:syn17010685 , but an access request"
"167","16","pmc:PMC10186610","syn18485175","tal) 24 24 Accession No: syn18485175 (AD Knowledge Portal) Fe"
"168","16","pmc:PMC10186610","syn18485175","e with accession number: syn18485175 (Mathys et al., 2019 )."
"169","16","pmc:PMC10186610","syn3157322","ww.synapse.org/#!Synapse:syn3157322 , deposited by Mathys et"
"170","16","pmc:PMC10186603","syn3219045","pse server, accession ID syn3219045), NABEC (dbGaP server, a"
"171","16","pmc:PMC10190536","syn2374375","downloaded from Synapse (syn2374375, https://www.synapse.org"
"172","16","pmc:PMC10190536","syn2374375","ing levels from Synapse (syn2374375) were collected. The edi"
"173","16","pmc:PMC10196687","syn3219045","tudy on synapse.org (ID: syn3219045) ( 87 ). We found that 6"
"174","16","pmc:PMC10197798","syn2759792","ttp://dx.doi.org/10.7303/syn2759792 . The SHIP-Trend study g"
"175","16","pmc:PMC10202958","syn25683365","ium (Synapse accession “ syn25683365 ”). Compared to the ONT"
"176","16","pmc:PMC10202958","syn25683629","ASP (Synapse accession “ syn25683629 ”). Two mouse samples fr"
"177","16","pmc:PMC10202958","syn25683365","Synapse with accession “ syn25683365 ”. The GENCODE VM27-base"
"178","16","pmc:PMC10202958","syn25683629","Synapse with accession “ syn25683629 ”. The sequencing data f"
"179","16","pmc:PMC10213211","syn18485175","Safaiyan et al., 2021 ), syn18485175 (Mathys et al., 2019 ),"
"180","16","pmc:PMC10213211","syn24168322","(Mathys et al., 2019 ), syn24168322, syn16780177, syn1251462"
"181","16","pmc:PMC10213211","syn16780177","l., 2019 ), syn24168322, syn16780177, syn12514624, syn2167083"
"182","16","pmc:PMC10213211","syn12514624","yn24168322, syn16780177, syn12514624, syn21670836, and syn237"
"183","16","pmc:PMC10213211","syn21670836","yn16780177, syn12514624, syn21670836, and syn23763501. There"
"184","16","pmc:PMC10213211","syn23763501","514624, syn21670836, and syn23763501. There are seven mice st"
"185","16","pmc:PMC10213211","syn23763501","ouse), respectively. The syn23763501 project performed scRNA-"
"186","16","pmc:PMC10213211","syn24168322","D prefrontal cortex. The syn24168322, syn16780177, syn1251462"
"187","16","pmc:PMC10213211","syn16780177","cortex. The syn24168322, syn16780177, syn12514624, syn1848517"
"188","16","pmc:PMC10213211","syn12514624","yn24168322, syn16780177, syn12514624, syn18485175, and syn216"
"189","16","pmc:PMC10213211","syn18485175","yn16780177, syn12514624, syn18485175, and syn21670836 project"
"190","16","pmc:PMC10213211","syn21670836","514624, syn18485175, and syn21670836 projects provide scRNA-s"
"191","16","pmc:PMC10213211","syn21670836","C_Prefrontalcortex_mice, syn21670836_DorsolateralPrefrontalCo"
"192","16","pmc:PMC10213211","syn24168322","lPrefrontalCortex_human, syn24168322_DorsolateralPrefrontalCo"
"193","16","pmc:PMC10213211","syn18485175","lPrefrontalCortex_human, syn18485175_DorsolateralPrefrontalCo"
"194","16","pmc:PMC10213211","syn23763501","lPrefrontalCortex_human, syn23763501_WholeBrain_mice, syn1678"
"195","16","pmc:PMC10213211","syn16780177","3763501_WholeBrain_mice, syn16780177_DorsolateralPrefrontalCo"
"196","16","pmc:PMC10213211","syn12514624","lPrefrontalCortex_human, syn12514624_DorsolateralPrefrontalCo"
"197","16","pmc:PMC10226446","syn25875374","ww.synapse.org/#!Synapse:syn25875374/wiki/ (2022). 20. Lin, Z"
"198","16","pmc:PMC10229139","syn21041850","Lung Cell Atlas Synapase syn21041850 Elyahu Y 2019 Study: Agi"
"199","16","pmc:PMC10229139","syn21041850","w.synapse.org/ #!Synapse:syn21041850 Synapase, syn21041850 Tr"
"200","16","pmc:PMC10229139","syn21041850","se:syn21041850 Synapase, syn21041850 Travaglini et al., 2020"
"201","16","pmc:PMC10229758","syn6131484","ge. Synapse. doi:10.7303/syn6131484. 27 Libbrecht M.W. Noble"
"202","16","pmc:PMC10231934","syn27023828","w.synapse.org/ #!Synapse:syn27023828) and a comprehensive ana"
"203","16","pmc:PMC10233303","syn23301293","www.synapse.org (SynID: syn23301293, syn25006620 and syn3174"
"204","16","pmc:PMC10233303","syn25006620","org (SynID: syn23301293, syn25006620 and syn31749523). The id"
"205","16","pmc:PMC10233303","syn31749523","3301293, syn25006620 and syn31749523). The identified and qua"
"206","16","pmc:PMC10236395","syn50877085","ww.synapse.org/#!Synapse:syn50877085 ; 10.7303/syn50877085) 2"
"207","16","pmc:PMC10236395","syn50877085","se:syn50877085 ; 10.7303/syn50877085) 21 and CIRCA COVID-19 C"
"208","16","pmc:PMC10236395","syn50877085","se:syn50877085 ; 10.7303/syn50877085) 21 and the CIRCA COVID-"
"209","16","pmc:PMC10236395","syn50877085","se:syn50877085 ; 10.7303/syn50877085) 21 . However, anyone ca"
"210","16","pmc:PMC10236395","syn50877085","20–2021) Synapse 10.7303/syn50877085 22. Hubert M Van der Vee"
"211","16","pmc:PMC10238095","syn2623706","ww.synapse.org/#!Synapse:syn2623706 ). Tumor neoantigen sign"
"212","16","pmc:PMC10239491","syn7222066","ww.synapse.org/#!Synapse:syn7222066/wiki/405659 . Data for t"
"213","16","pmc:PMC10242325","syn12009743","ures V3, synapse.org ID: syn12009743) and from Li et al. 19 2"
"214","16","pmc:PMC10245417","syn5613802","ww.synapse.org/#!Synapse:syn5613802 . Differential acetylate"
"215","16","pmc:PMC10245417","syn5613802","ww.synapse.org/#!Synapse:syn5613802 , and reads in peaks def"
"216","16","pmc:PMC10246028","syn16780177","irst dataset ( BA9 , ID: syn16780177) consisted of 24 subject"
"217","16","pmc:PMC10246028","syn18485175","ond dataset ( BA10 , ID: syn18485175) consisted of 48 subject"
"218","16","pmc:PMC10246028","syn21670836","d dataset ( BA9-46 , ID: syn21670836) consisted of 32 subject"
"219","16","pmc:PMC10246028","syn12514624","aset ( BA9-46-Micro, ID: syn12514624) was a microglia only da"
"220","16","pmc:PMC10246028","syn3157322","AD knowledge portal (ID: syn3157322). The variable cogdx was"
"221","16","pmc:PMC10246227","syn26223298","Bionetworks (accession: syn26223298 ). Nuclei by gene matric"
"222","16","pmc:PMC10246587","syn21048999",".synapse.org/#! Synapse: syn21048999/wiki/603788 ). Reference"
"223","16","pmc:PMC10257663","syn51239112","ailable under Synapse ID syn51239112 . Specifically, the AU56"
"224","16","pmc:PMC10257663","syn51239569","ailable under Synapse ID syn51239569 . Cell cycle durations i"
"225","16","pmc:PMC10257663","syn51359628","ailable under Synapse ID syn51359628 . AU565 drug combination"
"226","16","pmc:PMC10257663","syn51239601","ailable under Synapse ID syn51239601 . HCC1143 single drug tr"
"227","16","pmc:PMC10257663","syn51239126","ailable under Synapse ID syn51239126 . 21MT1 single drug trea"
"228","16","pmc:PMC10257663","syn51239113","ailable under Synapse ID syn51239113 . MDAMB157 single drug t"
"229","16","pmc:PMC10257663","syn51239135","ailable under Synapse ID syn51239135 . The live-cell image da"
"230","16","pmc:PMC10258469","syn35874390","are available in Synapse syn35874390 found here. Access to th"
"231","16","pmc:PMC10258469","syn35874390","Synapse data repository syn35874390. The validation cohort i"
"232","16","pmc:PMC10258469","syn35874390","Synapse data repository syn35874390. Source Data for b are p"
"233","16","pmc:PMC10258469","syn35874390","data matrix provided in syn35874390 but filtered for the 62"
"234","16","pmc:PMC10258469","syn35874390","le in Synapse repository syn35874390. Synapse can be accessed"
"235","16","pmc:PMC10258469","syn35874390","ww.synapse.org/#!Synapse:syn35874390. . Code availability Cod"
"236","16","pmc:PMC10259480","syn35798807","https://doi.org/10.7303/syn35798807.1 . The following datase"
"237","16","pmc:PMC10259480","syn35798807","and glia Synapse 10.7303/syn35798807.1 The following previous"
"238","16","pmc:PMC10259480","syn18485175","0) Study Synapse 10.7303/syn18485175 Grubman, et al 2019 A si"
"239","16","pmc:PMC10259480","syn7274101","auopathy Synapse 10.7303/syn7274101 Van de Sande B 2020 pySC"
"240","16","pmc:PMC10267126","syn43685982","ognition Synapse 10.7303/syn43685982.2 52. Behnke, M., Buchwa"
"241","16","pmc:PMC10272561","syn18485175","om the Synapse database (syn18485175). Table 1 Public transcr"
"242","16","pmc:PMC10272561","syn18485175","and neuron percentage in syn18485175 snRNA-seq samples. (D, E"
"243","16","pmc:PMC10272561","syn18485175","ht primary cell types in syn18485175 snRNA-seq. Ex, excitator"
"244","16","pmc:PMC10272561","syn18485175","ww.synapse.org/#!Synapse:syn18485175 . Author contributions S"
"245","16","pmc:PMC10274725","syn26465623","ww.synapse.org/#!Synapse:syn26465623 { Varn, 2022 }. We inclu"
"246","16","pmc:PMC10274943","syn25878459","d Aging Project (ROSMAP- syn25878459) and MAYO (syn26427298)."
"247","16","pmc:PMC10274943","syn26427298","- syn25878459) and MAYO (syn26427298). For CSF, the discovery"
"248","16","pmc:PMC10274943","syn25878459","ww.synapse.org/#!Synapse:syn25878459 ; Metabolomics data from"
"249","16","pmc:PMC10274943","syn26427298","ww.synapse.org/#!Synapse:syn26427298 . References 1. Shin S."
"250","16","pmc:PMC10278156","syn3219045","ww.synapse.org/#!Synapse:syn3219045 ; https://www.synapse.or"
"251","16","pmc:PMC10278156","syn18485175","ww.synapse.org/#!Synapse:syn18485175 ). The program used to a"
"252","16","pmc:PMC10280644","syn3193805","ww.synapse.org/#!Synapse:syn3193805/wiki/218292 ). A total o"
"253","16","pmc:PMC10280644","syn3193805","ww.synapse.org/#!Synapse:syn3193805/files/ . - Image Net: Im"
"254","16","pmc:PMC10280841","syn3388564","ned (Synapse doi:10.7303/syn3388564), and genes with at leas"
"255","16","pmc:PMC10280841","syn3219045","wledgeprotal.synapse.org/syn3219045) and the scRNA-seq datas"
"256","16","pmc:PMC10280841","syn29651620","nd analyzed (synapse.org/syn29651620). Declarations Ethics ap"
"257","16","pmc:PMC10287567","syn21041850","ww.synapse.org/#!Synapse:syn21041850 , https://data.humancell"
"258","16","pmc:PMC10288858","syn9702085",".org ), accession number syn9702085, and the GEO ( https://w"
"259","16","pmc:PMC10291472","syn7067053","https://doi.org/10.7303/syn7067053 Software and algorithms"
"260","16","pmc:PMC10291472","syn7067053","ata from, 18 SynapseID - syn7067053 collected from 5 Chimpan"
"261","16","pmc:PMC10294276","syn26485918","able at Synapse, 10.7303/syn26485918 . References 1 Cui J , L"
"262","16","pmc:PMC10296721","syn24175555","in RNA-seq datasets (ID: syn24175555 and syn8612097) [ 33 ] t"
"263","16","pmc:PMC10296721","syn8612097","ets (ID: syn24175555 and syn8612097) [ 33 ] together with cl"
"264","16","pmc:PMC10297489","syn22159468","https://doi.org/10.7303/syn22159468 , accessed on 1 June 202"
"265","16","pmc:PMC10297489","syn22159468","/www.synapse.org/Synapse:syn22159468 (accessed on 1 June 2023"
"266","16","pmc:PMC10300032","syn19987071","rtal.org ) for the MSBB (syn19987071), Mayo (syn19989379) and"
"267","16","pmc:PMC10300032","syn19989379","SBB (syn19987071), Mayo (syn19989379) and ROS/MAP (syn2006854"
"268","16","pmc:PMC10300032","syn20068543","yn19989379) and ROS/MAP (syn20068543) cohorts. Mitochondrial"
"269","16","pmc:PMC10300032","syn25927578","tal with data identifier syn25927578 at https://doi.org/10.73"
"270","16","pmc:PMC10300032","syn2580853","https://doi.org/10.7303/syn2580853 . Competing interests GM"
"271","16","pmc:PMC10300551","syn22131046","wnloaded from Synapse ID syn22131046. Polyadenylation sites 9"
"272","16","pmc:PMC10306300","syn31481952","https://doi.org/10.7303/syn31481952.5 ). The demographics an"
"273","16","pmc:PMC10306300","syn31488784","https://doi.org/10.7303/syn31488784 ) and the INCLUDE Data H"
"274","16","pmc:PMC10306300","syn31488780","https://doi.org/10.7303/syn31488780 ), the INCLUDE Data Hub,"
"275","16","pmc:PMC10306300","syn31475487","https://doi.org/10.7303/syn31475487 ) and the INCLUDE Data H"
"276","16","pmc:PMC10306300","syn31488781","https://doi.org/10.7303/syn31488781 ). Plasma metabolomics d"
"277","16","pmc:PMC10306300","syn31488782","https://doi.org/10.7303/syn31488782 ), Metabolomics Workbenc"
"278","16","pmc:PMC10306300","syn31488783","https://doi.org/10.7303/syn31488783 ) and FlowRepository (st"
"279","16","pmc:PMC10308376","syn2580853","ww.synapse.org/#!Synapse:syn2580853 2 http://www.r-project.o"
"280","16","pmc:PMC10311304","syn4231880","e (DOI of DREAM: 10.7303/syn4231880 ; DOI of the NCI-ALMANAC"
"281","16","pmc:PMC10315586","syn4588488","ABA 5 24.6 (3.7) 5 (100) syn4588488 (24) Synpase 450 K GLU 5"
"282","16","pmc:PMC10315586","syn4588488","GLU 5 24.6 (3.7) 5 (100) syn4588488 Synpase 450 K Microglia"
"283","16","pmc:PMC10315586","syn4588488",") with accession number syn4588488. The HiBED package is pu"
"284","16","pmc:PMC10317018","syn5647810","lenge through Synapse ID syn5647810. The numerical calculati"
"285","16","pmc:PMC10326379","syn18485175","9 Mathys et al., 2019 10 syn18485175 Human Autism spectrum di"
"286","16","pmc:PMC10326379","syn21670836","020 Zhou et al., 2020 11 syn21670836 Mouse 5XFAD snRNA-seq 20"
"287","16","pmc:PMC10326379","syn21670836","020 Zhou et al., 2020 11 syn21670836 Human Alzheimer’s Diseas"
"288","16","pmc:PMC10327246","syn26706790","ww.synapse.org/#!Synapse:syn26706790 ) which specifies the ch"
"289","16","pmc:PMC10327246","syn11726618","ww.synapse.org/#!Synapse:syn11726618 ), using12 known mutatio"
"290","16","pmc:PMC10327246","syn11801497","ww.synapse.org/#!Synapse:syn11801497 ). Specifically, we appl"
"291","16","pmc:PMC10329279","syn21478998","itis. 2020:1–19. 10.7303/syn21478998 . Dimitrovsky I Ericson"
"292","16","pmc:PMC10329279","syn21478998","hritis 2020 1 19 10.7303/syn21478998 [46] Helwan A, Tantua DP"
"293","16","pmc:PMC10352249","syn51691297","se under the project ID: syn51691297 . Source data are provid"
"294","16","pmc:PMC10352362","syn2623706","ww.synapse.org/#!Synapse:syn2623706 ]. The Cancer hallmark g"
"295","16","pmc:PMC10353192","syn47199836","https://doi.org/10.7303/syn47199836 [ 5 ] Data file 1 mr-dic"
"296","16","pmc:PMC10353192","syn4719361","https://doi.org/10.7303/syn4719361 [ 6 ] Data file 2 mr-mun"
"297","16","pmc:PMC10353192","syn47194116","https://doi.org/10.7303/syn47194116 [ 7 ] Data file 3 mr-fed"
"298","16","pmc:PMC10353192","syn47194124","https://doi.org/10.7303/syn47194124 [ 8 ] Data file 4 mr-ext"
"299","16","pmc:PMC10353192","syn47028493","https://doi.org/10.7303/syn47028493 [ 9 ] Data file 5 mr-loa"
"300","16","pmc:PMC10353192","syn47028485","https://doi.org/10.7303/syn47028485 [ 10 ] Data file 6 mr-ut"
"301","16","pmc:PMC10353192","syn47199024","https://doi.org/10.7303/syn47199024 [ 11 ] This dataset and"
"302","16","pmc:PMC10353192","syn26343262","https://doi.org/10.7303/syn26343262 ). The individual data f"
"303","16","pmc:PMC10353192","syn25882127","Cruz (Fiocruz). 10.7303/syn25882127. https://pcdas.icict.fio"
"304","16","pmc:PMC10353192","syn47199836","ww.synapse.org/#!Synapse:syn47199836 Accessed 04 May 2023. 6."
"305","16","pmc:PMC10353192","syn47193617","ww.synapse.org/#!Synapse:syn47193617 Accessed 04 May 2023. 7."
"306","16","pmc:PMC10353192","syn47194116","ww.synapse.org/#!Synapse:syn47194116 Accessed 04 May 2023. 8."
"307","16","pmc:PMC10353192","syn47194124","ww.synapse.org/#!Synapse:syn47194124 Accessed 04 May 2023. 9."
"308","16","pmc:PMC10353192","syn47028493","ww.synapse.org/#!Synapse:syn47028493 Accessed 04 May 2023. 10"
"309","16","pmc:PMC10353192","syn47028485","ww.synapse.org/#!Synapse:syn47028485 Accessed 04 May 2023. 11"
"310","16","pmc:PMC10353192","syn47199024","ww.synapse.org/#!Synapse:syn47199024 Accessed 04 May 2023."
"311","16","pmc:PMC10353942","syn51272688","ww.synapse.org/#!Synapse:syn51272688 ). The data are availabl"
"312","16","pmc:PMC10360115","syn21088596","d Aging Project dataset (syn21088596) (Raj et al., 2018) usin"
"313","16","pmc:PMC10360316","syn34388051","https://doi.org/10.7303/syn34388051.1 . Table 1 Overview of"
"314","16","pmc:PMC10360316","syn32209177","https://doi.org/10.7303/syn32209177.1 [ 5 ] Dataset 2 CNES E"
"315","16","pmc:PMC10360316","syn32208612","https://doi.org/10.7303/syn32208612.1 [ 6 ] Dataset 3 CNES P"
"316","16","pmc:PMC10360316","syn32210090","https://doi.org/10.7303/syn32210090.1 [ 7 ] Dataset 4 CNES S"
"317","16","pmc:PMC10360316","syn32211006","https://doi.org/10.7303/syn32211006.1 [ 8 ] Dataset 5 CNES T"
"318","16","pmc:PMC10360316","syn32207908","https://doi.org/10.7303/syn32207908.1 [ 9 ] Data file 1 cnes"
"319","16","pmc:PMC10360316","syn32167629","https://doi.org/10.7303/syn32167629.1 [ 10 ] Data file 2 cne"
"320","16","pmc:PMC10360316","syn32167630","https://doi.org/10.7303/syn32167630.1 [ 11 ] Data file 3 cne"
"321","16","pmc:PMC10360316","syn32167631","https://doi.org/10.7303/syn32167631.1 [ 12 ] Data file 4 cne"
"322","16","pmc:PMC10360316","syn32167632","https://doi.org/10.7303/syn32167632.1 [ 13 ] Data file 5 cne"
"323","16","pmc:PMC10360316","syn32167633","https://doi.org/10.7303/syn32167633.1 [ 14 ] Data file 6 CNE"
"324","16","pmc:PMC10360316","syn34388050","https://doi.org/10.7303/syn34388050.2 [ 15 ] Data file 7 ETL"
"325","16","pmc:PMC10360316","syn34388051","https://doi.org/10.7303/syn34388051.1 [ 16 ] The constructed"
"326","16","pmc:PMC10360316","syn26343275","https://doi.org/10.7303/syn26343275 . 2 Available at ftp://f"
"327","16","pmc:PMC10360316","syn26343275","https://doi.org/10.7303/syn26343275 . Publisher's Note Sprin"
"328","16","pmc:PMC10360316","syn26343275","https://doi.org/10.7303/syn26343275 . Anyone can browse the"
"329","16","pmc:PMC10360316","syn32209177","ogether by PCDaS 10.7303/syn32209177.1 6. Dataset CNES Equipm"
"330","16","pmc:PMC10360316","syn32208612","ogether by PCDaS 10.7303/syn32208612.1 7. Dataset CNES Profes"
"331","16","pmc:PMC10360316","syn32210090","ogether by PCDaS 10.7303/syn32210090.1 8. Dataset CNES Servic"
"332","16","pmc:PMC10360316","syn32211006","ogether by PCDaS 10.7303/syn32211006.1 9. Dataset CNES Teams"
"333","16","pmc:PMC10360316","syn32207908","ogether by PCDaS 10.7303/syn32207908.1 10. Dictionary CNES Be"
"334","16","pmc:PMC10360316","syn32167629","ogether by PCDaS 10.7303/syn32167629.1 11. Dictionary CNES Eq"
"335","16","pmc:PMC10360316","syn32167630","ogether by PCDaS 10.7303/syn32167630.1 12. Dictionary CNES Pr"
"336","16","pmc:PMC10360316","syn32167631","ogether by PCDaS 10.7303/syn32167631.1 13. Dictionary CNES Se"
"337","16","pmc:PMC10360316","syn32167632","ogether by PCDaS 10.7303/syn32167632.1 14. Dictionary CNES Te"
"338","16","pmc:PMC10360316","syn32167633","ogether by PCDaS 10.7303/syn32167633.1 15. Report of the CNES"
"339","16","pmc:PMC10360316","syn34388050","by PCDaS. 2022. 10.7303/syn34388050.2. 16. Example of the CN"
"340","16","pmc:PMC10360316","syn34388051","r by PCDaS 2022. 10.7303/syn34388051.1. 17. Fernandes Santos"
"341","16","pmc:PMC10386887","syn3163039","pathologic aging brains (syn3163039; syn5550404). Multivaria"
"342","16","pmc:PMC10386887","syn5550404","ging brains (syn3163039; syn5550404). Multivariable linear r"
"343","16","pmc:PMC10386887","syn18485175",", we used Mathys et al. (syn18485175) ( 35 ) single-nuclei tr"
"344","16","pmc:PMC10387117","syn21041850","04082 14 , GSE171524 3 , syn21041850 15 . For all datasets, h"
"345","16","pmc:PMC10387117","syn21041850","rg under accession code “syn21041850 [ https://www.synapse.or"
"346","16","pmc:PMC10387117","syn21041850","ww.synapse.org/#!Synapse:syn21041850 ]”. The LungMAP CCHMC an"
"347","16","pmc:PMC10391684","syn21861229","ww.synapse.org/#!Synapse:syn21861229 , using CD49 positive sa"
"348","16","pmc:PMC10391960","syn22255433","ww.synapse.org/#!Synapse:syn22255433/wiki/604556 and was gene"
"349","16","pmc:PMC10394903","syn2580853","(ROSMAP). 2023. 10.7303/syn2580853. 53. Avila Cobos F. Deco"
"350","16","pmc:PMC10399592","syn4976363","al Bayes++) (synapse ID: syn4976363). Expression levels were"
"351","16","pmc:PMC10401032","syn2623706","from Synapse, Synapse ID syn2623706) datasets were normalize"
"352","16","pmc:PMC10401760","syn17038081",".synapse.org/#!Synapse : syn17038081/wiki/585,622, retrieved"
"353","16","pmc:PMC10401760","syn17038081","w.synapse.org/#! Synapse:syn17038081/ wiki/585,622) and the S"
"354","16","pmc:PMC10401923","syn26848022","ww.synapse.org/#!Synapse:syn26848022/files/ A list of all acr"
"355","16","pmc:PMC10402031","syn18485175","downloaded from Synapse (syn18485175 and syn21670836), and th"
"356","16","pmc:PMC10402031","syn21670836","Synapse (syn18485175 and syn21670836), and the data from the"
"357","16","pmc:PMC10402094","syn25683364","to LRGASP participants (syn25683364). In addition to genomic"
"358","16","pmc:PMC10402180","syn25575156","uted Target Risk Scores (syn25575156, v13), genetic risk scor"
"359","16","pmc:PMC10402180","syn26844312","3), genetic risk scores (syn26844312, v6), and multi-omics ri"
"360","16","pmc:PMC10402180","syn22758536","multi-omics risk scores (syn22758536, v9), were downloaded fr"
"361","16","pmc:PMC10402214","syn26446587","ww.synapse.org/#!Synapse:syn26446587 An interactive view of A"
"362","16","pmc:PMC10403526","syn32672593","22 and Synapse: 10.7303/syn32672593; these data include Leve"
"363","16","pmc:PMC10403526","syn32672684","intensities (Synapse ID: syn32672684), Level 2 data on peptid"
"364","16","pmc:PMC10403526","syn32672825","across sets (Synapse ID: syn32672825) and Level 3 data (Synap"
"365","16","pmc:PMC10403526","syn32672858","evel 3 data (Synapse ID: syn32672858) in which protein level"
"366","16","pmc:PMC10403526","syn32672684","1 (available on Synapse: syn32672684 23 ) data were generated"
"367","16","pmc:PMC10403526","syn32672825","ta available on Synapse: syn32672825 & syn32672858 23 , respe"
"368","16","pmc:PMC10403526","syn32672858","n Synapse: syn32672825 & syn32672858 23 , respectively). Leve"
"369","16","pmc:PMC10403526","syn32672593","d models Synapse 10.7303/syn32672593 24. Willyard C New human"
"370","16","pmc:PMC10409573","syn26365932","onsortium. Visit 10.7303/syn26365932 for a complete list of g"
"371","16","pmc:PMC10412409","syn22213200","https://doi.org/10.7303/syn22213200 . The preprocessed versi"
"372","16","pmc:PMC10412627","syn51929806","ww.synapse.org/#!Synapse:syn51929806 ). Data can be found at"
"373","16","pmc:PMC10412627","syn52047798","ww.synapse.org/#!Synapse:syn52047798 . RNA-seq count data: ht"
"374","16","pmc:PMC10412627","syn51929900","ww.synapse.org/#!Synapse:syn51929900 . Metadata: https://www."
"375","16","pmc:PMC10412627","syn52050369","ww.synapse.org/#!Synapse:syn52050369 . A data use agreement i"
"376","16","pmc:PMC10412668","syn45351388","re available at Synapse (syn45351388; 10.7303/syn45351388). I"
"377","16","pmc:PMC10412668","syn45351388","se (syn45351388; 10.7303/syn45351388). Interactive data visua"
"378","16","pmc:PMC10415210","syn51794252","ww.synapse.org/#!Synapse:syn51794252/ . Ethics statement The"
"379","16","pmc:PMC10415210","syn21676145","myoatlas) , Synapse. v1. syn21676145 (syn51119242). Petrof B."
"380","16","pmc:PMC10415210","syn51119242","ynapse. v1. syn21676145 (syn51119242). Petrof B. J. Shrager J"
"381","16","pmc:PMC10415334","syn18642926","ynapse (accession number syn18642926). The panel and R script"
"382","16","pmc:PMC10415381","syn21261143","ccession codes GSE157827 syn21261143 syn22079621 PBMCs from B"
"383","16","pmc:PMC10415381","syn22079621","es GSE157827 syn21261143 syn22079621 PBMCs from Blish lab GSE"
"384","16","pmc:PMC10415381","syn21261143","e, including GSE157827 , syn21261143 , syn22079621 , COVID-19"
"385","16","pmc:PMC10415381","syn22079621","SE157827 , syn21261143 , syn22079621 , COVID-19 Peripheral Bl"
"386","16","pmc:PMC10418231","syn21347197","tained from Synapse (ID: syn21347197). This data encompasses"
"387","16","pmc:PMC10432546","syn22079621","ww.synapse.org/#!Synapse:syn22079621/wiki/603535 . Processed"
"388","16","pmc:PMC10433568","syn23627957","ww.synapse.org/#!Synapse:syn23627957 and the plasma dataset c"
"389","16","pmc:PMC10436389","syn11761189","ww.synapse.org/#!Synapse:syn11761189.6 ), which describe the"
"390","16","pmc:PMC10436507","syn52165181","pse, under Project SynID syn52165181. Ethics statement This s"
"391","16","pmc:PMC10440785","syn20692755","lenge through Synapse ID syn20692755 ( 15 ). In the experimen"
"392","16","pmc:PMC10441303","syn52047893","www.synapse.org/#Synapse:syn52047893 . Raw long-read RNAseq d"
"393","16","pmc:PMC10441303","syn17015098","ww.synapse.org/#!Synapse:syn17015098 GTEx long-read RNAseq da"
"394","16","pmc:PMC10441303","syn21589959","www.synapse.org/#Synapse:syn21589959 Code availability All co"
"395","16","pmc:PMC10441762","syn30866487",", Data reference number: syn30866487). The AD Knowledge Porta"
"396","16","pmc:PMC10445840","syn25887675","https://doi.org/10.7303/syn25887675 . This atlas can support"
"397","16","pmc:PMC10445840","syn23747212","https://doi.org/10.7303/syn23747212 . Access requires regist"
"398","16","pmc:PMC10445840","syn25887675","https://doi.org/10.7303/syn25887675 . It is necessary to cre"
"399","16","pmc:PMC10447420","syn38187184","chnology Synapse 10.7303/syn38187184 51. Tidepool. https://ww"
"400","16","pmc:PMC10447532","syn20821165","ww.synapse.org/#!Synapse:syn20821165/wiki/603119 . Competing"
"401","16","pmc:PMC10449643","syn51376668","ww.synapse.org/#!Synapse:syn51376668 . Author contributions M"
"402","16","pmc:PMC10461976","syn51072171","https://doi.org/10.7303/syn51072171.1 . The source bulk RNA-"
"403","16","pmc:PMC10462057","syn3505720","owledge Portal (ROS/MAP: syn3505720). ROS and MAP cohort sam"
"404","16","pmc:PMC10462057","syn25686500","tal via accession number syn25686500 and in sources outlined"
"405","16","pmc:PMC10462195","syn51236902","available at Synapse ID: syn51236902. Supplementary Tables ar"
"406","16","pmc:PMC10462195","syn51369737","available on Synapse at syn51369737. References 1. Huang L.K"
"407","16","pmc:PMC10462231","syn3388564","– AD 42 with Synapse IDs syn3388564 (bulk RNA–seq) and syn58"
"408","16","pmc:PMC10462231","syn5850422","88564 (bulk RNA–seq) and syn5850422 (DNA methylation), using"
"409","16","pmc:PMC10462231","syn3388564",".org/ , with Synapse IDs syn3388564 (bulk RNA-seq) and syn58"
"410","16","pmc:PMC10462231","syn5850422","88564 (bulk RNA-seq) and syn5850422 (DNA methylation). Acces"
"411","16","pmc:PMC10462763","syn21438358","ww.synapse.org/#!Synapse:syn21438358 ), a k integration param"
"412","16","pmc:PMC10465358","syn51422003","ww.synapse.org/#!Synapse:syn51422003 . Source data are provid"
"413","16","pmc:PMC10467431","syn21048999","ww.synapse.org/#!Synapse:syn21048999 ). In particular, the id"
"414","16","pmc:PMC10469413","syn35874390","Biobank (Project synID: syn35874390) [ 4 ] was performed ( F"
"415","16","pmc:PMC10471569","syn50678640","ww.synapse.org/#!Synapse:syn50678640 ). Collection of these d"
"416","16","pmc:PMC10471569","syn50678294","Release v 13.0 , 10.7303/syn50678294 (2023). 4. Farkas, L. An"
"417","16","pmc:PMC10472103","syn27056172","ww.synapse.org/#!Synapse:syn27056172/wiki/616601 ) and can be"
"418","16","pmc:PMC10472103","syn26706786","ww.synapse.org/#!Synapse:syn26706786 ). Somatic oncogenic and"
"419","16","pmc:PMC10472103","syn27056172","ww.synapse.org/#!Synapse:syn27056172/wiki/616601 . The data c"
"420","16","pmc:PMC10474289","syn2177211","ww.synapse.org/#!Synapse:syn2177211 ). Read trimming, read a"
"421","16","pmc:PMC10481165","syn2580853","25219 GSE97942 GSE130105 syn2580853 GSE120046 GSE97930 GSE14"
"422","16","pmc:PMC10481165","syn11468526","0105 GSE120046 GSE135618 syn11468526 GSE63060 GSE83931 GSE137"
"423","16","pmc:PMC10481165","syn18485175","7766 GSE104775 GSE140511 syn18485175 GSE138852 GSE140511 syn2"
"424","16","pmc:PMC10481165","syn21125841","5175 GSE138852 GSE140511 syn21125841 GSE182762 GSE98971 GSE14"
"425","16","pmc:PMC10481165","syn10934660","8971 GSE140511 GSE138852 syn10934660 syn11209141 syn3159438 s"
"426","16","pmc:PMC10481165","syn11209141","11 GSE138852 syn10934660 syn11209141 syn3159438 syn7392158 sy"
"427","16","pmc:PMC10481165","syn3159438","syn10934660 syn11209141 syn3159438 syn7392158 syn3157743 sy"
"428","16","pmc:PMC10481165","syn7392158","0 syn11209141 syn3159438 syn7392158 syn3157743 syn4645334 sy"
"429","16","pmc:PMC10481165","syn3157743","41 syn3159438 syn7392158 syn3157743 syn4645334 syn10901600 s"
"430","16","pmc:PMC10481165","syn4645334","38 syn7392158 syn3157743 syn4645334 syn10901600 syn5759470 G"
"431","16","pmc:PMC10481165","syn10901600","58 syn3157743 syn4645334 syn10901600 syn5759470 GSE104775 GSE"
"432","16","pmc:PMC10481165","syn5759470","3 syn4645334 syn10901600 syn5759470 GSE104775 GSE127893 GSE1"
"433","16","pmc:PMC10481165","syn18485175","et al., 2020 ; Table 1 , syn18485175, GSE140511). Oligodendro"
"434","16","pmc:PMC10481165","syn21125841","et al., 2020 ; Table 1 , syn21125841). Sex-specific transcrip"
"435","16","pmc:PMC10481165","syn18485175","et al., 2019 ; Table 1 , syn18485175). A snRNAseq comparative"
"436","16","pmc:PMC10491382","syn21241740","ww.synapse.org/#!Synapse:syn21241740 [ Accessed August 21, 20"
"437","16","pmc:PMC10491684","syn51180043","apse platform at 10.7303/syn51180043.2. Background & Summary"
"438","16","pmc:PMC10491684","syn7392158","backend Synapse 10.7303/syn7392158 22. Fillenbaum GG Consor"
"439","16","pmc:PMC10491684","syn2580853","backend Synapse 10.7303/syn2580853 47. Wang M 2018 AD Knowl"
"440","16","pmc:PMC10491684","syn10901600","backend Synapse 10.7303/syn10901600 48. Li L SMAP is a pipel"
"441","16","pmc:PMC10491694","syn21680292","ww.synapse.org/#!Synapse:syn21680292/wiki/601563 . Publisher'"
"442","16","pmc:PMC10492838","syn21041850","Human Lung Cell Atlas ( syn21041850 ) 29 . Code availability"
"443","16","pmc:PMC10495446","syn25671079","D-BRAIN) Synapse 10.7303/syn25671079 64. Maris E Oostenveld R"
"444","16","pmc:PMC10497992","syn26133773","tps://dx.doi.org/10.7303/syn26133773 ( Cummins et al., 2021 )"
"445","16","pmc:PMC10497992","syn32773308","https://doi.org/10.7303/syn32773308 ( Ouyang et al., 2022 )."
"446","16","pmc:PMC10498615","syn5842535","ww.synapse.org/#!Synapse:syn5842535 [ 5 ]. The original vers"
"447","16","pmc:PMC10498615","syn5842535","LIBD-WGBS, 2016. 10.7303/syn5842535 . Accessed 08 Apr 2022."
"448","16","pmc:PMC10498615","syn4921369","WGBS-SCZD, 2021. 10.7303/syn4921369 . Accessed 18 Jul 2023."
"449","16","pmc:PMC10499619","syn52222896","e.org/ ), project SynID: syn52222896 . Ethics statement The s"
"450","16","pmc:PMC10499828","syn51314365","ww.synapse.org/#!Synapse:syn51314365/files/ ” and the code av"
"451","16","pmc:PMC10499989","syn7214402","ww.synapse.org/#!Synapse:syn7214402 ]; variants called by tw"
"452","16","pmc:PMC10500750","syn5550404","RNAseq study (accession syn5550404; 10.1038/sdata.2016.89),"
"453","16","pmc:PMC10500750","syn3159438","(MSBB) study (accession syn3159438; 10.1038/sdata.2018.185)"
"454","16","pmc:PMC10500750","syn3159438","ROSMAP) Study (accession syn3159438; 10.1038/mp.2017.20). Th"
"455","16","pmc:PMC10504083","syn51150434","ed at Synapse at 10.7303/syn51150434. These data include raw,"
"456","16","pmc:PMC10507917","syn4164376","ww.synapse.org/#!Synapse:syn4164376 and https://github.com/e"
"457","16","pmc:PMC10507917","syn4164376","-AD) portal (Synapse ID: syn4164376 ) [ 24 ]. Aligned bam fi"
"458","16","pmc:PMC10507917","syn3157743","P-AD portal (Synapse ID: syn3157743 ) [ 26 ]. The data were"
"459","16","pmc:PMC10507917","syn4164376","P-AD portal (Synapse ID: syn4164376 ) [ 24 ]. ROSMAP IHC mea"
"460","16","pmc:PMC10507917","syn3157743","P-AD portal (Synapse ID: syn3157743 ) [ 26 ]. The Boston Uni"
"461","16","pmc:PMC10510131","syn20933797","loaded from Synapse (ID: syn20933797) [ 18 ]. Raw data was se"
"462","16","pmc:PMC10510131","syn52087674","Synapse, Project SynID: syn52087674 (10.7303/syn52087674). D"
"463","16","pmc:PMC10510131","syn52087674","ID: syn52087674 (10.7303/syn52087674). Declarations Ethics ap"
"464","16","pmc:PMC10511325","syn11855121","ww.synapse.org/#!Synapse:syn11855121/wiki/513724 . Study desi"
"465","16","pmc:PMC10511325","syn51570682","ww.synapse.org/#!Synapse:syn51570682/wiki/ . The analysis dat"
"466","16","pmc:PMC10511325","syn51570682","ww.synapse.org/#!Synapse:syn51570682/datasets/ . This dataset"
"467","16","pmc:PMC10511325","syn51570682","ww.synapse.org/#!Synapse:syn51570682/ . Competing interests T"
"468","16","pmc:PMC10511328","syn51570682","ww.synapse.org/#!Synapse:syn51570682/wiki/ . The analysis dat"
"469","16","pmc:PMC10511328","syn51570682","ww.synapse.org/#!Synapse:syn51570682/datasets/ . This dataset"
"470","16","pmc:PMC10511327","syn51570682","ww.synapse.org/#!Synapse:syn51570682/wiki/ . For data request"
"471","16","pmc:PMC10511327","syn51570682","ww.synapse.org/#!Synapse:syn51570682/datasets/ . This dataset"
"472","16","pmc:PMC10512627","syn51061925","https://doi.org/10.7303/syn51061925 [ 44 ] on Synapse. Decla"
"473","16","pmc:PMC10512627","syn51061925","ers Synapse 2023 10.7303/syn51061925 36811190 45. Watson CT C"
"474","16","pmc:PMC10514332","syn26720761","-6951 32 , GSE45270 30 , syn26720761 and TCGA-COAD 8 ), were"
"475","16","pmc:PMC10514332","syn26720761","with rma() function. For syn26720761, processed TPM matrix wa"
"476","16","pmc:PMC10516495","syn38187184","https://doi.org/10.7303/syn38187184 . Supplementary Material"
"477","16","pmc:PMC10518080","syn51671684","data repository (SynID: syn51671684) or are available upon r"
"478","16","pmc:PMC10519377","syn22079621","ww.synapse.org/#!Synapse:syn22079621/ ). Comprehensive detail"
"479","16","pmc:PMC10535074","syn25686500","portal accession number syn25686500. ADSP data are available"
"480","16","pmc:PMC10539500","syn52256644","ww.synapse.org/#!Synapse:syn52256644 ). The publicly availabl"
"481","16","pmc:PMC10543041","syn50996324","https://doi.org/10.7303/syn50996324 ). To identify the most"
"482","16","pmc:PMC10543041","syn50996324","https://doi.org/10.7303/syn50996324 ). Both meQTLs and eQTLs"
"483","16","pmc:PMC10543129","syn21048999","ww.synapse.org/#!Synapse:syn21048999 )’ ( Wells et al., 2020"
"484","16","pmc:PMC10543369","syn26465623","ww.synapse.org/#!Synapse:syn26465623 { Varn, 2022 }. We inclu"
"485","16","pmc:PMC10545814","syn23667436","ww.synapse.org/#!Synapse:syn23667436/files/ ) that contains m"
"486","16","pmc:PMC10545906","syn25927432","ww.synapse.org/#!Synapse:syn25927432 ). 37 The RNA sequencing"
"487","16","pmc:PMC10546724","syn50996869","apse.org , ProjectSynID: syn50996869). Access will be granted"
"488","16","pmc:PMC10547713","syn26707219","copy procedures. 10.7303/syn26707219 (2022). Synapse. b) Azag"
"489","16","pmc:PMC10547713","syn52137895","ww.synapse.org/#!Synapse:syn52137895 . Competing interests Th"
"490","16","pmc:PMC10547713","syn26707219","ocedures Synapse 10.7303/syn26707219 4. Maier-Hein L Heidelbe"
"491","16","pmc:PMC10547771","syn3388564","https://doi.org/10.7303/syn3388564 . The LMM pipeline for D"
"492","16","pmc:PMC10548686","syn21241740","sPage/StudyDetails?Study=syn21241740 . 73. Küçükali F, Sleege"
"493","16","pmc:PMC10556090","syn1710250","https://doi.org/10.7303/syn1710250 66 ). In this challenge,"
"494","16","pmc:PMC10558209","syn27130803","ww.synapse.org/#!Synapse:syn27130803/wiki/616705 8 https://ww"
"495","16","pmc:PMC10558435","syn20808171","https://doi.org/10.7303/syn20808171 . Competing interests Th"
"496","16","pmc:PMC10560417","syn35106206","https://doi.org/10.7303/syn35106206 . The qualitative data u"
"497","16","pmc:PMC10563262","syn51109429","ect URL to data: 10.7303/syn51109429.1 Label Name of data fil"
"498","16","pmc:PMC10563262","syn51109429","ry name: Synapse 10.7303/syn51109429.1 1 Data file 2 Data ide"
"499","16","pmc:PMC10563262","syn51109431","ry name: Synapse 10.7303/syn51109431 3 Survey results The stu"
"500","16","pmc:PMC10563262","syn38269688","apse] under [DOI 10.7303/syn38269688.1] after registration as"
"501","16","pmc:PMC10563262","syn51109429","National Survey. 10.7303/syn51109429.1. Retrieved May 19, 202"
"502","16","pmc:PMC10563262","syn51109431","rvey Instrument. 10.7303/syn51109431. Retrieved May 19, 2023."
"503","16","pmc:PMC10568487","syn2580853","https://doi.org/10.7303/syn2580853 ). ROSMAP Study data wer"
"504","16","pmc:PMC10570048","syn6131484","ww.synapse.org/#!Synapse:syn6131484/wiki/402034 ) was conduc"
"505","16","pmc:PMC10571258","syn30821562","ww.synapse.org/#!Synapse:syn30821562 (Mayo and Mt. Sinai gene"
"506","16","pmc:PMC10571470","syn51758773","under the accession code syn51758773 ( https://www.synapse.or"
"507","16","pmc:PMC10571470","syn51758773","ww.synapse.org/#!Synapse:syn51758773/ ). The analysis and vis"
"508","16","pmc:PMC10581603","syn1710464","ww.synapse.org/#!Synapse:syn1710464 18. Carter SL Cibulskis"
"509","16","pmc:PMC10592607","syn5613798","ww.synapse.org/#!Synapse:syn5613798 ) (See Table S10 for a s"
"510","16","pmc:PMC10592607","syn5613798","ww.synapse.org/#!Synapse:syn5613798 ). Then we used cutadapt"
"511","16","pmc:PMC10592607","syn5613798","ww.synapse.org/#!Synapse:syn5613798 ). This table includes a"
"512","16","pmc:PMC10592607","syn5613798","ww.synapse.org/#!Synapse:syn5613798 . All code, materials an"
"513","16","pmc:PMC10592607","syn51664324","ww.synapse.org/#!Synapse:syn51664324 . All data are available"
"514","16","pmc:PMC10592666","syn4921369","https://doi.org/10.7303/syn4921369 . References Abramov S ,"
"515","16","pmc:PMC10592962","syn52331899","https://doi.org/10.7303/syn52331899 - Interactive resources:"
"516","16","pmc:PMC10593028","syn52267265","ww.synapse.org/#!Synapse:syn52267265 and CTCF ChIP-seq on hum"
"517","16","pmc:PMC10593028","syn52264219","ww.synapse.org/#!Synapse:syn52264219 . Reprints and permissio"
"518","16","pmc:PMC10593028","syn52264219","ww.synapse.org/#!Synapse:syn52264219/wiki/623312 . Browsable"
"519","16","pmc:PMC10593028","syn52264219","he project repository at syn52264219. References 1. Nestler E"
"520","16","pmc:PMC10593042","syn27130806","ww.synapse.org/#!Synapse:syn27130806/wiki/616714 . 4.6 Model"
"521","16","pmc:PMC10593042","syn50613972","ww.synapse.org/#!Synapse:syn50613972/wiki/620396 ). Multiple"
"522","16","pmc:PMC10600242","syn50614194","search purposes: 10.7303/syn50614194. Table 1 The summary of"
"523","16","pmc:PMC10600242","syn50614194","pository (Project SynID: syn50614194) at the website 10.7303/"
"524","16","pmc:PMC10600242","syn50614194",") at the website 10.7303/syn50614194. As shown in Table 3 , t"
"525","16","pmc:PMC10600242","syn50614194","sets in Synapse (10.7303/syn50614194). The codes were develop"
"526","16","pmc:PMC10600242","syn50614194","dataset Synapse 10.7303/syn50614194 44. Zheng, W.-L. & Lu, B"
"527","16","pmc:PMC10600818","syn23627957","ww.synapse.org/#!Synapse:syn23627957 ) for plasma and brain,"
"528","16","pmc:PMC10602153","syn25686496","sPage/StudyDetails?Study=syn25686496 but further clinical inf"
"529","16","pmc:PMC10602154","syn52264219","ww.synapse.org/#!Synapse:syn52264219/wiki/623312. Browsable U"
"530","16","pmc:PMC10602154","syn52264219","he project repository at syn52264219. External validation set"
"531","16","pmc:PMC10602154","syn52267265","ww.synapse.org/#!Synapse:syn52267265 and CTCF ChIP-seq on hum"
"532","16","pmc:PMC10602154","syn52264219","ww.synapse.org/#!Synapse:syn52264219 . Reprints and permissio"
"533","16","pmc:PMC10602176","syn52138250","g data are available via syn52138250 at the AD Knowledge Port"
"534","16","pmc:PMC10602695","syn51475919","itory, accession numbers syn51475919 ( https://www.synapse.or"
"535","16","pmc:PMC10602695","syn20933797","e.org/B6xD2proteomics ), syn20933797 ( https://www.synapse.or"
"536","16","pmc:PMC10602695","syn25006611","pse.org/consensus ), and syn25006611 ( https://www.synapse.or"
"537","16","pmc:PMC10605063","syn2623706","ww.synapse.org/#!Synapse:syn2623706/files/ ) [ 7 ]. The Canc"
"538","16","pmc:PMC10605344","syn7824274","rom the Synapse project (syn7824274; https://www.synapse.org"
"539","16","pmc:PMC10605344","syn7824274","ww.synapse.org/#!Synapse:syn7824274 (accessed on 15 June 202"
"540","16","pmc:PMC10611347","syn3193805","ww.synapse.org/#!Synapse:syn3193805/wiki/217789 ) accessed o"
"541","16","pmc:PMC10611347","syn3193805","ww.synapse.org/#!Synapse:syn3193805/wiki/217789 accessed on"
"542","16","pmc:PMC10612362","syn3219045","ledge Portal (synapse ID syn3219045). A short description of"
"543","16","pmc:PMC10612362","syn3219045","ledge Portal (synapse ID syn3219045). ROSMAP resources and a"
"544","16","pmc:PMC10614458","syn26706564","ataset accession number: syn26706564; available from https://"
"545","16","pmc:PMC10614458","syn26706564","https://doi.org/10.7303/syn26706564 ) [ 13 ]. Six files incl"
"546","16","pmc:PMC10614458","syn26706564","https://doi.org/10.7303/syn26706564 , http://www.cbioportal."
"547","16","pmc:PMC10614458","syn26706564","database . Version 11.1. syn26706564. Available from: 10.7303"
"548","16","pmc:PMC10614458","syn26706564","Available from: 10.7303/syn26706564 . 14. Scarpa A , Chang D"
"549","16","pmc:PMC10615768","syn2759792","ww.synapse.org/#!Synapse:syn2759792/wiki/69613 . RNA-seq in"
"550","16","pmc:PMC10617196","syn22321061","ww.synapse.org/#!Synapse:syn22321061 [ 144 ], and the imputed"
"551","16","pmc:PMC10617196","syn23234712","ww.synapse.org/#!Synapse:syn23234712 [ 89 , 145 ]. ROSMAP Alz"
"552","16","pmc:PMC10617196","syn3388564","https://doi.org/10.7303/syn3388564 [ 55 ] and genotype can"
"553","16","pmc:PMC10617196","syn3157329","https://doi.org/10.7303/syn3157329 [ 55 ]. The processed ge"
"554","16","pmc:PMC10617196","syn22321061","ww.synapse.org/#!Synapse:syn22321061 . Accessed 25 Oct 2022."
"555","16","pmc:PMC10617196","syn23234712","reference panel. 10.7303/syn23234712. https://www.synapse.org"
"556","16","pmc:PMC10617196","syn23234712","ww.synapse.org/#!Synapse:syn23234712 . 146. Huang J, Sheng J,"
"557","16","pmc:PMC10619509","syn43162820","https://doi.org/10.7303/syn43162820 . 2 https://www.niaaa.ni"
"558","16","pmc:PMC10622416","syn3157182","the AD Knowledge Portal (syn3157182). Briefly, the dataset c"
"559","16","pmc:PMC10622416","syn51361408","pt landing page (10.7303/syn51361408). The bulk brain and sin"
"560","16","pmc:PMC10622416","syn5550404","seq study (accession ID: syn5550404 ) and the Mayo Clinic Br"
"561","16","pmc:PMC10622416","syn51298412","AD) study (accession ID: syn51298412) [10.7303/syn2580853]. T"
"562","16","pmc:PMC10622416","syn2580853","D: syn51298412) [10.7303/syn2580853]. The rTg4510 mouse RNAs"
"563","16","pmc:PMC10622416","syn3157182","ms) study (accession ID: syn3157182 ). All summary results f"
"564","16","pmc:PMC10622416","syn51671671","nowledge Portal (10.7303/syn51671671). The source code poweri"
"565","16","pmc:PMC10622416","syn51674938","nowledge Portal (10.7303/syn51674938). Competing interests Ma"
"566","16","pmc:PMC10623726","syn26844071","ase under accession code syn26844071 [ 30 ]. Single-cell data"
"567","16","pmc:PMC10623726","syn26844071","under the accession code syn26844071 ( https://www.synapse.or"
"568","16","pmc:PMC10623726","syn26844071","ww.synapse.org/#!Synapse:syn26844071/files/ ) [ 30 ]. For hum"
"569","16","pmc:PMC10623726","syn26844071","ww.synapse.org/#!Synapse:syn26844071/files/ . 31. Jiao A, Zha"
"570","16","pmc:PMC10623894","syn22213272","https://doi.org/10.7303/syn22213272 ). References Arain M ,"
"571","16","pmc:PMC10624900","syn34512705","pse under accession code syn34512705 under controlled use con"
"572","16","pmc:PMC10624900","syn34512705","t Synapse accession code syn34512705 and is available upon co"
"573","16","pmc:PMC10625629","syn21991014","va O et al. (Synapse ID: syn21991014; DOI: https://doi.org/10"
"574","16","pmc:PMC10625629","syn21991014","https://doi.org/10.7303/syn21991014 ) 13 . The combined pan-"
"575","16","pmc:PMC10625629","syn21991014","https://doi.org/10.7303/syn21991014 ), TISCH2, http://tisch."
"576","16","pmc:PMC10628938","syn21984813","th identification number syn21984813. References 1. Kourea HP"
"577","16","pmc:PMC10629206","syn17038081","ww.synapse.org/#!Synapse:syn17038081/wiki/585622 ). Declarati"
"578","16","pmc:PMC10629934","syn21048999","ww.synapse.org/#!Synapse:syn21048999 . References Calis JJA ,"
"579","16","pmc:PMC10634790","syn1757055","ww.synapse.org/#!Synapse:syn1757055 ; n=1,895). We took the"
"580","16","pmc:PMC10634977","syn52468155","repository (Synapse ID: syn52468155) by following instructio"
"581","16","pmc:PMC10634977","syn22345750","ww.synapse.org/#!Synapse:syn22345750 ); see Supplementary Tab"
"582","16","pmc:PMC10634977","syn24193163","ww.synapse.org/#!Synapse:syn24193163/files ) Code Availabilit"
"583","16","pmc:PMC10635399","syn3387325","ledge Portal on Synapse (syn3387325) ( www.synapse.org ). Th"
"584","16","pmc:PMC10635399","syn8456638","ledge Portal on Synapse (syn8456638) ( www.synapse.org ). Th"
"585","16","pmc:PMC10636288","syn2623706","w.synapse.org/#!Synapse: syn2623706/wiki/ ) (downloaded on 3"
"586","16","pmc:PMC10636288","syn2623706",".synapse.org/#!Synapse: syn2623706/wiki/ ). The CMSs clinic"
"587","16","pmc:PMC10636288","syn2623706",".synapse.org/#!Synapse: syn2623706/wiki/ ). We conducted tw"
"588","16","pmc:PMC10636288","syn2623706","w.synapse.org//#!Synapse:syn2623706/wiki/ ). The TCGA datase"
"589","16","pmc:PMC10639075","syn26164834",": http://doi.org/10.7303/syn26164834 . Raw data can be downlo"
"590","16","pmc:PMC10639075","syn26148119","m http://doi.org/10.7303/syn26148119 . Code used throughout t"
"591","16","pmc:PMC10643363","syn18485175","edge Portal (Synapse ID: syn18485175). This dataset included"
"592","16","pmc:PMC10643363","syn4921369","rtal with Project SynID: syn4921369, under 10.7303/syn492136"
"593","16","pmc:PMC10643363","syn4921369","yn4921369, under 10.7303/syn4921369. (SynapseID: syn17092080"
"594","16","pmc:PMC10643363","syn17092080","/syn4921369. (SynapseID: syn17092080 and syn17092080). Count"
"595","16","pmc:PMC10643363","syn17092080","napseID: syn17092080 and syn17092080). Count matrix and annot"
"596","16","pmc:PMC10643363","syn12080241","e Portal with SynapseID: syn12080241 under 10.7303/syn1208024"
"597","16","pmc:PMC10643363","syn12080241","yn12080241 under 10.7303/syn12080241. SnRNA-seq data from the"
"598","16","pmc:PMC10643363","syn18485175","e Portal with SynapseID: syn18485175 under 10.7303/syn1848517"
"599","16","pmc:PMC10643363","syn18485175","yn18485175 under 10.7303/syn18485175. The respective contact"
"600","16","pmc:PMC10644972","syn42902915","rg/repo/v1/doi/locate?id=syn42902915&type=ENTITY 29/Ago/2023"
"601","16","pmc:PMC10649553","syn3193805","ww.synapse.org/#!Synapse:syn3193805/wiki/217785 , accessed o"
"602","16","pmc:PMC10651487","syn52297840","able on Synapse (10.7303/syn52297840). Associated genotype an"
"603","16","pmc:PMC10651487","syn52297840","/Datasets/DetailsPage?id=syn52297840 ). A cell browser websit"
"604","16","pmc:PMC10651789","syn24200411","https://doi.org/10.7303/syn24200411 , https://www.synapse.or"
"605","16","pmc:PMC10652011","syn41687327","able on Synapse (Syn ID: syn41687327) or within the Supplemen"
"606","16","pmc:PMC10652011","syn41687327","able on Synapse (Syn ID: syn41687327). Other publicly availab"
"607","16","pmc:PMC10652298","syn4896408","ww.synapse.org/#!Synapse:syn4896408 . The published human sn"
"608","16","pmc:PMC10652298","syn18485175","ww.synapse.org/#!Synapse:syn18485175 . The published Drosophi"
"609","16","pmc:PMC10652311","syn22255433",".synapse.org repository (syn22255433). Fastq files were align"
"610","16","pmc:PMC10652415","syn3388564","P-AD portal (synapse ID: syn3388564) and processed in detail"
"611","16","pmc:PMC10652415","syn3157322","P-AD portal (Synapse ID: syn3157322). We used the informatio"
"612","16","pmc:PMC10652415","syn26254632","1 http://doi.org/10.7303/syn26254632 Conflict of interest The"
"613","16","pmc:PMC10659492","syn26337520","ASTQ files from Synapse (syn26337520) and aligned them agains"
"614","16","pmc:PMC10659492","syn26337520","available from Synapse (syn26337520): https://adknowledgepor"
"615","16","pmc:PMC10659492","syn26337520","sPage/StudyDetails?Study=syn26337520 . The CMC data is availa"
"616","16","pmc:PMC10659492","syn23763487","https://doi.org/10.7303/syn23763487 . The qSVA data ( Jaffe"
"617","16","pmc:PMC10660488","syn7824274","= 10,234) from Synapse (syn7824274; https://www.synapse.org"
"618","16","pmc:PMC10660488","syn7824274","ww.synapse.org/#!Synapse:syn7824274 ) and reverse-phase prot"
"619","16","pmc:PMC10661827","syn52249105","TEMENT RNA‐seq datasets (syn52249105) are available at ( http"
"620","16","pmc:PMC10661827","syn52249098","ww.synapse.org/#!Synapse:syn52249098 ). To access the data, a"
"621","16","pmc:PMC10662149","syn2701943","ell expression profiles (syn2701943) were downloaded from th"
"622","16","pmc:PMC10662149","syn2701943","ell expression profiles (syn2701943) downloaded from the Pro"
"623","16","pmc:PMC10662149","syn2701943","/identifiers.org/synapse/syn2701943 55. Swarbrick A Wu S AL-"
"624","16","pmc:PMC10663468","syn35811916","at synapse (Synapse ID: syn35811916 ). PDX clinical informat"
"625","16","pmc:PMC10667307","syn21998881","huskinDB Synapse 10.7303/syn21998881 30. Freund, J. E., Mille"
"626","16","pmc:PMC10667362","syn12025148","ww.synapse.org/#!Synapse:syn12025148 . ID mutations in each s"
"627","16","pmc:PMC10669538","syn3193805","ww.synapse.org/#!Synapse:syn3193805/wiki/217789 (accessed on"
"628","16","pmc:PMC10672174","syn35589856","he identification number syn35589856. Supplementary Materials"
"629","16","pmc:PMC10679640","syn4224222","ww.synapse.org/#!Synapse:syn4224222/wiki/401743 25 Geras KJ"
"630","16","pmc:PMC10679867","syn51228232","https://doi.org/10.7303/syn51228232 ). Datasets will be rele"
"631","16","pmc:PMC10680627","syn52264240","ww.synapse.org/#!Synapse:syn52264240 For the GWAS benchmarkin"
"632","16","pmc:PMC10680627","syn52234396","ww.synapse.org/#!Synapse:syn52234396 . Data from the pairwise"
"633","16","pmc:PMC10680636","syn2580853","where the Synapse ID is syn2580853, and DOI is 10.7303/syn2"
"634","16","pmc:PMC10680636","syn2580853","0853, and DOI is 10.7303/syn2580853 . References Abe Y. , Ik"
"635","16","pmc:PMC10681996","syn52673953","napse.org with the synID syn52673953. Competing interests Hol"
"636","16","pmc:PMC10684891","syn52052842","nowledge Portal (10.7303/syn52052842) and the PRIDE database"
"637","16","pmc:PMC10685699","syn22257780","aborate, among which the syn22257780 project provides 55,284"
"638","16","pmc:PMC10687892","syn26844071","ww.synapse.org/#!Synapse:syn26844071/ Human CRC scRNA-seq dat"
"639","16","pmc:PMC10689816","syn23446022","tal under accession code syn23446022 ( https://www.synapse.or"
"640","16","pmc:PMC10689816","syn23446022","ww.synapse.org/#!Synapse:syn23446022 ; see https://adknowledg"
"641","16","pmc:PMC10689816","syn52750861","tal under accession code syn52750861 as open data (10.7303/sy"
"642","16","pmc:PMC10689816","syn52750861","61 as open data (10.7303/syn52750861). Source data are provid"
"643","16","pmc:PMC10690099","syn52316987","https://doi.org/10.7303/syn52316987 . RNA-seq data from 687"
"644","16","pmc:PMC10690099","syn52339255","https://doi.org/10.7303/syn52339255 . Briefly, this reposito"
"645","16","pmc:PMC10690143","syn7222066","ww.synapse.org/#!Synapse:syn7222066 ), as these centers use"
"646","16","pmc:PMC10690143","syn7222066","ww.synapse.org/#!Synapse:syn7222066 , and TCGA data at https"
"647","16","pmc:PMC10691533","syn4976363","SeqV2 mRNA data (Synapse syn4976363). Normalized ATAC-seq pe"
"648","16","pmc:PMC10695556","syn51758062","https://doi.org/10.7303/syn51758062.1 ) so that researchers"
"649","16","pmc:PMC10695556","syn18485175","snRNA-seq data ( 10.7303/syn18485175 ) and the ROSMAP metadat"
"650","16","pmc:PMC10695556","syn3157322","OSMAP metadata ( 10.7303/syn3157322 ) were downloaded from h"
"651","16","pmc:PMC10695556","syn51758062","https://doi.org/10.7303/syn51758062.1 . All other relevant s"
"652","16","pmc:PMC10695556","syn18485175","disease Synapse 10.7303/syn18485175 References Amezquita RA"
"653","16","pmc:PMC10696419","syn22255433","ww.synapse.org/#!Synapse:syn22255433/wiki/604556 ) and was ge"
"654","16","pmc:PMC10703708","syn52625867","with the Project SynID: syn52625867. Funding This study was"
"655","16","pmc:PMC10704700","syn42902915","eiro (OOBr) 2022 10.7303/syn42902915 3 Oliveira KF Oliveira J"
"656","16","pmc:PMC10705658","syn52052829","ww.synapse.org/#!Synapse:syn52052829 Gaffney short-read cohor"
"657","16","pmc:PMC10705658","syn26207321","https://doi.org/10.7303/syn26207321 Roussos short-read batch"
"658","16","pmc:PMC10705658","syn52052829","ww.synapse.org/#!Synapse:syn52052829 IMGL short-read: Gene ex"
"659","16","pmc:PMC10706888","syn52309481","g author at synapse.org (syn52309481). Conflicts of Interest"
"660","16","pmc:PMC10708613","syn3193805","ww.synapse.org/#!Synapse:syn3193805/wiki/217789 (accessed on"
"661","16","pmc:PMC10708859","syn3193805","5–9 October 2015 10.7303/syn3193805 31. Atal D.K. Optimal De"
"662","16","pmc:PMC10709411","syn3388564","- AD 58 with Synapse IDs syn3388564 (bulk RNA-seq) and syn58"
"663","16","pmc:PMC10709411","syn5850422","88564 (bulk RNA-seq) and syn5850422 (DNA methylation), using"
"664","16","pmc:PMC10709411","syn3388564",".org/ , with Synapse IDs syn3388564 (bulk RNA-seq) and syn58"
"665","16","pmc:PMC10709411","syn5850422","88564 (bulk RNA-seq) and syn5850422 (DNA methylation). Acces"
"666","16","pmc:PMC10710425","syn51549340","-dataset Synapse 10.7303/syn51549340 29. Duran‐Aniotz C The L"
"667","16","pmc:PMC10715669","syn11738319","ww.synapse.org/#!Synapse:syn11738319. De-novo non-negative ma"
"668","16","pmc:PMC10716771","syn52417670","ww.synapse.org/#!Synapse:syn52417670.1/datasets/"
"669","16","pmc:PMC10724249","syn51899720","napse (accession number: syn51899720, 10.7303/syn51899720), e"
"670","16","pmc:PMC10724249","syn51899720","er: syn51899720, 10.7303/syn51899720), ensuring the availabil"
"671","16","pmc:PMC10725467","syn11726616","Synapse under accession syn11726616 . These data are availab"
"672","16","pmc:PMC10726135","syn52624564","https://doi.org/10.7303/syn52624564 ). The raw metabolomics"
"673","16","pmc:PMC10729864","syn2580853","https://doi.org/10.7303/syn2580853 , MAD. AUTHOR NOTES J.W."
"674","16","pmc:PMC10733301","syn30255033","manuscript see: 10.7303/syn30255033.1. The nearest neighbor"
"675","16","pmc:PMC10733336","syn24994804","ww.synapse.org/#!Synapse:syn24994804/wiki/ . To characterize"
"676","16","pmc:PMC10742026","syn4939906","https://doi.org/10.7303/syn4939906 (accessed on 1 May 2023)"
"677","16","pmc:PMC10742026","syn5522627","ww.synapse.org/#!Synapse:syn5522627 (accessed on 1 May 2023)"
"678","16","pmc:PMC10745139","syn2787211","ww.synapse.org/#!Synapse:syn2787211 . This allowed us to com"
"679","16","pmc:PMC10749789","syn52503858","ww.synapse.org/#!Synapse:syn52503858/files/ Author Biographie"
"680","16","pmc:PMC10750427","syn32280722","ww.synapse.org/#!Synapse:syn32280722 . 4.8. Regression of cov"
"681","16","pmc:PMC10750427","syn32567811","ww.synapse.org/#!Synapse:syn32567811 . 4.10. MONET M1 bootstr"
"682","16","pmc:PMC10750427","syn17015098","ww.synapse.org/#!Synapse:syn17015098 . Pre- and post-processe"
"683","16","pmc:PMC10757721","syn22257780","s (accessible at Synapse:syn22257780) ( Johnson et al., 2021"
"684","16","pmc:PMC10760108","syn26561824","ww.synapse.org/#!Synapse:syn26561824 . We also obtained RNA-S"
"685","16","pmc:PMC10760108","syn17095983","ww.synapse.org/#!Synapse:syn17095983 ). To start, we performe"
"686","16","pmc:PMC10762111","syn10389158",") under the Synapse IDs syn10389158 : clinical data from eac"
"687","16","pmc:PMC10762111","syn1038916","stage and vital status; syn1038916 : harmonised tumour hist"
"688","16","pmc:PMC10762111","syn8272483","erarchical ontology; and syn8272483 : purity and ploidy valu"
"689","16","pmc:PMC10762261","syn21347197","tained from Synapse (ID: syn21347197). This data encompasses"
"690","16","pmc:PMC10762261","syn3219045","wledge Portal: ROS data (syn3219045) and MSBB data (syn31594"
"691","16","pmc:PMC10762261","syn3159438","n3219045) and MSBB data (syn3159438). Source data underlying"
"692","16","pmc:PMC10764846","syn25946117","ks) under accession code syn25946117 14 . Since the cases fro"
"693","16","pmc:PMC10765928","syn18485175","-nucleus RNA sequencing (syn18485175) dataset was downloaded"
"694","16","pmc:PMC10765928","syn3157275","om the synapse database (syn3157275). For the identification"
"695","16","pmc:PMC10766724","syn3157743","MP–AD) Knowledge Portal (syn3157743) as previously described"
"696","16","pmc:PMC10766724","syn5550404","the AD Knowledge Portal (syn5550404). MSBB RNA-seq data are"
"697","16","pmc:PMC10766724","syn3157743","the AD Knowledge Portal (syn3157743). Results Different sens"
"698","16","pmc:PMC10767859","syn10337516","tlas ( 10 ) via Synapse (syn10337516). To ensure the accuracy"
"699","16","pmc:PMC10768370","syn31945851","https://doi.org/10.7303/syn31945851 [ 2 ] Data file 2 CITIZE"
"700","16","pmc:PMC10768370","syn31945851","https://doi.org/10.7303/syn31945851 [ 2 ] Data file 3 Citize"
"701","16","pmc:PMC10768370","syn31945851","https://doi.org/10.7303/syn31945851 [ 2 ] Data file 4 Data_c"
"702","16","pmc:PMC10768370","syn31945851","https://doi.org/10.7303/syn31945851 [ 2 ] Data file 5 Dict_c"
"703","16","pmc:PMC10768370","syn31945851","https://doi.org/10.7303/syn31945851 [ 2 ] Data file 6 Munici"
"704","16","pmc:PMC10768370","syn31945851","https://doi.org/10.7303/syn31945851 [ 2 ] Data file 7 MANIFE"
"705","16","pmc:PMC10768370","syn31945851","https://doi.org/10.7303/syn31945851 [ 2 ] Data file 8 MANIFE"
"706","16","pmc:PMC10768370","syn31945851","https://doi.org/10.7303/syn31945851 [ 2 ] Data file 9 Manife"
"707","16","pmc:PMC10768370","syn31945851","https://doi.org/10.7303/syn31945851 [ 2 ] Data file 10 Data_"
"708","16","pmc:PMC10768370","syn31945851","https://doi.org/10.7303/syn31945851 [ 2 ] Data file 11 Dict_"
"709","16","pmc:PMC10768370","syn31945851","https://doi.org/10.7303/syn31945851 [ 2 ] Data file 12 etl_m"
"710","16","pmc:PMC10768370","syn31945851","https://doi.org/10.7303/syn31945851 [ 2 ] Data acquisition O"
"711","16","pmc:PMC10768370","syn31945851","https://doi.org/10.7303/syn31945851 [ 2 ]. Declarations Ethi"
"712","16","pmc:PMC10768370","syn31945851","ww.synapse.org/#!Synapse:syn31945851/wiki/617929 Accessed 24"
"713","16","pmc:PMC10769232","syn53128146","https://doi.org/10.7303/syn53128146 References 1. Baumgart M"
"714","16","pmc:PMC10769298","syn11724057","ww.synapse.org/#!Synapse:syn11724057 ), lifted over to GRCh38"
"715","16","pmc:PMC10769366","syn22313528","tudies/DetailsPage?Study=syn22313528 ). In brief, metabolites"
"716","16","pmc:PMC10769366","syn22313586","ww.synapse.org/#!Synapse:syn22313586 ADNI p180: https://www.s"
"717","16","pmc:PMC10769366","syn7440346","ww.synapse.org/#!Synapse:syn7440346 ROS/MAP p180: https://ww"
"718","16","pmc:PMC10769366","syn26007829","ww.synapse.org/#!Synapse:syn26007829 REFERENCES 1. Karch C.M."
"719","16","pmc:PMC10769393","syn11932957","ww.synapse.org/#!Synapse:syn11932957/tables/ ; SynapseID: syn"
"720","16","pmc:PMC10769393","syn11932957","957/tables/ ; SynapseID: syn11932957). Briefly, Wan et al. (2"
"721","16","pmc:PMC10769393","syn23660885","ww.synapse.org/#!Synapse:syn23660885 ). Mouse-human expressio"
"722","16","pmc:PMC10769393","syn14237651","ww.synapse.org/#!Synapse:syn14237651 ). To determine the simi"
"723","16","pmc:PMC10769817","syn20564743","lenge through Synapse ID syn20564743 and contributed by Attil"
"724","16","pmc:PMC10773825","syn3376386","ww.synapse.org/#!Synapse:syn3376386 . The datasets are also"
"725","16","pmc:PMC10775662","syn3387325","ledge Portal on Synapse (syn3387325) ( https://www.synapse.o"
"726","16","pmc:PMC10775662","syn8456638","ledge Portal on Synapse (syn8456638) ( https://www.synapse.o"
"727","16","pmc:PMC10778372","syn53185180","https://doi.org/10.7303/syn53185180 . Conflicts of Interest"
"728","16","pmc:PMC10782919","syn26642505","ww.synapse.org/#!Synapse:syn26642505 . All other images are a"
"729","16","pmc:PMC10783859","syn26844071","SG2 (processed data from syn26844071) [ 30 ], and Blueprint ("
"730","16","pmc:PMC10784705","syn7214402","S. The MC3 MAF (Synapse: syn7214402) was used to obtain the"
"731","16","pmc:PMC10784705","syn7214402","mutation calls (Synapse: syn7214402) using monomers and a bi"
"732","16","pmc:PMC10786718","syn23204884","lts 19 (under Synapse ID syn23204884). We used a P -value cut"
"733","16","pmc:PMC10787788","syn21041850","ww.synapse.org/#!Synapse:syn21041850 ] for Krasnow_2020; [ GS"
"734","16","pmc:PMC10791605","syn51702348","ww.synapse.org/#!Synapse:syn51702348/files/ ) 53 . The figure"
"735","16","pmc:PMC10791605","syn51702348","ww.synapse.org/#!Synapse:syn51702348/files/ ) 53 . A sign-in"
"736","16","pmc:PMC10791605","syn51702348","l biopsy system. 10.7303/syn51702348"
"737","16","pmc:PMC10793400","syn7067053",", 2017 ], with SynapseID syn7067053 , collected from 5 Chimp"
"738","16","pmc:PMC10793412","syn21241740","rmonization) repository (syn21241740). Single-cell transcript"
"739","16","pmc:PMC10796008","syn3157182","ampus; 3 months 17 M243A syn3157182 MAPT male forebrain; 4.5"
"740","16","pmc:PMC10796008","syn11914606","https://doi.org/10.7303/syn11914606 https://doi.org/10.7303/"
"741","16","pmc:PMC10796008","syn14237651","https://doi.org/10.7303/syn14237651.1 https://doi.org/10.103"
"742","16","pmc:PMC10796047","syn18485175","r the dataset is 10.7303/syn18485175. The data was generated"
"743","16","pmc:PMC10802033","syn2580853","edge Portal (doi:10.7303/syn2580853). Study data were provid"
"744","16","pmc:PMC10802033","syn18485175",". snRNA-seq: doi:10.7303/syn18485175. Mayo The results publis"
"745","16","pmc:PMC10802033","syn2580853","edge Portal (doi:10.7303/syn2580853). These data were genera"
"746","16","pmc:PMC10802033","syn26365932","onsortium. Visit 10.7303/syn26365932 for a complete list of g"
"747","16","pmc:PMC10802033","syn2759792",".org/ ), accession code: syn2759792 [ 55 ]. GTEx [ 56 ] GTEx"
"748","16","pmc:PMC10802033","syn2580853","Synapse, accession code: syn2580853 [ 59 ]. snRNA-seq was co"
"749","16","pmc:PMC10802033","syn18485175","Synapse, accession code: syn18485175 [ 60 ]. ENA [ 61 ] ENA d"
"750","16","pmc:PMC10802033","syn10623034",".org/ ), accession code: syn10623034 [ 62 ]. BrainSeq [ 63 ]"
"751","16","pmc:PMC10802033","syn12299750",".org/ ), accession code: syn12299750 [ 64 ]. UCLA_ASD [ 65 ]"
"752","16","pmc:PMC10802033","syn4587609",".org/ ), accession code: syn4587609 [ 66 ]. BrainGVEx [ 65 ]"
"753","16","pmc:PMC10802033","syn4590909",".org/ ), accession code: syn4590909 [ 67 ]. BipSeq [ 65 ] Bi"
"754","16","pmc:PMC10802033","syn5844980",".org/ ), accession code: syn5844980 [ 68 ]. NABEC [ 69 ] NAB"
"755","16","pmc:PMC10802033","syn2759792","ww.synapse.org/#!Synapse:syn2759792 . 56. Donovan, M. K. R.,"
"756","16","pmc:PMC10802033","syn2580853","ww.synapse.org/#!Synapse:syn2580853 . 60. Hodes, R. J. & Buc"
"757","16","pmc:PMC10802033","syn18485175","ww.synapse.org/#!Synapse:syn18485175 . 61. Leinonen R The Eur"
"758","16","pmc:PMC10802033","syn10623034","ww.synapse.org/#!Synapse:syn10623034 . 63. Schubert CR BrainS"
"759","16","pmc:PMC10802033","syn12299750","ww.synapse.org/#!Synapse:syn12299750 . 65. Wang, D. et al. Co"
"760","16","pmc:PMC10802033","syn4587609","ww.synapse.org/#!Synapse:syn4587609 . doi:syn4587609. 67. Wa"
"761","16","pmc:PMC10802033","syn4587609","Synapse:syn4587609 . doi:syn4587609. 67. Wang, D. et al. Com"
"762","16","pmc:PMC10802033","syn4590909","ww.synapse.org/#!Synapse:syn4590909 . syn4590909. 68. Wang,"
"763","16","pmc:PMC10802033","syn4590909","g/#!Synapse:syn4590909 . syn4590909. 68. Wang, D. et al. Com"
"764","16","pmc:PMC10802033","syn5844980","ww.synapse.org/#!Synapse:syn5844980 . doi:syn5844980. 69. Gi"
"765","16","pmc:PMC10802033","syn5844980","Synapse:syn5844980 . doi:syn5844980. 69. Gibbs JR Abundant q"
"766","16","pmc:PMC10802066","syn26642505","ww.synapse.org/#!Synapse:syn26642505 ) [ 23 ]. The genomics d"
"767","16","pmc:PMC10802452","syn2759792","ww.synapse.org/#!Synapse:syn2759792/wiki/69613 ) and interse"
"768","16","pmc:PMC10805698","syn21785741","ww.synapse.org/#!Synapse:syn21785741 . MANTIS values are from"
"769","16","pmc:PMC10805784","syn22418021","research Synapse 10.7303/syn22418021 9. Li W 2022 A multimoda"
"770","16","pmc:PMC10805888","syn45200214","ww.synapse.org/#!Synapse:syn45200214 ). For more details on t"
"771","16","pmc:PMC10808534","syn26844071","A-seq data of human CRC (syn26844071, n = 63 patients). c UMA"
"772","16","pmc:PMC10808534","syn26844071",": GSE178341 and Synapse: syn26844071) 26 , 42 ; scRNA-seq of"
"773","16","pmc:PMC10809448","syn53190805","apse repository, 10.7303/syn53190805 [ 52 ]. The source codes"
"774","16","pmc:PMC10809448","syn53184679","ets Synapse 2023 10.7303/syn53184679 36811190 53. Zhang, N.,"
"775","16","pmc:PMC10809680","syn7072866","from the Synapse portal (syn7072866) for 5 NeuNPos/SOX6Pos,"
"776","16","pmc:PMC10809680","syn7072866","nd the synapse platform (syn7072866 [ 70 ], syn8263588 [ 71"
"777","16","pmc:PMC10809680","syn8263588","form (syn7072866 [ 70 ], syn8263588 [ 71 ]). Code for the an"
"778","16","pmc:PMC10809680","syn7072866","ww.synapse.org/#!Synapse:syn7072866 . 2016. 71. Wong C, Smit"
"779","16","pmc:PMC10809680","syn8263588","ww.synapse.org/#!Synapse:syn8263588 . 2020."
"780","16","pmc:PMC10810793","syn11468526","373.v2.p2, Olah: Synapse syn11468526, Galatro: GEO GSE99074,"
"781","16","pmc:PMC10813059","syn52138250","g data are available via syn52138250 at the AD Knowledge Port"
"782","16","pmc:PMC10813059","syn31952297","ta are available through syn31952297 and syn31947506 at the A"
"783","16","pmc:PMC10813059","syn31947506","through syn31952297 and syn31947506 at the AD Knowledge Port"
"784","16","pmc:PMC10824791","syn16798173","AMP-AD Knowledge Portal syn16798173 hAβ-KI AMP-AD Knowledge"
"785","16","pmc:PMC10824791","syn18634479","AMP-AD Knowledge Portal syn18634479 APP/PS1 Gene Expression"
"786","16","pmc:PMC10824791","syn16798173","ww.synapse.org/#!Synapse:syn16798173 and https://www.synapse."
"787","16","pmc:PMC10824791","syn18634479","ww.synapse.org/#!Synapse:syn18634479 for 5xFAD and hAβ-KI mod"
"788","16","pmc:PMC10828232","syn13363290","= 0.0264) (data version: syn13363290-v49; https://agora.adkno"
"789","16","pmc:PMC10829797","syn25714248","http://synapse.org/ptrc syn25714248 210 patient phosphoprote"
"790","16","pmc:PMC10829797","syn32528196","http://synapse.org/ptrc syn32528196 210 proteomics https://p"
"791","16","pmc:PMC10829797","syn32529921","s RNAseq Tyner et al. 11 syn32529921 177 whole exome sequenci"
"792","16","pmc:PMC10829797","syn32533104","quencing Tyner et al. 11 syn32533104 Ex Vivo drug response da"
"793","16","pmc:PMC10829797","syn25830473","nse data Tyner et al. 11 syn25830473 Clinical Data Tyner et a"
"794","16","pmc:PMC10829797","syn26534982","cal Data Tyner et al. 11 syn26534982 Experimental models: Cel"
"795","16","pmc:PMC10829797","syn25796769","spreadsheet on Synapse (syn25796769). A summary of sex, gend"
"796","16","pmc:PMC10829797","syn25714248","ile Table 210 Proteomics syn25714248 syn25808020 210 Phosphop"
"797","16","pmc:PMC10829797","syn25808020","0 Proteomics syn25714248 syn25808020 210 Phosphoproteomics sy"
"798","16","pmc:PMC10829797","syn32528196","20 210 Phosphoproteomics syn32528196 syn26477193 159 Transcri"
"799","16","pmc:PMC10829797","syn26477193","hoproteomics syn32528196 syn26477193 159 Transcriptomics syn3"
"800","16","pmc:PMC10829797","syn32529921","7193 159 Transcriptomics syn32529921 syn26545877 177 WES syn3"
"801","16","pmc:PMC10829797","syn26545877","nscriptomics syn32529921 syn26545877 177 WES syn32533104 syn2"
"802","16","pmc:PMC10829797","syn32533104","9921 syn26545877 177 WES syn32533104 syn26428827 210 Clinical"
"803","16","pmc:PMC10829797","syn26428827","5877 177 WES syn32533104 syn26428827 210 Clinical annotations"
"804","16","pmc:PMC10829797","syn25796769","annotations spreadsheet syn25796769 syn52299924 210 All file"
"805","16","pmc:PMC10829797","syn52299924","spreadsheet syn25796769 syn52299924 210 All files (Synapse d"
"806","16","pmc:PMC10829797","syn52203674","files (Synapse dataset) syn52203674 Multiomic clustering of"
"807","16","pmc:PMC10829875","syn24200710","h the CRI iAtlas portal (syn24200710). 18 We applied the immu"
"808","16","pmc:PMC10830800","syn25829067","21-task1/data SynapseID: syn25829067. Ethics statement Ethica"
"809","16","pmc:PMC10836119","syn5592519","https://doi.org/10.7303/syn5592519 (ADNI-1) and https://doi"
"810","16","pmc:PMC10836119","syn9705278","https://doi.org/10.7303/syn9705278 (ADNI-GO/−2), the full c"
"811","16","pmc:PMC10836119","syn3157329","https://doi.org/10.7303/syn3157329 , study meta-data, basic"
"812","16","pmc:PMC10836119","syn3157322","https://doi.org/10.7303/syn3157322 . The full complement of"
"813","16","pmc:PMC10836119","syn3157238","https://doi.org/10.7303/syn3157238 , study meta-data and co"
"814","16","pmc:PMC10836119","syn3205821","https://doi.org/10.7303/syn3205821.6 . References 1. Moscon"
"815","16","pmc:PMC10836573","syn9702085","ww.synapse.org/#!Synapse:syn9702085 ). The ROSMAP data from"
"816","16","pmc:PMC10836573","syn8456629","ww.synapse.org/#!Synapse:syn8456629 ). In brief, RNA was ext"
"817","16","pmc:PMC10836573","syn8456629","ww.synapse.org/#!Synapse:syn8456629 ). The specific datasets"
"818","16","pmc:PMC10836573","syn8456638","ww.synapse.org/#!Synapse:syn8456638 ), covariates are record"
"819","16","pmc:PMC10836573","syn11024258","ww.synapse.org/#!Synapse:syn11024258 ), differential expressi"
"820","16","pmc:PMC10836573","syn8456721","ww.synapse.org/#!Synapse:syn8456721 ) and clinical phenotypi"
"821","16","pmc:PMC10847229","syn2580853","where the Synapse ID is syn2580853, and DOI is 10.7303/syn2"
"822","16","pmc:PMC10847229","syn2580853","0853, and DOI is 10.7303/syn2580853 . Ethics statement The a"
"823","16","pmc:PMC10847567","syn22153884","rg/repo/v1/doi/locate?id=syn22153884&type=ENTITY . Author con"
"824","16","pmc:PMC10848526","syn23594913","ww.synapse.org/#!Synapse:syn23594913 ), having been processed"
"825","16","pmc:PMC10848526","syn31121291","ww.synapse.org/#!Synapse:syn31121291 88. Diaz AA. Single cell"
"826","16","pmc:PMC10849701","syn53177242","ww.synapse.org/#!Synapse:syn53177242 . The subsequent Methods"
"827","16","pmc:PMC10849701","syn53177242","ww.synapse.org/#!Synapse:syn53177242 . Pre- and post-processe"
"828","16","pmc:PMC10849701","syn53177242","ww.synapse.org/#!Synapse:syn53177242 . The algorithm used for"
"829","16","pmc:PMC10853183","syn2580853","edge Portal (Synapse ID: syn2580853). Selection of candidate"
"830","16","pmc:PMC10853183","syn16780177",". [ 36 ] on synapse (ID: syn16780177) were converted into a S"
"831","16","pmc:PMC10853183","syn16780177","Synapse repository (ID: syn16780177). The snRNAseq data was"
"832","16","pmc:PMC10853183","syn2580853","ww.synapse.org/#!Synapse:syn2580853/files/ ) and 2) the Alzh"
"833","16","pmc:PMC10854306","syn53210168","ww.synapse.org/#!Synapse:syn53210168 References 1. GBD 2019 D"
"834","16","pmc:PMC10861196","syn23667189","obtained from Synapse ID syn23667189 after permission from Sp"
"835","16","pmc:PMC10865408","syn32884986","ailable on Synapse: TB - syn32884986 - Wiki ( synapse.org )."
"836","16","pmc:PMC10866412","syn23627957","https://doi.org/10.7303/syn23627957 ). In addition, this stu"
"837","16","pmc:PMC10866412","syn23627957","https://doi.org/10.7303/syn23627957 ) [ 53 ]. Another study"
"838","16","pmc:PMC10866412","syn23627957","https://doi.org/10.7303/syn23627957 by Wingo et al. [ 53 ]."
"839","16","pmc:PMC10866903","syn2346643","w.synapse.org/ —!Synapse:syn2346643) . Treatment naïve breas"
"840","16","pmc:PMC10867641","syn6131484","https://doi.org/10.7303/syn6131484 RBN binding Clip-seq pub"
"841","16","pmc:PMC10867641","syn6131484","n Challenge 2016 10.7303/syn6131484 18 Koch G. Zemel R. Sala"
"842","16","pmc:PMC10868801","syn25575156","uted Target Risk Scores (syn25575156, v13), genetic risk scor"
"843","16","pmc:PMC10868801","syn26844312","3), genetic risk scores (syn26844312, v6), and multi-omics ri"
"844","16","pmc:PMC10868801","syn22758536","multi-omics risk scores (syn22758536, v9), were downloaded fr"
"845","16","pmc:PMC10871236","syn22127152","ww.synapse.org/#!Synapse:syn22127152 . We collected the class"
"846","16","pmc:PMC10871236","syn22127343","ww.synapse.org/#!Synapse:syn22127343 ). The challenge contain"
"847","16","pmc:PMC10872365","syn24226662",". Available at : 10.7303/syn24226662 ( accessed July 2022 )."
"848","16","pmc:PMC10872365","syn22216457",". Available at : 10.7303/syn22216457 ( accessed July 2022 )."
"849","16","pmc:PMC10873159","syn3193805","ww.synapse.org/#!Synapse:syn3193805/wiki/217752 ). Annotatio"
"850","16","pmc:PMC10873509","syn24240356","rmation or visit 10.7303/syn24240356 for a complete list of g"
"851","16","pmc:PMC10873509","syn51296303","https://doi.org/ 10.7303/syn51296303 . The source bulk RNA-se"
"852","16","pmc:PMC10876516","syn30991637","ww.synapse.org/#!Synapse:syn30991637 . To access the publicly"
"853","16","pmc:PMC10876516","syn30991637","ww.synapse.org/#!Synapse:syn30991637 ) Click “Request Access,"
"854","16","pmc:PMC10877777","syn28469146","ww.synapse.org/#!Synapse:syn28469146/wiki/617075 . The ATAC-s"
"855","16","pmc:PMC10880244","syn18404605","ww.synapse.org/#!Synapse:syn18404605/wiki/609124 ), Table 2 ,"
"856","16","pmc:PMC10880244","syn18404605","ww.synapse.org/#!Synapse:syn18404605/wiki/607227 . Nov 2021."
"857","16","pmc:PMC10881585","syn21998881","rug-design.de or 10.7303/syn21998881, (last access 12/04/2023"
"858","16","pmc:PMC10882847","syn52798260","napse directory: 10.7303/syn52798260.1. Declarations Ethics a"
"859","16","pmc:PMC10888823","syn51032055","ww.synapse.org/#!Synapse:syn51032055/datasets/ [ 66 ]. Bulk R"
"860","16","pmc:PMC10888977","syn28469146","ww.synapse.org/#!Synapse:syn28469146/wiki/617075 ). Performan"
"861","16","pmc:PMC10888995","syn18406854","ww.synapse.org/#!Synapse:syn18406854 ), using the `taxonomic_"
"862","16","pmc:PMC10888995","syn18406854","ww.synapse.org/#!Synapse:syn18406854 ). The colorectal cancer"
"863","16","pmc:PMC10890730","syn20808171","Portal (accession number syn20808171, https://adknowledgeport"
"864","16","pmc:PMC10894962","syn8691134","ww.synapse.org/#!Synapse:syn8691134 and https://www.synapse."
"865","16","pmc:PMC10894962","syn3157322","org/Portal.html#!Synapse:syn3157322 , respectively ( 39 ), a"
"866","16","pmc:PMC10896738","syn3157182","https://doi.org/10.7303/syn3157182) . Dotted lines indicate"
"867","16","pmc:PMC10899643","syn16816566","ww.synapse.org/#!Synapse:syn16816566 ) ; Bulk RNA-seq: GSE790"
"868","16","pmc:PMC10906224","syn53124971","https://doi.org/10.7303/syn53124971 ) at the time of publica"
"869","16","pmc:PMC10913284","syn3193805","https: //doi.org/10.7303/syn3193805) is the most common publ"
"870","16","pmc:PMC10914599","syn6090813","2 PSP, and 84 AD brains (syn6090813) [ 36 ]. Differential ge"
"871","16","pmc:PMC10916590","syn31513378","https://doi.org/10.7303/syn31513378 . 1 a) L. Dumitrescu , L"
"872","16","pmc:PMC10918213","syn17015098","ww.synapse.org/#!Synapse:syn17015098 Banner label-free proteo"
"873","16","pmc:PMC10918213","syn20818199","ww.synapse.org/#!Synapse:syn20818199 MSBB label-free proteomi"
"874","16","pmc:PMC10918213","syn20801227","ww.synapse.org/#!Synapse:syn20801227 Experimental models: Cel"
"875","16","pmc:PMC10918213","syn17015098","proteomic data (ROSMAP: syn17015098, MSBB: syn20801227and Ba"
"876","16","pmc:PMC10918213","syn20801227","SMAP: syn17015098, MSBB: syn20801227and Banner: syn20818199)"
"877","16","pmc:PMC10918213","syn20818199",": syn20801227and Banner: syn20818199) were not generate by th"
"878","16","pmc:PMC10918213","syn17015098","(165 CTL,97 MCI, AD 121, syn17015098) is obtained from synaps"
"879","16","pmc:PMC10918213","syn20818199","r (73 CTL,26 MCI, AD 92, syn20818199) and MSBB (35 CTL,41 MCI"
"880","16","pmc:PMC10918213","syn20801227","(35 CTL,41 MCI, AD 178, syn20801227) datasets are label-free"
"881","16","pmc:PMC10919475","syn1710464","ww.synapse.org/#!Synapse:syn1710464 22. GitHub: https://gith"
"882","16","pmc:PMC10925271","syn26706564","”[ 11 ] with Synapse ID “syn26706564”. We used mutation statu"
"883","16","pmc:PMC10925398","syn52525880","ww.synapse.org/#!Synapse:syn52525880/files/ . All raw files f"
"884","16","pmc:PMC10926682","syn22964719","PC (mix cell population) syn22964719 [ 172 ] 9 5xFAD 5xFAD, W"
"885","16","pmc:PMC10926682","syn18637070","TX (mix cell population) syn18637070 [ 172 ] 10 hAbeta_KI WT,"
"886","16","pmc:PMC10926682","syn18670930","PC (mix cell population) syn18670930 [ 172 ] 11 5xFAD 5xFAD,"
"887","16","pmc:PMC10926682","syn23638028","RB (mix cell population) syn23638028 [ 170 ] 12 Apoe4/Trem2_R"
"888","16","pmc:PMC10926682","syn18637029","RB (mix cell population) syn18637029 [ 170 ] We first evaluat"
"889","16","pmc:PMC10926682","syn22964685","g dataset (accession ID: syn22964685), the 5xFAD dataset from"
"890","16","pmc:PMC10926682","syn16798076","UCI study (accession ID: syn16798076), the hAbeta_KI dataset"
"891","16","pmc:PMC10926682","syn18634479","UCI study (accession ID: syn18634479), the 5xFAD dataset from"
"892","16","pmc:PMC10926682","syn23638028","JAX study (accession ID: syn23638028) and the Apoe4_Trem2_R47"
"893","16","pmc:PMC10926682","syn17095980","JAX study (accession ID: syn17095980). The information about"
"894","16","pmc:PMC10927722","syn25843090",".synapse.org/ #!Synapse: syn25843090/files/. 2.13 Statistical"
"895","16","pmc:PMC10928088","syn21041850","ww.synapse.org/#!Synapse:syn21041850/wiki/600865 ]”, and the"
"896","16","pmc:PMC10944527","syn2759792","nowledge Portal: 10.7303/syn2759792. Data to generate figure"
"897","16","pmc:PMC10945611","syn9702085",", ROSMAP Synapse 10.7303/syn9702085 Wang M Beckmann ND Rouss"
"898","16","pmc:PMC10945611","syn9702085","g), MSBB Synapse 10.7303/syn9702085 Allen M Carrasquillo MM"
"899","16","pmc:PMC10945611","syn9702085","yoRNAseq Synapse 10.7303/syn9702085 References Abarzua F Sak"
"900","16","pmc:PMC10950923","syn2623706","napse platform (Synapse: syn2623706) ( 16 ), gene IDs were m"
"901","16","pmc:PMC10950923","syn26844071","napse platform (Synapse: syn26844071) upon request. Clusterin"
"902","16","pmc:PMC10958877","syn21041850","ww.synapse.org/#!Synapse:syn21041850 [ 126 ] and GEO accessio"
"903","16","pmc:PMC10958877","syn21041850","ww.synapse.org/#!Synapse:syn21041850 (2020). 127. Habermann A"
"904","16","pmc:PMC10959667","syn26844071","ww.synapse.org/#!Synapse:syn26844071/ RNA-seq (cancer cell li"
"905","16","pmc:PMC10959667","syn26844071","ww.synapse.org/#!Synapse:syn26844071/ 16. The bulk RNA-seq da"
"906","16","pmc:PMC10971725","syn53277960","ww.synapse.org/#!Synapse:syn53277960/wiki/625734 ; accessed o"
"907","16","pmc:PMC10973452","syn18485175","AD; www.synapse.org , ID syn18485175). All subjects underwent"
"908","16","pmc:PMC10973452","syn3157322","wnloaded from AMP-AD, ID syn3157322; see also Sect. “ Correl"
"909","16","pmc:PMC10973452","syn16780177","AD; www.synapse.org , ID syn16780177). The subjects include a"
"910","16","pmc:PMC10973452","syn18485175","://www.synapse.org , IDs syn18485175 and syn3157322). Dataset"
"911","16","pmc:PMC10973452","syn3157322","rg , IDs syn18485175 and syn3157322). Dataset-2 snRNA-seq an"
"912","16","pmc:PMC10973452","syn16780177","s://www.synapse.org , ID syn16780177). The raw scRNA-seq of D"
"913","16","pmc:PMC10976681","syn53641849","under the accession code syn53641849 [ https://www.synapse.or"
"914","16","pmc:PMC10976681","syn53641849","ww.synapse.org/#!Synapse:syn53641849 ]. No custom code was us"
"915","16","pmc:PMC10979919","syn2580853","https://doi.org/10.7303/syn2580853 (coded ROSMAP in the met"
"916","16","pmc:PMC10980062","syn21788402","2 ) under the Synapse ID syn21788402. Gabitto et al. ( 35 ) d"
"917","16","pmc:PMC10980062","syn21788402","portal (( 42 ), under ID syn21788402), under controlled use c"
"918","16","pmc:PMC10980014","syn9702085","se platform (Synapse ID: syn9702085). CommonMind was obtaine"
"919","16","pmc:PMC10980014","syn2759792","https://doi.org/10.7303/syn2759792 ) also on the Synapse pl"
"920","16","pmc:PMC10980014","syn2759792","se platform (Synapse ID: syn2759792); GTEx was obtained from"
"921","16","pmc:PMC10982113","syn54010990","ve with accession number syn54010990 ( https://www.synapse.or"
"922","16","pmc:PMC10982113","syn54010990","ww.synapse.org/#!Synapse:syn54010990/files/ ). All other data"
"923","16","pmc:PMC10983041","syn5553991","ww.synapse.org/#!Synapse:syn5553991 ). Integrative analyses"
"924","16","pmc:PMC10983874","syn50900302","https://doi.org/10.7303/syn50900302.1 . References 1. Substa"
"925","16","pmc:PMC10983874","syn51111084","ence , ( 2024 ). 10.7303/syn51111084.1 . 31. Sherman B. T. ,"
"926","16","pmc:PMC10983955","syn22264775","ation Study (Synapse ID: syn22264775). RNA-seq data for the s"
"927","16","pmc:PMC10983955","syn21241740","seq Harmonization Study (syn21241740). Only white people with"
"928","16","pmc:PMC10983955","syn22264775","ww.synapse.org/#!Synapse:syn22264775 ) and the RNA-seq data i"
"929","16","pmc:PMC10983955","syn21241740","ww.synapse.org/#!Synapse:syn21241740 ) are publicly available"
"930","16","pmc:PMC10984903","syn18485175","ww.synapse.org/#!Synapse:syn18485175 ) and subsetting to micr"
"931","16","pmc:PMC10985119","syn27023828","ww.synapse.org/#!Synapse:syn27023828 ); and data relevant to"
"932","16","pmc:PMC10985119","syn27023828","ww.synapse.org/#!Synapse:syn27023828 ). Mass spectrometry raw"
"933","16","pmc:PMC10985162","syn51365303","ww.synapse.org/#!Synapse:syn51365303 ). A thorough mapping of"
"934","16","pmc:PMC10985232","syn10003873","ltonen et al. 35 Synapse:syn10003873 Software and algorithms"
"935","16","pmc:PMC10994238","syn52387995","https://doi.org/10.7303/syn52387995 ). References 1 Grobmyer"
"936","16","pmc:PMC10996630","syn16984815","ain regions (synapse id: syn16984815) and Mayo study in cereb"
"937","16","pmc:PMC10996630","syn16984411","llum region (synapse id: syn16984411) were retrieved from the"
"938","16","pmc:PMC10996630","syn13363443","synapse.org (synapse id: syn13363443). The Ensembl IDs were m"
"939","16","pmc:PMC10996751","syn31472953","https://doi.org/10.7303/syn31472953 . TECHNICAL VALIDATION A"
"940","16","pmc:PMC10996751","syn53710097","https://doi.org/10.7303/syn53710097 Cough metadata: https://"
"941","16","pmc:PMC10996751","syn53710098","https://doi.org/10.7303/syn53710098 Solicited Coughs: https:"
"942","16","pmc:PMC10996751","syn40358494","https://doi.org/10.7303/syn40358494 Longitudinal Coughs: htt"
"943","16","pmc:PMC10996751","syn40358476","https://doi.org/10.7303/syn40358476 Data Dictionary: https:/"
"944","16","pmc:PMC10996751","syn41743692","https://doi.org/10.7303/syn41743692 Data sharing and model b"
"945","16","pmc:PMC10996751","syn31472953","https://doi.org/10.7303/syn31472953 REFERENCES 1 WHO . Globa"
"946","16","pmc:PMC10996749","syn10901595","https://doi.org/10.7303/syn10901595 ) that are used to gener"
"947","16","pmc:PMC10998380","syn3193805","ge (2015). 2015. 10.7303/syn3193805. 104. Tang Y, Yang D, Li"
"948","16","pmc:PMC10999606","syn17008936","rg with accession number syn17008936. Code used in this publi"
"949","16","pmc:PMC11003869","syn52600803","apse under project SynID syn52600803 . Source code and analys"
"950","16","pmc:PMC11005142","syn21438358","ww.synapse.org/#!Synapse:syn21438358 ) and Kracht and colleag"
"951","16","pmc:PMC11009252","syn1446183","ww.synapse.org/#!Synapse:syn1446183 , respectively. Clinical"
"952","16","pmc:PMC11009983","syn53694312","ww.synapse.org/#!Synapse:syn53694312 ). The data can be explo"
"953","16","pmc:PMC11021587","syn54153421","rks) under Project SynID syn54153421, at https://www.synapse."
"954","16","pmc:PMC11021587","syn54153421","ww.synapse.org/#!Synapse:syn54153421/wiki/626686 . The public"
"955","16","pmc:PMC11023937","syn18485175","E152020 ; and snRNA-seq, syn18485175. Micro-C data were downl"
"956","16","pmc:PMC11024353","syn20801188","ww.synapse.org/#!Synapse:syn20801188 ); bulk-seq data from RO"
"957","16","pmc:PMC11024353","syn23650893","ww.synapse.org/#!Synapse:syn23650893 ); bulk-seq data from Ma"
"958","16","pmc:PMC11024353","syn5550404","ww.synapse.org/#!Synapse:syn5550404 ); snRNA-seq data from M"
"959","16","pmc:PMC11024353","syn18485175","ww.synapse.org/#!Synapse:syn18485175 ); and snRNA-seq data fr"
"960","16","pmc:PMC11030506","syn52264219","at the Synapse platform (syn52264219). ATAC-Seq Data Generati"
"961","16","pmc:PMC11030506","syn54079051","ww.synapse.org/#!Synapse:syn54079051 . Supplementary Files Th"
"962","16","pmc:PMC11032436","syn2759792","w.synapse.org//#!Synapse:syn2759792/wiki/69613 ). Briefly, w"
"963","16","pmc:PMC11034945","syn4566010","e Portal Synapse 10.7303/syn4566010 References Aberg KA McCl"
"964","16","pmc:PMC11035624","syn25826362","Sage Synapse at 10.7303/syn25826362 (a free account is requi"
"965","16","pmc:PMC11035624","syn25826362","38 19 4613 4621 10.7303/syn25826362 35972352 20. 2015 BioIma"
"966","16","pmc:PMC11036294","syn3157275","ww.synapse.org/#!Synapse:syn3157275 , (accessed on 12 Decemb"
"967","16","pmc:PMC11037540","syn3157322","e Mathys and colleagues (syn3157322) [ 28 ] dataset download"
"968","16","pmc:PMC11037540","syn3157322","ww.synapse.org/#!Synapse:syn3157322 and deposited by Mathys"
"969","16","pmc:PMC11042309","syn53185805","ospecimen metadata file (syn53185805). Brain tissue homogeniz"
"970","16","pmc:PMC11042309","syn51732482","sPage/StudyDetails?Study=syn51732482 ). Table 4 provides a li"
"971","16","pmc:PMC11042309","syn53420672","https://doi.org/10.7303/syn53420672 , https://doi.org/10.730"
"972","16","pmc:PMC11042309","syn53420673","https://doi.org/10.7303/syn53420673 , https://doi.org/10.730"
"973","16","pmc:PMC11042309","syn53420674","https://doi.org/10.7303/syn53420674 , https://doi.org/10.730"
"974","16","pmc:PMC11042309","syn53420676","https://doi.org/10.7303/syn53420676 , https://doi.org/10.730"
"975","16","pmc:PMC11042309","syn53420677","https://doi.org/10.7303/syn53420677 (also listed in Table 4"
"976","16","pmc:PMC11043077","syn32136022","org under accession code syn32136022. The breast cancer bulk"
"977","16","pmc:PMC11044291","syn23191787","ww.synapse.org/#!Synapse:syn23191787/wiki/606404 ) [ 46 ], mQ"
"978","16","pmc:PMC11045878","syn18485175","ase (AD) ROSMAP Synapse: syn18485175 Software and algorithms"
"979","16","pmc:PMC11045878","syn18485175","ww.synapse.org/#!Synapse:syn18485175 ) under the https://doi."
"980","16","pmc:PMC11045878","syn18485175","https://doi.org/10.7303/syn18485175 . The data are available"
"981","16","pmc:PMC11049136","syn3800853","synapse.org (synapse ID: syn3800853, accessed on 15 February"
"982","16","pmc:PMC11049136","syn17008935","synapse.org (synapse ID: syn17008935, accessed on 15 February"
"983","16","pmc:PMC11049136","syn3157325","synapse.org (synapse ID: syn3157325, accessed on 15 February"
"984","16","pmc:PMC11049136","syn5550404","synapse.org (synapse ID: syn5550404, accessed on 15 February"
"985","16","pmc:PMC11049304","syn5550404","Clinic RNA-seq dataset (syn5550404, Synapse.org ; https://w"
"986","16","pmc:PMC11049304","syn5550404","ww.synapse.org/#!Synapse:syn5550404 ), which compared 134 pa"
"987","16","pmc:PMC11052574","syn26534443","https://doi.org/10.7303/syn26534443 ). Funding Information T"
"988","16","pmc:PMC11052574","syn26534443","https://doi.org/10.7303/syn26534443 ). The following dataset"
"989","16","pmc:PMC11052574","syn26534443","em cells Synapse 10.7303/syn26534443 References Ackermann AM"
"990","16","pmc:PMC11058328","syn17038081","ww.synapse.org/#!Synapse:syn17038081/files/ ). In addition, o"
"991","16","pmc:PMC11059185","syn53502566","at Synapse.org: (10.7303/syn53502566.1) 89 . The raw transcri"
"992","16","pmc:PMC11059185","syn53502566","rg/repo/v1/doi/locate?id=syn53502566&type=ENTITY&version=1 (2"
"993","16","pmc:PMC11059271","syn12299750","napse.org from accession syn12299750 25 , 26 . These data ori"
"994","16","pmc:PMC11061925","syn3219045","41 ] with accession code syn3219045. The preprocessed data w"
"995","16","pmc:PMC11065001","syn21125841","from Synapse (synapse ID syn21125841). The ROSMAP data has 11"
"996","16","pmc:PMC11065001","syn21125841","Synapse under Synapse ID syn21125841 [ https://www.synapse.or"
"997","16","pmc:PMC11065001","syn21125841","ww.synapse.org/#!Synapse:syn21125841/wiki/597278 ]. The pySCE"
"998","16","pmc:PMC11065022","syn10901595","tal under accession code syn10901595 ( https://www.synapse.or"
"999","16","pmc:PMC11065022","syn10901595","ww.synapse.org/#!Synapse:syn10901595 ; see https://adknowledg"
"1000","16","pmc:PMC11065022","syn10901595","se . 2017 , doi: 10.7303/syn10901595 32. Lambert SA , Jolma A"
"1001","16","pmc:PMC11065257","syn3193805","hare [Internet]. 10.7303/syn3193805 . doi: 10.7303/syn319380"
"1002","16","pmc:PMC11065257","syn3193805","yn3193805 . doi: 10.7303/syn3193805 55 Kavur AE , Gezer NS ,"
"1003","16","pmc:PMC11065703","syn36812517","ww.synapse.org/#!Synapse:syn36812517/wiki/619350 . Code avail"
"1004","16","pmc:PMC11068064","syn28546456","ww.synapse.org/#!Synapse:syn28546456/wiki/617255 , https://gi"
"1005","16","pmc:PMC11068064","syn3193805","ww.synapse.org/#!Synapse:syn3193805 and https://wiki.canceri"
"1006","16","pmc:PMC11068064","syn4224222","ww.synapse.org/#!Synapse:syn4224222/wiki/401743 45. Hugging"
"1007","16","pmc:PMC11070398","syn1695394","ww.synapse.org/#!Synapse:syn1695394 . The fraction of each g"
"1008","16","pmc:PMC11071432","syn53420674","https://doi.org/10.7303/syn53420674 . Search results and dat"
"1009","16","pmc:PMC11071432","syn55225561","https://doi.org/10.7303/syn55225561 . Summary data is also a"
"1010","16","pmc:PMC11071554","syn51150434","napse.org/ ; identifier: syn51150434) eQTL catalogue ( https:"
"1011","16","pmc:PMC11071577","syn24872746","ww.synapse.org/#!Synapse:syn24872746 GCTA (mBAT-combo and COJ"
"1012","16","pmc:PMC11074339","syn15667962","r from Sage Bionetworks (syn15667962), to predict the relevan"
"1013","16","pmc:PMC11076546","syn31513378","rtal.org ; accession No. syn31513378 ). The full complement o"
"1014","16","pmc:PMC11076581","syn7824274","ww.synapse.org/ Synapse: syn7824274), we obtained informatio"
"1015","16","pmc:PMC11076587","syn51365301","ww.synapse.org/#!Synapse:syn51365301 on August 2023. The four"
"1016","16","pmc:PMC11077411","syn26067631","ww.synapse.org/#!Synapse:syn26067631/wiki/621745"
"1017","16","pmc:PMC11081546","syn4382383","w.synapse.org/# !Synapse:syn4382383). [ 21 ] In addition, we"
"1018","16","pmc:PMC11082197","syn16795931","following synapse ids - syn16795931 – Brodmann Area (BM10) –"
"1019","16","pmc:PMC11082197","syn16795934","10) – frontal pole (FP), syn16795934 - BM22 - superior tempor"
"1020","16","pmc:PMC11082197","syn16795937","or temporal gyrus (STG), syn16795937 - BM36 - parahippocampal"
"1021","16","pmc:PMC11082197","syn16795940","hippocampal gyrus (PHG), syn16795940 – BM44 - inferior fronta"
"1022","16","pmc:PMC11082197","syn3159438","rt (MSBB) study (10.7303/syn3159438). The pre-processed data"
"1023","16","pmc:PMC11086901","syn3157743","from the Synapse portal (syn3157743). It is publicly availab"
"1024","16","pmc:PMC11086901","syn25006650","e AMP-AD Synapse portal (syn25006650) processed by Johnson an"
"1025","16","pmc:PMC11086901","syn21347564","from the Synapse portal (syn21347564). In short, before TMT l"
"1026","16","pmc:PMC11086901","syn17008934","from the Synapse portal (syn17008934) available from AMP-AD."
"1027","16","pmc:PMC11086901","syn10235609","n be found on Synapse at syn10235609. The DLPFC metabolomic d"
"1028","16","pmc:PMC11086901","syn25878459","om Synapse in July 2021 (syn25878459). The platform measured"
"1029","16","pmc:PMC11086901","syn25006647","as obtained from AMP-AD (syn25006647) and processed by Johnso"
"1030","16","pmc:PMC11087195","syn51236902","available at Synapse ID: syn51236902. Supplementary Tables ar"
"1031","16","pmc:PMC11087195","syn51369737","available on Synapse at syn51369737. Declarations Ethics App"
"1032","16","pmc:PMC11087501","syn18103849","expression from Synapse (syn18103849). These results included"
"1033","16","pmc:PMC11089003","syn21438358","ww.synapse.org/#!Synapse:syn21438358 ). The list of GWAS risk"
"1034","16","pmc:PMC11089696","syn18485175","Synapse license (SynID: syn18485175). Declarations Ethics ap"
"1035","16","pmc:PMC11089773","syn22127152","ww.synapse.org/#!Synapse:syn22127152 . We collected the class"
"1036","16","pmc:PMC11089773","syn22127343","ww.synapse.org/#!Synapse:syn22127343 ). The challenge contain"
"1037","16","pmc:PMC11092597","syn11707420","S VCF files (Synapse ID: syn11707420) generated by The Whole"
"1038","16","pmc:PMC11092597","syn7357283","from ROSMAP (Synapse ID: syn7357283) were generated as descr"
"1039","16","pmc:PMC11092597","syn11707420","from ROSMAP (Synapse ID: syn11707420) and the IDAT files for"
"1040","16","pmc:PMC11092597","syn7357283","microarray (Synapse ID: syn7357283) are accessible for down"
"1041","16","pmc:PMC11092597","syn57397239","e agreement (Synapse ID: syn57397239). These summarized datas"
"1042","16","pmc:PMC11092597","syn57397243","ial methylation results (syn57397243), tensorQTL results (syn"
"1043","16","pmc:PMC11092597","syn57398471","243), tensorQTL results (syn57398471), DAP-G fine-mapped QTL"
"1044","16","pmc:PMC11092597","syn57398365","fine-mapped QTL results (syn57398365), variant-level colocali"
"1045","16","pmc:PMC11092597","syn57397535","colocalization results (syn57397535), and PTWAS results (syn"
"1046","16","pmc:PMC11092597","syn57398295","535), and PTWAS results (syn57398295). Gene-level scores from"
"1047","16","pmc:PMC11094420","syn7222066","ww.synapse.org/#!Synapse:syn7222066 and https://genie.cbiopo"
"1048","16","pmc:PMC11094870","syn2820440","ww.synapse.org/#!Synapse:syn2820440/files/ ). DREAM5 compris"
"1049","16","pmc:PMC11094870","syn2787209","ww.synapse.org/#!Synapse:syn2787209/files/ . MR-GGI are down"
"1050","16","pmc:PMC11094870","syn2787209","ww.synapse.org/#!Synapse:syn2787209/files/ . 15. Albert FW B"
"1051","16","pmc:PMC11096318","syn51156910","ww.synapse.org/#!Synapse:syn51156910/wiki/ . 14. Calabrese, E"
"1052","16","pmc:PMC11096318","syn51514106","Dataset. Synapse 10.7303/syn51514106 (2023). 15. Rohlfing T Z"
"1053","16","pmc:PMC11096330","syn3388564","ww.synapse.org/#!Synapse:syn3388564 , https://www.synapse.or"
"1054","16","pmc:PMC11096330","syn17015098","ww.synapse.org/#!Synapse:syn17015098 ). The source data behin"
"1055","16","pmc:PMC11098751","syn25569736","ww.synapse.org/#!Synapse:syn25569736/wiki/612269 . The raw sc"
"1056","16","pmc:PMC11098881","syn3193805","ww.synapse.org/#!Synapse:syn3193805/wiki/89480 . Publisher's"
"1057","16","pmc:PMC11099140","syn52295155","ase under accession code syn52295155 ( www.synapse.org/#!Syna"
"1058","16","pmc:PMC11099140","syn52295155","ww.synapse.org/#!Synapse:syn52295155 ). The newly generated R"
"1059","16","pmc:PMC11100843","syn26337520","ww.synapse.org/#!Synapse:syn26337520 ]. Subject IDs are not k"
"1060","16","pmc:PMC11100843","syn18934100","ww.synapse.org/#!Synapse:syn18934100 ]. The second study cons"
"1061","16","pmc:PMC11100843","syn7416949","ww.synapse.org/#!Synapse:syn7416949 ]. PsychENCODE: A total"
"1062","16","pmc:PMC11100843","syn8365527","ww.synapse.org/#!Synapse:syn8365527 ]. BrainSpan: A total of"
"1063","16","pmc:PMC11100843","syn8298777","ww.synapse.org/#!Synapse:syn8298777 ]. FANS-derived neuronal"
"1064","16","pmc:PMC11100843","syn25716684","ww.synapse.org/#!Synapse:syn25716684/wiki/610496 ] Molecular"
"1065","16","pmc:PMC11100843","syn26337520","ase under accession code syn26337520 [ https://www.synapse.or"
"1066","16","pmc:PMC11100843","syn26337520","ww.synapse.org/#!Synapse:syn26337520 ]. Secondary data analys"
"1067","16","pmc:PMC11100843","syn18934100","er the accession numbers syn18934100, syn7416949, syn8365527,"
"1068","16","pmc:PMC11100843","syn7416949","ion numbers syn18934100, syn7416949, syn8365527, syn8298777,"
"1069","16","pmc:PMC11100843","syn8365527","syn18934100, syn7416949, syn8365527, syn8298777, syn25716684"
"1070","16","pmc:PMC11100843","syn8298777","syn7416949, syn8365527, syn8298777, syn25716684, at GEO und"
"1071","16","pmc:PMC11100843","syn25716684","syn8365527, syn8298777, syn25716684, at GEO under the access"
"1072","16","pmc:PMC11100897","syn22264775","ation Study (Synapse ID: syn22264775). RNA-seq data for the s"
"1073","16","pmc:PMC11100897","syn21241740","seq Harmonization Study (syn21241740). Only white people with"
"1074","16","pmc:PMC11100897","syn22264775","ww.synapse.org/#!Synapse:syn22264775 ) and the RNA-seq data i"
"1075","16","pmc:PMC11100897","syn21241740","ww.synapse.org/#!Synapse:syn21241740 ) are publicly available"
"1076","16","pmc:PMC11101435","syn16803262","ww.synapse.org/#!Synapse:syn16803262 ) and through the NIMH d"
"1077","16","pmc:PMC11101463","syn18485175","ww.synapse.org/#!Synapse:syn18485175 ) under the doi 10.7303/"
"1078","16","pmc:PMC11101463","syn18485175",") under the doi 10.7303/syn18485175 5 . The data is availabl"
"1079","16","pmc:PMC11102269","syn26465623","ww.synapse.org/#!Synapse:syn26465623 ), respectively. Genome"
"1080","16","pmc:PMC11102269","syn17038081","ww.synapse.org/#!Synapse:syn17038081/tables/ . Only the varia"
"1081","16","pmc:PMC11102269","syn32908224","ww.synapse.org/#!Synapse:syn32908224/tables/ (see also Additi"
"1082","16","pmc:PMC11105346","syn44142724","rg/repo/v1/doi/locate?id=syn44142724&type=ENTITY 07/Jan/2024"
"1083","16","pmc:PMC11106394","syn30803310","406 (MALDI), synapse.org syn30803310 (CyCIF) Shekarian et al."
"1084","16","pmc:PMC11106394","syn22314624","A-seq Synapse.org synID: syn22314624 Richards et al. (2021) m"
"1085","16","pmc:PMC11108776","syn53699039","ww.synapse.org/#!Synapse:syn53699039/files/ ). Controlled-tie"
"1086","16","pmc:PMC11109119","syn2634724","ww.synapse.org/#!Synapse:syn2634724 ) and used for validatio"
"1087","16","pmc:PMC11109119","syn2634724","ww.synapse.org/#!Synapse:syn2634724 ], and single-cell RNA s"
"1088","16","pmc:PMC11111684","syn2759792","ww.synapse.org/#!Synapse:syn2759792/ ). GWAS summary statist"
"1089","16","pmc:PMC11111906","syn51236108","ww.synapse.org/#!Synapse:syn51236108 (accessed March 20, 2024"
"1090","16","pmc:PMC11112958","syn21694522","ional file 2 : Table S1 (syn21694522 [ 61 ], GSM4878207 [ 62"
"1091","16","pmc:PMC11112958","syn21676145","ww.synapse.org/#!Synapse:syn21676145 . 62. Sárvári AK, Van Ha"
"1092","16","pmc:PMC11114225","syn8263588","https://doi.org/10.7303/syn8263588 . All studies used the I"
"1093","16","pmc:PMC11114225","syn3219045","https://doi.org/10.7303/syn3219045 . WGS .vcf files (varian"
"1094","16","pmc:PMC11114225","syn22264775","sPage/StudyDetails?Study=syn22264775 . LIBD: Raw methylation"
"1095","16","pmc:PMC11114225","syn8263588","https://doi.org/10.7303/syn8263588 . SNP genotypes were dow"
"1096","16","pmc:PMC11114225","syn10537134","https://doi.org/10.7303/syn10537134 . GWAS summary statistic"
"1097","16","pmc:PMC11114236","syn18681734","ww.synapse.org/#!Synapse:syn18681734 . For CMC snRNA-seq data"
"1098","16","pmc:PMC11114236","syn48958066","d in the Capstone paper (syn48958066). The preprocessing of s"
"1099","16","pmc:PMC11114236","syn11724057","ww.synapse.org/#!Synapse:syn11724057 . The data have been imp"
"1100","16","pmc:PMC11114236","syn48955488","https://doi.org/10.7303/syn48955488; https://nda.nih.gov/edi"
"1101","16","pmc:PMC11114236","syn3270015","https://doi.org/10.7303/syn3270015 ). The PsychENCODE Knowl"
"1102","16","pmc:PMC11118306","syn25569736","ww.synapse.org/#!Synapse:syn25569736/wiki/612269 ). The scATA"
"1103","16","pmc:PMC11118681","syn9702085","ww.synapse.org/#!Synapse:syn9702085 ) with Synapse ID: syn84"
"1104","16","pmc:PMC11118681","syn8456637","02085 ) with Synapse ID: syn8456637. Source data were collec"
"1105","16","pmc:PMC11118681","syn52293417","ww.synapse.org/#!Synapse:syn52293417 ) with Synapse ID: syn25"
"1106","16","pmc:PMC11118681","syn2580853","93417 ) with Synapse ID: syn2580853. Source data were collec"
"1107","16","pmc:PMC11127995","syn51625685","aded from Synapse (SynID syn51625685) following the instructi"
"1108","16","pmc:PMC11127995","syn51625685","RALPACA) Synapse 10.7303/syn51625685 28. Maceo, A. Friction r"
"1109","16","pmc:PMC11133839","syn11374354","https://doi.org/10.7303/syn11374354 Partial WGS data: NF1 va"
"1110","16","pmc:PMC11133839","syn11374354","https://doi.org/10.7303/syn11374354 Software and algorithms"
"1111","16","pmc:PMC11142156","syn52297840","https://doi.org/10.7303/syn52297840 ). The bulk RNA-seq data"
"1112","16","pmc:PMC11143375","syn53650034","pse under accession code syn53650034 141 . Source data are pr"
"1113","16","pmc:PMC11143375","syn52297840","pse under accession code syn52297840 142 . Cultured unstimula"
"1114","16","pmc:PMC11143375","syn53650034","thritis. Synapse 10.7303/syn53650034 (2024). 142. Zhang, F. e"
"1115","16","pmc:PMC11143375","syn52297840","ubtypes. Synapse 10.7303/syn52297840 (2023)."
"1116","16","pmc:PMC11143965","syn11374353","https://doi.org/10.7303/syn11374353 ) and are available unde"
"1117","16","pmc:PMC11144322","syn54950908","able on SYNAPSE (10.7303/syn54950908). Declarations Ethics ap"
"1118","16","pmc:PMC11144614","syn27056697","ww.synapse.org/#!Synapse:syn27056697 ). Patients with advance"
"1119","16","pmc:PMC11144676","syn52386226","https://doi.org/10.7303/syn52386226 Declarations Ethical app"
"1120","16","pmc:PMC11145170","syn7222066","ww.synapse.org/#!Synapse:syn7222066/wiki/410922 . The raw fi"
"1121","16","pmc:PMC11145390","syn21788425","ww.synapse.org/#!Synapse:syn21788425/files/ into the same wor"
"1122","16","pmc:PMC11145390","syn21788425","ww.synapse.org/#!Synapse:syn21788425/files/ into the workspac"
"1123","16","pmc:PMC11145390","syn21788425","ww.synapse.org/#!Synapse:syn21788425/files/ Software and algo"
"1124","16","pmc:PMC11145390","syn21788425","ww.synapse.org/#!Synapse:syn21788425/files/ Other macOS Apple"
"1125","16","pmc:PMC11145390","syn21788425","ww.synapse.org/#!Synapse:syn21788425/files/ . R code used in"
"1126","16","pmc:PMC11150309","syn4650265","ww.synapse.org/#!Synapse:syn4650265 ) [ 1 ]. The normalized"
"1127","16","pmc:PMC11178567","syn25101790","ww.synapse.org/#!Synapse:syn25101790/wiki/608802 . Accessed 1"
"1128","16","pmc:PMC11180851","syn53128146","https://doi.org/10.7303/syn53128146 . REFERENCES 1 Baumgart"
"1129","16","pmc:PMC11180854","syn22313528","tudies/DetailsPage?Study=syn22313528 ). In brief, metabolites"
"1130","16","pmc:PMC11180854","syn22313586","ww.synapse.org/#!Synapse:syn22313586 . ADNI p180: https://www"
"1131","16","pmc:PMC11180854","syn7440346","ww.synapse.org/#!Synapse:syn7440346 . ROS/MAP p180: https://"
"1132","16","pmc:PMC11180854","syn26007829","ww.synapse.org/#!Synapse:syn26007829 . REFERENCES 1 Karch CM"
"1133","16","pmc:PMC11186631","syn4976363","eneExp.tsv’ (synapse id: syn4976363). Briefly, the matrices"
"1134","16","pmc:PMC11186631","syn4976363","wnloaded from synapse id syn4976363 (EB ++GeneExpAnnotation."
"1135","16","pmc:PMC11186631","syn4976363","eqV2.geneExp.tsv synapse syn4976363 TCGA 2018 mRNAseq_Prepro"
"1136","16","pmc:PMC11187912","syn26844071","(Wilcoxon test, dataset: syn26844071), p ‐value < 2.2×10 −16"
"1137","16","pmc:PMC11187912","syn26844071","l cancer cells (dataset: syn26844071), D) Representative immu"
"1138","16","pmc:PMC11187912","syn26844071","(Wilcoxon test, dataset: syn26844071). Then, we investigated"
"1139","16","pmc:PMC11187912","syn26844071","nder the accession codes syn26844071 ( https://www.synapse.or"
"1140","16","pmc:PMC11187912","syn26844071","ww.synapse.org/#!Synapse:syn26844071/ ) [ 26 ] and and GEO da"
"1141","16","pmc:PMC11190273","syn52669545","pt landing page (10.7303/syn52669545). The single-nucleus RNA"
"1142","16","pmc:PMC11190273","syn31511672","tudy (MC_snRNA) (10.7303/syn31511672). The zebrafish gliovasc"
"1143","16","pmc:PMC11190273","syn22024536","ng (MCSA) (accession ID: syn22024536). The additional data ge"
"1144","16","pmc:PMC11190273","syn58577320","nowledge Portal (10.7303/syn58577320). Competing interests Th"
"1145","16","pmc:PMC11192077","syn22302605","/www.synapse.org/Synapse:syn22302605/wiki/604951 and https://"
"1146","16","pmc:PMC11192082","syn52429757",".org/ ) under project ID syn52429757. Alignment and quantific"
"1147","16","pmc:PMC11192082","syn52429757",".org/ ) under project ID syn52429757. Jupyter notebooks for p"
"1148","16","pmc:PMC11192082","syn53633852","https://doi.org/10.7303/syn53633852.1 and R scripts DOI is h"
"1149","16","pmc:PMC11192082","syn53633857","https://doi.org/10.7303/syn53633857.1 ) or on GitHub at http"
"1150","16","pmc:PMC11192082","syn53637088","synapse under project ID syn53637088 ( https://doi.org/10.730"
"1151","16","pmc:PMC11192082","syn53637088","https://doi.org/10.7303/syn53637088 ). Supplementary Materia"
"1152","16","pmc:PMC11192733","syn5550404","AD Knowledge Portal (ID: syn5550404) 55 . The data comprises"
"1153","16","pmc:PMC11192733","syn5550404","AD Knowledge Portal (ID: syn5550404). We thank the teams of"
"1154","16","pmc:PMC11194087","syn25716684","https://doi.org/10.7303/syn25716684 , https://doi.org/10.730"
"1155","16","pmc:PMC11194087","syn25931622","https://doi.org/10.7303/syn25931622 , https://doi.org/10.730"
"1156","16","pmc:PMC11194087","syn21754060","https://doi.org/10.7303/syn21754060 , and https://doi.org/10"
"1157","16","pmc:PMC11194087","syn12034263","https://doi.org/10.7303/syn12034263 . Processed ChIP-seq H3K"
"1158","16","pmc:PMC11195283","syn52047893","ww.synapse.org/#!Synapse:syn52047893 45 . The GTEx sQTL data"
"1159","16","pmc:PMC11199635","syn52965326","rough this link (10.7303/syn52965326.1). Registered Synapse u"
"1160","16","pmc:PMC11199635","syn51471091","ww.synapse.org/#!Synapse:syn51471091/wiki/622170 ). Supplemen"
"1161","16","pmc:PMC11199635","syn52965326","dataset Synapse 10.7303/syn52965326.1 22. Griswold MA Genera"
"1162","16","pmc:PMC11204300","syn53642785","Synapse (Project SynID: syn53642785): https://www.synapse.or"
"1163","16","pmc:PMC11204300","syn53642785","ww.synapse.org/#!Synapse:syn53642785/wiki/626685 . Other data"
"1164","16","pmc:PMC11208446","syn3157329","edge Portal (synapse ID: syn3157329). DNA was extracted from"
"1165","16","pmc:PMC11208617","syn7416949","ww.synapse.org/#!Synapse:syn7416949 ]. PsychENCODE A total o"
"1166","16","pmc:PMC11208617","syn8298777","ww.synapse.org/#!Synapse:syn8298777 ]. FANS-derived neuronal"
"1167","16","pmc:PMC11208617","syn25716684","ww.synapse.org/#!Synapse:syn25716684/wiki/610496 ]. Molecular"
"1168","16","pmc:PMC11208617","syn26337520","ase under accession code syn26337520 . Secondary data analysi"
"1169","16","pmc:PMC11208617","syn18934100","er the accession numbers syn18934100, syn7416949, syn8365527,"
"1170","16","pmc:PMC11208617","syn7416949","ion numbers syn18934100, syn7416949, syn8365527, syn8298777,"
"1171","16","pmc:PMC11208617","syn8365527","syn18934100, syn7416949, syn8365527, syn8298777, syn25716684"
"1172","16","pmc:PMC11208617","syn8298777","syn7416949, syn8365527, syn8298777, syn25716684, at GEO und"
"1173","16","pmc:PMC11208617","syn25716684","syn8365527, syn8298777, syn25716684, at GEO under the access"
"1174","16","pmc:PMC11210445","syn26007829","ww.synapse.org/#!Synapse:syn26007829 . The p180 platform is a"
"1175","16","pmc:PMC11210445","syn3388564","ww.synapse.org/#!Synapse:syn3388564 . Demographic informatio"
"1176","16","pmc:PMC11210445","syn26007829","ww.synapse.org/#!Synapse:syn26007829 ; https://www.synapse.or"
"1177","16","pmc:PMC11210445","syn3388564","ww.synapse.org/#!Synapse:syn3388564 . All code supporting th"
"1178","16","pmc:PMC11213071","syn53185135","https://doi.org/10.7303/syn53185135 ), with the individual d"
"1179","16","pmc:PMC11213071","syn31488784","https://doi.org/10.7303/syn31488784 ) and through the INCLUD"
"1180","16","pmc:PMC11213071","syn53185253","https://doi.org/10.7303/syn53185253 ) and FlowRepository, St"
"1181","16","pmc:PMC11213071","syn31475487","https://doi.org/10.7303/syn31475487 ) and the INCLUDE Data H"
"1182","16","pmc:PMC11213071","syn31488780","https://doi.org/10.7303/syn31488780 ), the INCLUDE Data Hub,"
"1183","16","pmc:PMC11213071","syn53185250","https://doi.org/10.7303/syn53185250 ), and NCBI Gene Express"
"1184","16","pmc:PMC11213071","syn53185252","https://doi.org/10.7303/syn53185252 ). Code Availability Sta"
"1185","16","pmc:PMC11215552","syn4231880","iction dream challenge - syn4231880. 2015 . Zagidullin B , A"
"1186","16","pmc:PMC11217418","syn52745629","ww.synapse.org/#!Synapse:syn52745629 ). To directly compare g"
"1187","16","pmc:PMC11217418","syn52745629","ww.synapse.org/#!Synapse:syn52745629 ). The original implemen"
"1188","16","pmc:PMC11217418","syn2759792","nowledge portal: 10.7303/syn2759792. The SHIP-Trend study ge"
"1189","16","pmc:PMC11217612","syn4921369","ww.synapse.org/#!Synapse:syn4921369 (identifier: syn21557948"
"1190","16","pmc:PMC11217612","syn21557948",":syn4921369 (identifier: syn21557948). RNA sequencing data fr"
"1191","16","pmc:PMC11218415","syn60245188","apse.org , ProjectSynID: syn60245188 and syn50996869). Access"
"1192","16","pmc:PMC11218415","syn50996869","ctSynID: syn60245188 and syn50996869). Access will be avaliab"
"1193","16","pmc:PMC11219798","syn10468856","https://doi.org/10.7303/syn10468856 ), epigenetics (DNA meth"
"1194","16","pmc:PMC11219798","syn3157275","https://doi.org/10.7303/syn3157275 ), genomic variants (SNP"
"1195","16","pmc:PMC11219798","syn3157325","https://doi.org/10.7303/syn3157325 ) and gene expression (R"
"1196","16","pmc:PMC11219798","syn3388564","https://doi.org/10.7303/syn3388564 ). These four datasets w"
"1197","16","pmc:PMC11219798","syn10468856","https://doi.org/10.7303/syn10468856 , https://doi.org/10.730"
"1198","16","pmc:PMC11219798","syn3157275","https://doi.org/10.7303/syn3157275 , https://doi.org/10.730"
"1199","16","pmc:PMC11219798","syn3157325","https://doi.org/10.7303/syn3157325 , https://doi.org/10.730"
"1200","16","pmc:PMC11219798","syn3388564","https://doi.org/10.7303/syn3388564 . Ethics statement The s"
"1201","16","pmc:PMC11221658","syn17093056","ww.synapse.org/#!Synapse:syn17093056/tables/RhesusmRNA-seq )"
"1202","16","pmc:PMC11224332","syn23627957","vailable through 10.7303/syn23627957. The smaller pQTL data f"
"1203","16","pmc:PMC11224332","syn2580853","vailable through 10.7303/syn2580853. Brain pQTL data from th"
"1204","16","pmc:PMC11224332","syn2580853","vailable through 10.7303/syn2580853. Blood pQTL data for all"
"1205","16","pmc:PMC11224609","syn10901595","tal under accession code syn10901595 ( https://www.synapse.or"
"1206","16","pmc:PMC11224609","syn10901595","ww.synapse.org/#!Synapse:syn10901595; see https://adknowledge"
"1207","16","pmc:PMC11227559","syn31121291","accession numbers: mRNA: syn31121291; clinical: syn31121219;"
"1208","16","pmc:PMC11227559","syn31121219",": syn31121291; clinical: syn31121219; methylation: syn2359491"
"1209","16","pmc:PMC11227559","syn23594913","yn31121219; methylation: syn23594913). Code availability The"
"1210","16","pmc:PMC11228020","syn21041850","ww.synapse.org/#!Synapse:syn21041850/wiki/600865 and lambrech"
"1211","16","pmc:PMC11228499","syn17015098","synapse.org ; SynapseID: syn17015098) ( 127 ). SRM quantitati"
"1212","16","pmc:PMC11228499","syn10468856","synapse.org ; SynapseID: syn10468856) ( 129 ). ROSMAP RNA-seq"
"1213","16","pmc:PMC11228499","syn3388564","synapse.org ; SynapseID: syn3388564) ( 132 ). ROSMAP single-"
"1214","16","pmc:PMC11228499","syn31512863","ww.synapse.org/#!Synapse:syn31512863 ) ( 135 ). ROSMAP WGS mt"
"1215","16","pmc:PMC11228499","syn25618990","synapse.org ; SynapseID: syn25618990) ( 136 ). BLSA Proteomic"
"1216","16","pmc:PMC11228499","syn17015098","ted in www.synapse.org ( syn17015098 ) ( 127 ). Anonymized [T"
"1217","16","pmc:PMC11228499","syn39213792","ted in www.synapse.org ( syn39213792 ) ( 139 ). 1 B. S. McEwe"
"1218","16","pmc:PMC11228499","syn17015098","ww.synapse.org/#!Synapse:syn17015098 . Deposited 5 July 2022."
"1219","16","pmc:PMC11228499","syn10468856","ww.synapse.org/#!Synapse:syn10468856 . Deposited 18 December"
"1220","16","pmc:PMC11228499","syn3388564","ww.synapse.org/#!Synapse:syn3388564 . Deposited 18 October 2"
"1221","16","pmc:PMC11228499","syn31512863","ww.synapse.org/#!Synapse:syn31512863 . Deposited 2 March 2023"
"1222","16","pmc:PMC11228499","syn25618990","ww.synapse.org/#!Synapse:syn25618990 . Deposited 18 October 2"
"1223","16","pmc:PMC11228499","syn39213792","ww.synapse.org/#!Synapse:syn39213792 . Deposited 7 October 20"
"1224","16","pmc:PMC11228799","syn11801889","ww.synapse.org/#!Synapse:syn11801889 MSK-based genomic and cl"
"1225","16","pmc:PMC11228799","syn7222066","ww.synapse.org/#!Synapse:syn7222066/files/ Signature predict"
"1226","16","pmc:PMC11228799","syn11801889","ww.synapse.org/#!Synapse:syn11801889 ). These included TCGA W"
"1227","16","pmc:PMC11228799","syn7222066","ww.synapse.org/#!Synapse:syn7222066/files/ ). Manual curatio"
"1228","16","pmc:PMC11228799","syn11801889","ww.synapse.org/#!Synapse:syn11801889 ). These signatures were"
"1229","16","pmc:PMC11229404","syn27056700","ww.synapse.org/#!Synapse:syn27056700 . GENIE 14.1 panel infor"
"1230","16","pmc:PMC11229404","syn52918985","ww.synapse.org/#!Synapse:syn52918985 . The GFF3 is available"
"1231","16","pmc:PMC11229404","syn21785741","ww.synapse.org/#!Synapse:syn21785741. Results Given the long"
"1232","16","pmc:PMC11230164","syn28450881","downloaded from Synapse (syn28450881 and syn22314351), and pr"
"1233","16","pmc:PMC11230164","syn22314351","Synapse (syn28450881 and syn22314351), and processed using Se"
"1234","16","pmc:PMC11230164","syn28450881","ailable through Synapse (syn28450881 and syn22314351). All sc"
"1235","16","pmc:PMC11230164","syn22314351","Synapse (syn28450881 and syn22314351). All scripts used in th"
"1236","16","pmc:PMC11231994","syn3800853","ww.synapse.org/#!Synapse:syn3800853 3 www.mirdb.org Conflict"
"1237","16","pmc:PMC11233968","syn18918968","synapse.org (Synapse ID: syn18918968). Re analysis of data fo"
"1238","16","pmc:PMC11233968","syn18918968","se database (Synapse ID: syn18918968). The unradiated and unt"
"1239","16","pmc:PMC11237088","syn18485175","arlier 9 as a reference (syn18485175), by cell type label tra"
"1240","16","pmc:PMC11237088","syn16984815","l cortical bulk tissues (syn16984815) 26 to increase power. T"
"1241","16","pmc:PMC11237088","syn25671134","lial RNA-seq dataset 48 (syn25671134) and bulk, sorted GABAer"
"1242","16","pmc:PMC11237088","syn51123521","amples from the synapse (syn51123521) 27 . For each processed"
"1243","16","pmc:PMC11237088","syn51218314","he cell annotation file (syn51218314), the object was demulti"
"1244","16","pmc:PMC11237088","syn52392369","amples from the synapse (syn52392369) 33 and converted it int"
"1245","16","pmc:PMC11237088","syn11707418","ained from WGS profiles (syn11707418). Association tests were"
"1246","16","pmc:PMC11237088","syn51753326","m Synapse with accession syn51753326 . Source data are provid"
"1247","16","pmc:PMC11239576","syn18637070","ww.synapse.org/#WSynapse:syn18637070 (accessed November 01, 2"
"1248","16","pmc:PMC11240079","syn52566791","/www.synapse.org/Synapse:syn52566791 48 Benecke J Benecke C C"
"1249","16","pmc:PMC11245855","syn52918985","rg/repo/v1/doi/locate?id=syn52918985&type=ENTITY (20 December"
"1250","16","pmc:PMC11246468","syn53437291","ww.synapse.org/#!Synapse:syn53437291/files/ ). The source dat"
"1251","16","pmc:PMC11246468","syn59808546","ww.synapse.org/#!Synapse:syn59808546 . The published human fe"
"1252","16","pmc:PMC11246497","syn7888354","se.org , login number is syn7888354. The China Nanjing Lung"
"1253","16","pmc:PMC11247674","syn26561824","ww.synapse.org/#!Synapse:syn26561824 . We also obtained RNA‐S"
"1254","16","pmc:PMC11247674","syn17095983","ww.synapse.org/#!Synapse:syn17095983 ). To start, we performe"
"1255","16","pmc:PMC11247676","syn11932957","ww.synapse.org/#!Synapse:syn11932957/tables/; SynapseID: syn1"
"1256","16","pmc:PMC11247676","syn11932957","2957/tables/; SynapseID: syn11932957). Briefly, Wan et al. (2"
"1257","16","pmc:PMC11247676","syn23660885","ww.synapse.org/#!Synapse:syn23660885 ). 2.10 Mouse–human expr"
"1258","16","pmc:PMC11247676","syn14237651","ww.synapse.org/#!Synapse:syn14237651 ). To determine the simi"
"1259","16","pmc:PMC11247716","syn10309369","networks Synapse Portal (syn10309369.1), and grouped accordin"
"1260","16","pmc:PMC11250264","syn2623706","et al. 41 from Synapse (syn2623706), Rajamäki et al. 38 and"
"1261","16","pmc:PMC11252419","syn26844071","nder the accession codes syn26844071 [https://www.synapse.org"
"1262","16","pmc:PMC11252419","syn26844071","ww.synapse.org/#!Synapse:syn26844071/wiki/615389] . The iMGL"
"1263","16","pmc:PMC11254464","syn44142724","trico Brasileiro 10.7303/syn44142724 30 Aydın G. A. Ünal S. Ö"
"1264","16","pmc:PMC11254630","syn51365301","ww.synapse.org/#!Synapse:syn51365301 ) ( 15 ). In the MR stud"
"1265","16","pmc:PMC11255727","syn51364943","https://doi.org/10.7303/syn51364943 ). The statistical code"
"1266","16","pmc:PMC11257892","syn51365301","/www.synapse.org/Synapse:syn51365301 ) for analyses. This is"
"1267","16","pmc:PMC11258126","syn4976369","ww.synapse.org/#!Synapse:syn4976369 ] and beta values for me"
"1268","16","pmc:PMC11258126","syn4557906","ww.synapse.org/#!Synapse:syn4557906 ]. Clinical data for tho"
"1269","16","pmc:PMC11258126","syn8402823","ww.synapse.org/#!Synapse:syn8402823 ]. Metadata for the CpG"
"1270","16","pmc:PMC11258338","syn52673607","/www.synapse.org/Synapse:syn52673607 (free Synapse account is"
"1271","16","pmc:PMC11258485","syn5550404","ted by Mayo (Synapse ID: syn5550404) was analyzed. Humanin t"
"1272","16","pmc:PMC11262832","syn23627957","https://doi.org/10.7303/syn23627957 [ 11 ]. Blood: SOMAscan"
"1273","16","pmc:PMC11265146","syn2623706","RCA and from Synapse (ID syn2623706) for TCGA COAD CMS subty"
"1274","16","pmc:PMC11267505","syn60959798","/www.synapse.org/Synapse:syn60959798/files/ ). Ethics Stateme"
"1275","16","pmc:PMC11271286","syn32309524","e (GENIE) (Release 11.1; syn32309524) 44 , 45 . In these stud"
"1276","16","pmc:PMC11271532","syn3219045","n area (ROSMAP) 60 , 62 (syn3219045). Participants were clas"
"1277","16","pmc:PMC11271532","syn5550404","egenerative diseases 63 (syn5550404). Normalized gene counts"
"1278","16","pmc:PMC11271532","syn20818651","bout the QC, please see (syn20818651). Then, the same data pr"
"1279","16","pmc:PMC11271532","syn3159438","dical Center Brain Bank (syn3159438). The dataset includes 2"
"1280","16","pmc:PMC11271532","syn3219045","): ROSMAP study (10.7303/syn3219045), the Mayo RNA-seq Study"
"1281","16","pmc:PMC11271532","syn5550404","o RNA-seq Study (10.7303/syn5550404) and the MSBB Study (10."
"1282","16","pmc:PMC11271532","syn3159438","the MSBB Study (10.7303/syn3159438). Data from these studie"
"1283","16","pmc:PMC11271596","syn53009474","form at the link 10.7303/syn53009474. To access the data, res"
"1284","16","pmc:PMC11271596","syn53009474","controls Synapse 10.7303/syn53009474 Dubbioso, R. et al . Voc"
"1285","16","pmc:PMC11271596","syn53009474","ontrols. Synapse 10.7303/syn53009474 (2024). 10.7303/syn53009"
"1286","16","pmc:PMC11271596","syn53009474","53009474 (2024). 10.7303/syn53009474 18. Chan A-W Spirit 2013"
"1287","16","pmc:PMC11271822","syn25666186","ww.synapse.org/#!Synapse:syn25666186 ). Results The resulting"
"1288","16","pmc:PMC11275870","syn61691659","are available on Synapse syn61691659. The real data will be s"
"1289","16","pmc:PMC11278172","syn7824274","e obtained from Synapse (syn7824274) [ 33 ], while the drug"
"1290","16","pmc:PMC11278172","syn7824274","/www.synapse.org/Synapse:syn7824274 (accessed on 1 May 2024)"
"1291","16","pmc:PMC11280240","syn59596075","e on Synapse.org (SynID: syn59596075). Statistical analysis F"
"1292","16","pmc:PMC11280964","syn3193805","/www.synapse.org/Synapse:syn3193805/wiki/89480 (accessed on"
"1293","16","pmc:PMC11282107","syn53060779","by Synapse.org: 10.7303/syn53060779. Competing interests The"
"1294","16","pmc:PMC11291244","syn2374375","ing data (Project SynID: syn2374375) 2 obtained as described"
"1295","16","pmc:PMC11291244","syn2374375","ww.synapse.org/#!Synapse:syn2374375/files/ Conflict of inter"
"1296","16","pmc:PMC11291675","syn21041850","ww.synapse.org/#!Synapse:syn21041850 . Code availability Deta"
"1297","16","pmc:PMC11294446","syn11726601","ww.synapse.org/#!Synapse:syn11726601/files . Tumors with one"
"1298","16","pmc:PMC11297156","syn59476428","e under accession number syn59476428 and can be accessed from"
"1299","16","pmc:PMC11297156","syn59474329","be accessed from 10.7303/syn59474329. Competing interests A.C"
"1300","16","pmc:PMC11297319","syn61672643","Dataset Synapse 10.7303/syn61672643 Zhang, G. et al . Multim"
"1301","16","pmc:PMC11297319","syn61672643","taset, Synapse . 10.7303/syn61672643 (2024). 10.7303/syn61672"
"1302","16","pmc:PMC11297319","syn61672643","61672643 (2024). 10.7303/syn61672643 28. Jin, K., et al . MSH"
"1303","16","pmc:PMC11300466","syn16804296","from SYNAPSE with SynID syn16804296 [10.7303/syn16804296]. P"
"1304","16","pmc:PMC11300466","syn16804296","nID syn16804296 [10.7303/syn16804296]. PrediXcan Elastic-Net"
"1305","16","pmc:PMC11300466","syn53437281","from SYNAPSE with SynID syn53437281 [10.7303/syn53437281]. C"
"1306","16","pmc:PMC11300466","syn53437281","nID syn53437281 [10.7303/syn53437281]. Code availability The"
"1307","16","pmc:PMC11300572","syn61908908","n Synapse.org at 10.7303/syn61908908 and upon request. Refere"
"1308","16","pmc:PMC11302177","syn53177242","ww.synapse.org/#!Synapse:syn53177242 . The subsequent Methods"
"1309","16","pmc:PMC11302177","syn53177242","ww.synapse.org/#!Synapse:syn53177242 . Detailed methods have"
"1310","16","pmc:PMC11302177","syn53177242","ww.synapse.org/#!Synapse:syn53177242 . Pre- and post-processe"
"1311","16","pmc:PMC11302177","syn53177242","ww.synapse.org/#!Synapse:syn53177242 . The algorithm used for"
"1312","16","pmc:PMC11303399","syn7067037","Consortium (Synapse ID: syn7067037) [ 18 ]. Samples of 1266"
"1313","16","pmc:PMC11303399","syn7349497","consortium (Synapse ID: syn7349497) [ 24 ]. Samples from pa"
"1314","16","pmc:PMC11303399","syn3270015","consortium (Synapse ID: syn3270015) [ 30 ]. Bipolar patient"
"1315","16","pmc:PMC11303399","syn7067037","l RNA-Seq (accession no. syn7067037), BD Bulk RNA-seq (acces"
"1316","16","pmc:PMC11303399","syn3270015","k RNA-seq (accession no. syn3270015), and BD ATAC-Seq (acces"
"1317","16","pmc:PMC11303399","syn7349497","ATAC-Seq (accession no. syn7349497) were procured from the"
"1318","16","pmc:PMC11303399","syn4921369","ww.synapse.org/#!Synapse:syn4921369/wiki/235539 . The datase"
"1319","16","pmc:PMC11303399","syn5553626","zhxjtu@synapse.org(SynID:syn5553626). In detail, the scRNA-s"
"1320","16","pmc:PMC11306111","syn34942428","m the Synapse repository syn34942428 43 . scRNA-seq datasets"
"1321","16","pmc:PMC11309927","syn2320105","ww.synapse.org/#!Synapse:syn2320105 . The Gene Expression Om"
"1322","16","pmc:PMC11312442","syn51942384","/www.synapse.org/Synapse:syn51942384.1/datasets . We focused"
"1323","16","pmc:PMC11313277","syn2580853","ally from Project SynID: syn2580853. In total, the analyzed"
"1324","16","pmc:PMC11313277","syn2580853","ally from Project SynID: syn2580853. N = 119 total subjects:"
"1325","16","pmc:PMC11319208","syn59759056","001009065 ) and Synapse (syn59759056). These Hi-C data are ne"
"1326","16","pmc:PMC11320747","syn53278109","https://doi.org/10.7303/syn53278109 . REFERENCES 1 Bierling"
"1327","16","pmc:PMC11321170","syn4877977","available at DOI 10.7303/syn4877977. Proportions for five co"
"1328","16","pmc:PMC11321170","syn4877977","available at DOI 10.7303/syn4877977, and on admixed populati"
"1329","16","pmc:PMC11323136","syn3193805","ww.synapse.org/#!Synapse:syn3193805/wiki/217789 ). The datas"
"1330","16","pmc:PMC11323136","syn3193805","https://doi.org/10.7303/syn3193805 . Our code and model are"
"1331","16","pmc:PMC11325151","syn34616347","pse under accession code syn34616347 ( https://www.synapse.or"
"1332","16","pmc:PMC11325151","syn34616347","ww.synapse.org/#!Synapse:syn34616347 ). The processed express"
"1333","16","pmc:PMC11326155","syn52293417","ww.synapse.org/#!Synapse:syn52293417 ), Fujita data ( https:/"
"1334","16","pmc:PMC11326155","syn31512863","ww.synapse.org/#!Synapse:syn31512863 ), LIBD data ( https://g"
"1335","16","pmc:PMC11326155","syn22025006","/www.synapse.org/Synapse:syn22025006 ) and Sutton reference l"
"1336","16","pmc:PMC11326359","syn51364943","/www.synapse.org/Synapse:syn51364943/wiki/622119 and fine-map"
"1337","16","pmc:PMC11326360","syn36139275","PsychENCODE on synapse (syn36139275), harmonized and integra"
"1338","16","pmc:PMC11326371","syn16795937","gh the Synapse platform (syn16795937). Statistics In figure l"
"1339","16","pmc:PMC11328419","syn17038081","ww.synapse.org/#!Synapse:syn17038081/wiki/585622 ) for GLASS"
"1340","16","pmc:PMC11330236","syn27144976","s are stored on Synapse (syn27144976) and can be accessed at"
"1341","16","pmc:PMC11330236","syn27144976","ww.synapse.org/#!Synapse:syn27144976 . References 1 Chung D‐E"
"1342","16","pmc:PMC11333280","syn58983698","ww.synapse.org/#!Synapse:syn58983698/files/53 ). Competing in"
"1343","16","pmc:PMC11338827","syn21557948","ENCODE Knowledge Portal: syn21557948 on Synapse.org ( https:/"
"1344","16","pmc:PMC11338827","syn4921369","ww.synapse.org/#!Synapse:syn4921369 ). Raw ATAC-seq and chro"
"1345","16","pmc:PMC11338834","syn51123521","obtained from Synapse ( syn51123521 ) and integrated with ou"
"1346","16","pmc:PMC11338834","syn52293442","le under accession codes syn52293442 (as part of the MIT ROSM"
"1347","16","pmc:PMC11338834","syn52293417","ltiomics Study; Synapse: syn52293417 ). The data are availabl"
"1348","16","pmc:PMC11338834","syn51123521","), human DLPFC (Synapse: syn51123521 ), SEA-AD MTG ( https://"
"1349","16","pmc:PMC11339421","syn7222066","ww.synapse.org/#!Synapse:syn7222066/wiki/405659 . All modifi"
"1350","16","pmc:PMC11339621","syn3270015","synapse.org , BrainGVEX [syn3270015], CMC [syn22344687]). Po"
"1351","16","pmc:PMC11339621","syn22344687","nGVEX [syn3270015], CMC [syn22344687]). Postmortem human brai"
"1352","16","pmc:PMC11342913","syn26844071","ww.synapse.org/#!Synapse:syn26844071/ Human CRC scRNA-seq dat"
"1353","16","pmc:PMC11347063","syn26951066","https://doi.org/10.7303/syn26951066. Puetz V.B. McCrory E. E"
"1354","16","pmc:PMC11347662","syn61514369","er the following 10.7303/syn61514369. The underlying NPX meas"
"1355","16","pmc:PMC11349943","syn26560886","nal source 44 at 10.7303/syn26560886. The GESIS data are avai"
"1356","16","pmc:PMC11350008","syn25686496","sPage/StudyDetails?Study=syn25686496, but further clinical in"
"1357","16","pmc:PMC11350143","syn21574276","the Synapse platform at syn21574276. Estimated gene read cou"
"1358","16","pmc:PMC11350143","syn18728081","ww.synapse.org/#!Synapse:syn18728081 , and https://www.synaps"
"1359","16","pmc:PMC11350143","syn18728088","ww.synapse.org/#!Synapse:syn18728088 ) and RNA-seq (Supplemen"
"1360","16","pmc:PMC11350143","syn18751454","ww.synapse.org/#!Synapse:syn18751454 , and https://www.synaps"
"1361","16","pmc:PMC11350143","syn18751460","ww.synapse.org/#!Synapse:syn18751460 ) platforms. Microarray"
"1362","16","pmc:PMC11350143","syn21821096","s) are in Synapse folder syn21821096 and the (ground truth) a"
"1363","16","pmc:PMC11350143","syn21820011","es are in Synapse folder syn21820011. They are the datasets d"
"1364","16","pmc:PMC11350143","syn21821096","ding in vitro data—i.e., syn21821096 and syn21820011, respect"
"1365","16","pmc:PMC11350143","syn21820011","ta—i.e., syn21821096 and syn21820011, respectively. They are"
"1366","16","pmc:PMC11350143","syn22392130","es are in Synapse folder syn22392130. Deconvolution method se"
"1367","16","pmc:PMC11350143","syn22361008","es are in Synapse folder syn22361008. Statistical analyses Al"
"1368","16","pmc:PMC11350143","syn22394938","available on Synapse via syn22394938). Where multiple Ensembl"
"1369","16","pmc:PMC11350143","syn21557721","data-sharing platform at syn21557721 and syn21571479, respect"
"1370","16","pmc:PMC11350143","syn21571479","tform at syn21557721 and syn21571479, respectively. Source da"
"1371","16","pmc:PMC11353479","syn3193805","/www.synapse.org/Synapse:syn3193805/wiki/217789 and Brats201"
"1372","16","pmc:PMC11353479","syn3193805","/www.synapse.org/Synapse:syn3193805/wiki/217789 (accessed on"
"1373","16","pmc:PMC11358483","syn7222066","from Synapse (GENIE ID: syn7222066, BPC dataset IDs: syn309"
"1374","16","pmc:PMC11358483","syn30991602","222066, BPC dataset IDs: syn30991602, syn27056179). LoF varia"
"1375","16","pmc:PMC11358483","syn27056179","ataset IDs: syn30991602, syn27056179). LoF variants included:"
"1376","16","pmc:PMC11361112","syn26365932","onsortium (visit 10.7303/syn26365932 for a complete list of g"
"1377","16","pmc:PMC11361112","syn2580853","e Portal (Project SynID: syn2580853; https://adknowledgeport"
"1378","16","pmc:PMC11364851","syn61804540","is available at 10.7303/syn61804540. Code availability The P"
"1379","16","pmc:PMC11365968","syn3193805","ww.synapse.org/#!Synapse:syn3193805/wiki/217789 . Competing"
"1380","16","pmc:PMC11369196","syn11801870","ww.synapse.org/#!Synapse:syn11801870 , accessed November 2019"
"1381","16","pmc:PMC11369196","syn11801870","ww.synapse.org/#!Synapse:syn11801870 [DATASET] Johansson PA B"
"1382","16","pmc:PMC11370495","syn23627957","https://doi.org/10.7303/syn23627957 Open Targets: https://ge"
"1383","16","pmc:PMC11370573","syn25569736","ynapse (accession number syn25569736). Code availability The"
"1384","16","pmc:PMC11370593","syn26207321",": http://doi.org/10.7303/syn26207321 . Code used is available"
"1385","16","pmc:PMC11372374","syn5633407","ww.synapse.org/#!Synapse:syn5633407 ; ref. 30 ), filtered fo"
"1386","16","pmc:PMC11372374","syn1757063","obtained from Synapse at syn1757063 ( https://doi.org/10.730"
"1387","16","pmc:PMC11372374","syn1688369","https://doi.org/10.7303/syn1688369 ). The TCGA transcriptom"
"1388","16","pmc:PMC11372374","syn1710395","obtained from Synapse at syn1710395 ( https://doi.org/10.730"
"1389","16","pmc:PMC11372374","syn1688370","https://doi.org/10.7303/syn1688370 ). All other raw data ge"
"1390","16","pmc:PMC11375158","syn3219045","ww.synapse.org/#!Synapse:syn3219045 (accessed September 2018"
"1391","16","pmc:PMC11377155","syn3219045","AMP-AD knowledge portal (syn3219045). Briefly, for pipeline"
"1392","16","pmc:PMC11377741","syn26401311","manuscript see: 10.7303/syn26401311. (2) The full complement"
"1393","16","pmc:PMC11380310","syn23627957","https://doi.org/10.7303/syn23627957 ). 22 The summary-level"
"1394","16","pmc:PMC11383014","syn8228304","/www.synapse.org/Synapse:syn8228304/wiki/413428 ), in which"
"1395","16","pmc:PMC11383059","syn30821562","/www.synapse.org/Synapse:syn30821562 ; the ROSMAP bulk brain"
"1396","16","pmc:PMC11383059","syn31534849","/www.synapse.org/Synapse:syn31534849 ; and the MSBB bulk brai"
"1397","16","pmc:PMC11383059","syn52331749","/www.synapse.org/Synapse:syn52331749 . Alzheimer’s disease bi"
"1398","16","pmc:PMC11383059","syn51739831","/www.synapse.org/Synapse:syn51739831 . References [1] Schneid"
"1399","16","pmc:PMC11383294","syn2580853","https://doi.org/10.7303/syn2580853 ; ROSMAP: https://doi.or"
"1400","16","pmc:PMC11383294","syn2580853","https://doi.org/10.7303/syn2580853 ). The details of sample"
"1401","16","pmc:PMC11383294","syn2580853","https://doi.org/10.7303/syn2580853 ). References 1. de Vrie"
"1402","16","pmc:PMC11384960","syn27057871","18mon brains Synapse.org syn27057871 Experimental models: Cel"
"1403","16","pmc:PMC11384960","syn2580853","https://doi.org/10.7303/syn2580853 ). Mayo Clinic: The Mayo"
"1404","16","pmc:PMC11384960","syn20933797","ww.synapse.org/#!Synapse:syn20933797/wiki/596247 ). • This pa"
"1405","16","pmc:PMC11384960","syn3157182","https://doi.org/10.7303/syn3157182 ). RNA was extracted usi"
"1406","16","pmc:PMC11385183","syn38187184","https://doi.org/10.7303/syn38187184. Meanwhile, data sharing"
"1407","16","pmc:PMC11385183","syn38187184","lytic solutions. 10.7303/syn38187184(2023). 43. Belsare P Bar"
"1408","16","pmc:PMC11385559","syn5550404","sPage/StudyDetails?Study=syn5550404 . Whole blood microarray"
"1409","16","pmc:PMC11388281","syn53254095","https://doi.org/10.7303/syn53254095 ) ( 53 ). Previously pub"
"1410","16","pmc:PMC11388281","syn53254095","ata repository . 10.7303/syn53254095 . Deposited 10 January 2"
"1411","16","pmc:PMC11393344","syn23593846","ors at different stages (syn23593846, n = 21 patients). ( A )"
"1412","16","pmc:PMC11393344","syn23593846","ta.humantumoratlas.org . syn23593846). The sequencing data in"
"1413","16","pmc:PMC11393413","syn26844071","eposited at the Synapse (syn26844071) and extracted only tumo"
"1414","16","pmc:PMC11394787","syn3219045","/www.synapse.org/Synapse:syn3219045 , accessed on 1 August 2"
"1415","16","pmc:PMC11395524","syn23191787","ww.synapse.org/#!Synapse:syn23191787 (accessed on 8 September"
"1416","16","pmc:PMC11398495","syn18485175","atform (referenced under syn18485175 and syn21670836, respect"
"1417","16","pmc:PMC11398495","syn21670836","ed under syn18485175 and syn21670836, respectively). In the c"
"1418","16","pmc:PMC11398495","syn22079621","you can access it under syn22079621. Although the pipeline w"
"1419","16","pmc:PMC11399249","syn61969052","analysis is available at syn61969052 [ https://www.synapse.or"
"1420","16","pmc:PMC11399249","syn61969052","/www.synapse.org/Synapse:syn61969052/wiki/629267 ]. Any addit"
"1421","16","pmc:PMC11399277","syn50996324","at synapse.org, 10.7303/syn50996324). To identify the most r"
"1422","16","pmc:PMC11399277","syn50996324","at synapse.org (10.7303/syn50996324). Both meQTLs and eQTLs"
"1423","16","pmc:PMC11401852","syn2623706","/www.synapse.org/Synapse:syn2623706/wiki/67246 ). A total of"
"1424","16","pmc:PMC11402992","syn51873262","ta availability RNA-seq (syn51873262) datasets are available"
"1425","16","pmc:PMC11402992","syn51873262","ww.synapse.org/#!Synapse:syn51873262/wiki/622822 ). To access"
"1426","16","pmc:PMC11415437","syn61837109","able on Synapse: 10.7303/syn61837109.1. Declarations Ethical"
"1427","16","pmc:PMC11415491","syn2580853","nowledge Portal (10.7303/syn2580853) and analyzed as discuss"
"1428","16","pmc:PMC11415491","syn31512863","ww.synapse.org/#!Synapse:syn31512863 ) 27 , 78 . Allen Human"
"1429","16","pmc:PMC11415491","syn2580853","nowledge Portal (10.7303/syn2580853). Mayo Clinic: The Mayo"
"1430","16","pmc:PMC11415491","syn2580853","nowledge Portal (10.7303/syn2580853) 26 . ROSMAP single-nucl"
"1431","16","pmc:PMC11415491","syn31512863","ww.synapse.org/#!Synapse:syn31512863 ) 27 . Data is available"
"1432","16","pmc:PMC11418138","syn51364943","https://doi.org/10.7303/syn51364943 ). The Endometrial Cance"
"1433","16","pmc:PMC11419020","syn51247298","cation on synapse.org at syn51247298 . ROS/MAP resources are"
"1434","16","pmc:PMC11420198","syn4921369","), GSE142881 ( 58 ), and syn4921369 ( 59 ). RNA sequencing;"
"1435","16","pmc:PMC11420198","syn26164834","/www.synapse.org/Synapse:syn26164834 . Deposited 5 October 20"
"1436","16","pmc:PMC11421795","syn21589959","e Synapse database under syn21589959. The samples were from d"
"1437","16","pmc:PMC11421795","syn2580853","mplementary WGS dataset (syn2580853). In particular we consi"
"1438","16","pmc:PMC11429458","syn17038081","/www.synapse.org/Synapse:syn17038081/wiki/585622 Experimental"
"1439","16","pmc:PMC11429458","syn17038081","ww.synapse.org/#!Synapse:syn17038081/wiki/585622 , where pati"
"1440","16","pmc:PMC11429704","syn16780177","irst dataset ( BA9 , ID: syn16780177) consisted of 24 subject"
"1441","16","pmc:PMC11429704","syn18485175","ond dataset ( BA10 , ID: syn18485175) consisted of 48 subject"
"1442","16","pmc:PMC11429704","syn18485175","ird dataset ( TREM , ID: syn18485175) consisted of 32 subject"
"1443","16","pmc:PMC11429704","syn31512863","h dataset ( DLPFC2 : ID: syn31512863) consisted of 424 indivi"
"1444","16","pmc:PMC11429704","syn52293433","fifth dataset ( MIT: ID: syn52293433) consisted of 427 indivi"
"1445","16","pmc:PMC11429704","syn3157322","AD knowledge portal (ID: syn3157322). The variable cogdx was"
"1446","16","pmc:PMC11429704","syn17008939","ch 1 and batch 2 (SynID: syn17008939) included 1709 and 382 i"
"1447","16","pmc:PMC11429704","syn28257618","udy 45 . Batch 3 (SynID: syn28257618) included 95 samples fro"
"1448","16","pmc:PMC11429704","syn16780177","llowing accession codes: syn16780177, syn18485175, syn3151286"
"1449","16","pmc:PMC11429704","syn18485175","sion codes: syn16780177, syn18485175, syn31512863, syn5229343"
"1450","16","pmc:PMC11429704","syn31512863","yn16780177, syn18485175, syn31512863, syn52293433, syn3157322"
"1451","16","pmc:PMC11429704","syn52293433","yn18485175, syn31512863, syn52293433, syn3157322, syn17008939"
"1452","16","pmc:PMC11429704","syn3157322","yn31512863, syn52293433, syn3157322, syn17008939 and syn2825"
"1453","16","pmc:PMC11429704","syn17008939","syn52293433, syn3157322, syn17008939 and syn28257618. The AML"
"1454","16","pmc:PMC11429704","syn28257618","3157322, syn17008939 and syn28257618. The AML data is availab"
"1455","16","pmc:PMC11434165","syn3275753","ww.synapse.org/#!Synapse:syn3275753 . References Ashburner M"
"1456","16","pmc:PMC11436371","syn33521743","ownloaded from Synapse ( syn33521743 ) 17 , the Gene Expressi"
"1457","16","pmc:PMC11436371","syn33521743","accessed from Synapse ( syn33521743 ), the GEO ( GSE118828 ,"
"1458","16","pmc:PMC11438217","syn2623706","apse platform (doi:.7303/syn2623706) (ref: https://www.ncbi."
"1459","16","pmc:PMC11439059","syn51364943","/www.synapse.org/Synapse:syn51364943/files/ ), which can be a"
"1460","16","pmc:PMC11439699","syn2580853","ained from synapse entry syn2580853 and the AD Knowledge Por"
"1461","16","pmc:PMC11439699","syn20068543","/www.synapse.org/Synapse:syn20068543 . Also, the WGS Harmoniz"
"1462","16","pmc:PMC11439699","syn22264775","/www.synapse.org/Synapse:syn22264775 . For genotyping, the ma"
"1463","16","pmc:PMC11439699","syn3157325","https://doi.org/10.7303/syn3157325 . 2.1 GWAS and gene asso"
"1464","16","pmc:PMC11439699","syn26720676","/www.synapse.org/Synapse:syn26720676 . For sc-RNA-seq, librar"
"1465","16","pmc:PMC11439699","syn17008935","/www.synapse.org/Synapse:syn17008935 . Intending to identify"
"1466","16","pmc:PMC11439699","syn4896408","can be found in Synapse:syn4896408. H3K9Ac ChIP-Seq Methyla"
"1467","16","pmc:PMC11439699","syn3157275","can be found in Synapse:syn3157275. The study led by Grodst"
"1468","16","pmc:PMC11439699","syn10235592","/www.synapse.org/Synapse:syn10235592 . In a diagnostic evalua"
"1469","16","pmc:PMC11439699","syn22264775","sPage/StudyDetails?Study=syn22264775 ), and The RNAseq Harmon"
"1470","16","pmc:PMC11439699","syn9702085","sPage/StudyDetails?Study=syn9702085 ) which harmonize WGS an"
"1471","16","pmc:PMC11440320","syn26141672","tps://dx.doi.org/10.7303/syn26141672] and [NCANDA_PUBLIC_6Y_S"
"1472","16","pmc:PMC11440320","syn26141672","tps://dx.doi.org/10.7303/syn26141672] whose collection and di"
"1473","16","pmc:PMC11440915","syn11726601","ww.synapse.org/#!Synapse:syn11726601 . (file name: TCGA_WES_s"
"1474","16","pmc:PMC11442147","syn26844071","from Synapse with SynID:syn26844071 ( https://www.synapse.or"
"1475","16","pmc:PMC11442147","syn26844071","ww.synapse.org/#!Synapse:syn26844071/ ). Author Contributions"
"1476","16","pmc:PMC11442384","syn22277191","g (TMT) proteomics data (syn22277191) from the Banner Sun Hea"
"1477","16","pmc:PMC11442384","syn26051803","the TMT proteomics data (syn26051803) from the Religious Orde"
"1478","16","pmc:PMC11442384","syn24983526","the TMT proteomics data (syn24983526) from the Mount Sinai Br"
"1479","16","pmc:PMC11442384","syn5201007","ted both the cerebellum (syn5201007) and the temporal cortex"
"1480","16","pmc:PMC11442384","syn4650265","and the temporal cortex (syn4650265), while data from the RO"
"1481","16","pmc:PMC11442384","syn3505720","were for the bulk brain (syn3505720). For each data set, rel"
"1482","16","pmc:PMC11443687","syn56849053","le in Synapse at 10.7303/syn56849053; syn56849053. Declaratio"
"1483","16","pmc:PMC11443687","syn56849053","at 10.7303/syn56849053; syn56849053. Declarations Ethics app"
"1484","16","pmc:PMC11444172","syn4921369","https://doi.org/10.7303/syn4921369 ) under the accession nu"
"1485","16","pmc:PMC11444172","syn51942384","der the accession number syn51942384. Supplementary Material"
"1486","16","pmc:PMC11445576","syn25569736","d in Synapse under SynID syn25569736 . Raw DNA sequencing dat"
"1487","16","pmc:PMC11452344","syn52293433","ww.synapse.org/#!Synapse:syn52293433 ). We generated the aver"
"1488","16","pmc:PMC11452344","syn52293433","ww.synapse.org/#!Synapse:syn52293433 on data use agreement. S"
"1489","16","pmc:PMC11452345","syn33235943","/www.synapse.org/Synapse:syn33235943 (raw data) and https://w"
"1490","16","pmc:PMC11452345","syn39718968","/www.synapse.org/Synapse:syn39718968 (metadata). For PRS calc"
"1491","16","pmc:PMC11457430","syn17038081","s obtained from synapse (syn17038081). Gene expression data o"
"1492","16","pmc:PMC11457430","syn61807589","was uploaded in synapse: syn61807589)). All processed data an"
"1493","16","pmc:PMC11460197","syn52525880","ww.synapse.org/#!Synapse:syn52525880/files/ . To enable prote"
"1494","16","pmc:PMC11460197","syn52525880","ww.synapse.org/#!Synapse:syn52525880/files/ . Data normalizat"
"1495","16","pmc:PMC11462282","syn2374375","downloaded from Synapse (syn2374375, https://www.synapse.org"
"1496","16","pmc:PMC11462655","syn26454542","(https://doi.org/10.7303/syn26454542). Anyone can browse the"
"1497","16","pmc:PMC11462655","syn25148356","in Brazil. 2021. 10.7303/syn25148356. 12. Boccolini CS, Alves"
"1498","16","pmc:PMC11462655","syn25049520","nd impact. 2021. 10.7303/syn25049520. 13. Alves RFS Boccolini"
"1499","16","pmc:PMC11463607","syn2580853","from the Synapse portal (syn2580853, accessed on April 15, 2"
"1500","16","pmc:PMC11463607","syn11724057","e obtained from Synapse (syn11724057, accessed on November 10"
"1501","16","pmc:PMC11463662","syn61804540","https://doi.org/10.7303/syn61804540 . References [1] Toennie"
"1502","16","pmc:PMC11465928","syn3193805","ww.synapse.org/#!Synapse:syn3193805/wiki/217789 Publisher's"
"1503","16","pmc:PMC11465928","syn3193805","ww.synapse.org/#!Synapse:syn3193805/wiki/217789 , and the Ch"
"1504","16","pmc:PMC11466430","syn22264775","ation Study (Synapse ID: syn22264775). RNA-seq data for the s"
"1505","16","pmc:PMC11466430","syn21241740","seq Harmonization Study (syn21241740). Only white people with"
"1506","16","pmc:PMC11469718","syn63141185","/www.synapse.org/Synapse:syn63141185 . References (1) Emilsso"
"1507","16","pmc:PMC11472622","syn18485175","ww.synapse.org/#!Synapse:syn18485175 Software and algorithms"
"1508","16","pmc:PMC11476461","syn63432900","wing project identifier: syn63432900. Conflicts of Interest T"
"1509","16","pmc:PMC11476968","syn23446022","ww.synapse.org/#!Synapse:syn23446022 ). ROSMAP study data wer"
"1510","16","pmc:PMC11476968","syn23446022","ww.synapse.org/#!Synapse:syn23446022 ) [ 21 , 69 ]. Those are"
"1511","16","pmc:PMC11476976","syn23191787","ww.synapse.org/#!Synapse:syn23191787 (accessed on 5 September"
"1512","16","pmc:PMC11479675","syn31488784","e data sharing platform (syn31488784: https://doi.org/10.7303"
"1513","16","pmc:PMC11479675","syn31488784","https://doi.org/10.7303/syn31488784 ). Whole blood RNA-seq d"
"1514","16","pmc:PMC11479675","syn31488780","en deposited at Synapse (syn31488780: https://doi.org/10.7303"
"1515","16","pmc:PMC11479675","syn31488780","https://doi.org/10.7303/syn31488780 ), the INCLUDE Data Hub,"
"1516","16","pmc:PMC11479675","syn31488781","en deposited at Synapse (syn31488781: https://doi.org/10.7303"
"1517","16","pmc:PMC11479675","syn31488781","https://doi.org/10.7303/syn31488781 ). Immune cell mass cyto"
"1518","16","pmc:PMC11479675","syn31488783","en deposited at Synapse (syn31488783: https://doi.org/10.7303"
"1519","16","pmc:PMC11479675","syn31488783","https://doi.org/10.7303/syn31488783 ). Murine RNA-seq data h"
"1520","16","pmc:PMC11481439","syn23627957","w.synapse.org/ #!Synapse:syn23627957;GWAS summary data for IB"
"1521","16","pmc:PMC11481771","syn21438358","tworks under the project syn21438358 [ 41 ]. The dataset enco"
"1522","16","pmc:PMC11481771","syn11724057","wledgeprotal.synapse.org/syn11724057) and the dataset from th"
"1523","16","pmc:PMC11481771","syn11723899","wledgeprotal.synapse.org/syn11723899) which were used for sub"
"1524","16","pmc:PMC11481771","syn21438358","ledgeprotal.synapse.org /syn21438358) were used for creating"
"1525","16","pmc:PMC11485001","syn7824274","synapse.org/ #! Synapse: syn7824274), was screened to compil"
"1526","16","pmc:PMC11485084","syn53352733","the AD Knowledge Portal (syn53352733). John Wiley & Sons, Ltd"
"1527","16","pmc:PMC11485084","syn53185805","ospecimen metadata file (syn53185805). 2.11.1 Brain tissue ho"
"1528","16","pmc:PMC11485084","syn53420676","https://doi.org/10.7303/syn53420676 AMP‐AD Diverse Cohorts R"
"1529","16","pmc:PMC11485084","syn53420674","https://doi.org/10.7303/syn53420674 AMP‐AD Diverse Cohorts R"
"1530","16","pmc:PMC11485084","syn53420673","https://doi.org/10.7303/syn53420673 AMP‐AD 1.0 Raw WGS Data"
"1531","16","pmc:PMC11485084","syn53420677","https://doi.org/10.7303/syn53420677 AMP‐AD Diverse Cohorts R"
"1532","16","pmc:PMC11485084","syn53420672","https://doi.org/10.7303/syn53420672 Abbreviations: AD, Alzhe"
"1533","16","pmc:PMC11485084","syn51732482","sPage/StudyDetails?Study=syn51732482 ). John Wiley & Sons, Lt"
"1534","16","pmc:PMC11485084","syn53420672","https://doi.org/10.7303/syn53420672 , https://doi.org/10.730"
"1535","16","pmc:PMC11485084","syn53420673","https://doi.org/10.7303/syn53420673 , https://doi.org/10.730"
"1536","16","pmc:PMC11485084","syn53420674","https://doi.org/10.7303/syn53420674 , https://doi.org/10.730"
"1537","16","pmc:PMC11485084","syn53420676","https://doi.org/10.7303/syn53420676 , https://doi.org/10.730"
"1538","16","pmc:PMC11485084","syn53420677","https://doi.org/10.7303/syn53420677 (also listed in Table 4"
"1539","16","pmc:PMC11485084","syn51732482","age/StudyDetails?Study = syn51732482). Table 4 provides a lis"
"1540","16","pmc:PMC11487119","syn22252881","cs Available on Synapse: syn22252881 Alzheimer’s Disease Neur"
"1541","16","pmc:PMC11487119","syn7170616","cs Available on Synapse: syn7170616 Baltimore Longitudinal S"
"1542","16","pmc:PMC11487119","syn3606086","cs Available on Synapse: syn3606086 Emory Alzheimer’s Diseas"
"1543","16","pmc:PMC11487119","syn3218563","cs Available on Synapse: syn3218563 a Not part of a program."
"1544","16","pmc:PMC11489794","syn22803188","described in Synapse (ID syn22803188). Support with the acqui"
"1545","16","pmc:PMC11489794","syn22803188","ww.synapse.org/#!Synapse:syn22803188/wiki/606343"
"1546","16","pmc:PMC11489852","syn31472953","e following URL: 10.7303/syn31472953 12 . Technical Validatio"
"1547","16","pmc:PMC11489852","syn31472953","project website 10.7303/syn31472953 12 . Downloading the dat"
"1548","16","pmc:PMC11489852","syn31472953","e following URL: 10.7303/syn31472953. Data use agreement To a"
"1549","16","pmc:PMC11489852","syn31472953","REAM Challenge , 10.7303/syn31472953 (2024). 13. WHO. Public"
"1550","16","pmc:PMC11490488","syn3159438",") and Synapse via SynID: syn3159438. CircRNA clusters differ"
"1551","16","pmc:PMC11496171","syn20821165","rom Synapse (Synapse ID: syn20821165). We used the TAMPOR met"
"1552","16","pmc:PMC11496171","syn20821165","data can be found here: syn20821165. Ethics statement An eth"
"1553","16","pmc:PMC11496294","syn4993293","n Synapse [ doi: 10.7303/syn4993293 ]. Data availability sta"
"1554","16","pmc:PMC11496294","syn4993293","und here: [ doi: 10.7303/syn4993293 ]. Ethics statement Ethi"
"1555","16","pmc:PMC11497642","syn13363443","from Synapse (Synapse ID syn13363443). 2.8 Phenome‐wide MR in"
"1556","16","pmc:PMC11502818","syn17024112","s with accession number: syn17024112) and clinical meta-data"
"1557","16","pmc:PMC11502818","syn17024112","rg/# ) with accession ID syn17024112 for the transcriptome da"
"1558","16","pmc:PMC11507780","syn3219045","ww.synapse.org/#!Synapse:syn3219045 ) and the RADC Research"
"1559","16","pmc:PMC11514281","syn3193805","p and Challenge. 10.7303/syn3193805. 42. Jha, D., Smedsrud,"
"1560","16","pmc:PMC11514822","syn5585484","w.synapse.org//#!Synapse:syn5585484 ), BRAINEAC (10 regions;"
"1561","16","pmc:PMC11514822","syn2580853","platform (project SynID: syn2580853) – to investigate differ"
"1562","16","pmc:PMC11514822","syn2580853","nowledge Portal (10.7303/syn2580853). The data available in"
"1563","16","pmc:PMC11514917","syn3387325","ledge Portal on Synapse (syn3387325, syn8456638, and syn1701"
"1564","16","pmc:PMC11514917","syn8456638","on Synapse (syn3387325, syn8456638, and syn17015098) availa"
"1565","16","pmc:PMC11514917","syn17015098","3387325, syn8456638, and syn17015098) available at https://ww"
"1566","16","pmc:PMC11520681","syn4587609","ww.synapse.org/#!Synapse:syn4587609 website and included 45"
"1567","16","pmc:PMC11525184","syn51365301","ww.synapse.org/#!Synapse:syn51365301 ). We matched each canon"
"1568","16","pmc:PMC11525184","syn51365301","ww.synapse.org/#!Synapse:syn51365301 ). Code availability The"
"1569","16","pmc:PMC11525270","syn51247298","/www.synapse.org/Synapse:syn51247298 . Code availability Summ"
"1570","16","pmc:PMC11525589","syn51514106","https://doi.org/10.7303/syn51514106]. Declarations Instituti"
"1571","16","pmc:PMC11525848","syn22153884","https://doi.org/10.7303/syn22153884 . The bulk RNA-seq count"
"1572","16","pmc:PMC11526681","syn1688369","napse software platform (syn1688369; Sage Bionetworks, Seatt"
"1573","16","pmc:PMC11527220","syn25398075","AMP-AD Knowledge Portal (syn25398075) [ 20 ] and MetaBrain we"
"1574","16","pmc:PMC11527220","syn24172458","AMP-AD Knowledge Portal (syn24172458 [ 22 ] and syn23627957 ["
"1575","16","pmc:PMC11527220","syn23627957","(syn24172458 [ 22 ] and syn23627957 [ 23 ]). The full summar"
"1576","16","pmc:PMC11527241","syn52293417","Synapse under Synapse ID syn52293417 [ https://www.synapse.or"
"1577","16","pmc:PMC11527241","syn52293417","ww.synapse.org/#!Synapse:syn52293417 ]. Source data is provid"
"1578","16","pmc:PMC11535397","syn11328692","ap.html CPTAC breast CNA syn11328692 CPTAC breast RNA-seq syn"
"1579","16","pmc:PMC11535397","syn11328694","692 CPTAC breast RNA-seq syn11328694 DescTools v0.99.47 https"
"1580","16","pmc:PMC11535397","syn11328694","t cancer (15,115 genes – syn11328694) and likewise for copy n"
"1581","16","pmc:PMC11535397","syn11328692","s (CNAs) (16,884 genes – syn11328692). Any genes that were no"
"1582","16","pmc:PMC11535513","syn51364943","/www.synapse.org/Synapse:syn51364943/wiki/ . Source Data are"
"1583","16","pmc:PMC11537986","syn52087434","QLite databases (10.7303/syn52087434) so users can directly u"
"1584","16","pmc:PMC11539481","syn61345336","https://doi.org/10.7303/syn61345336, or available from the c"
"1585","16","pmc:PMC11540438","syn3168763","synapse.org/# ! Synapse: syn3168763 C2.median_polish_correct"
"1586","16","pmc:PMC11540438","syn21266454","synapse.org/# ! Synapse: syn21266454 ROSMAP_RNAseq_FPKM_gene"
"1587","16","pmc:PMC11540438","syn3505720","synapse.org/# ! Synapse: syn3505720 ROSMAP.CNV.Matrix(Mutati"
"1588","16","pmc:PMC11540438","syn26263118","synapse.org/# ! Synapse: syn26263118 GEO GPL16304 Platform Il"
"1589","16","pmc:PMC11540438","syn3191087","synapse.org/# ! Synapse: syn3191087 As described in the meth"
"1590","16","pmc:PMC11540848","syn32136022","ase under accession code syn32136022.1. Code availability Dat"
"1591","16","pmc:PMC11540904","syn61441319","/www.synapse.org/Synapse:syn61441319/wiki/628796 ). Code avai"
"1592","16","pmc:PMC11543605","syn25683364","to LRGASP participants (syn25683364). In addition to genomic"
"1593","16","pmc:PMC11545609","syn24200710","w.synapse.org/ (SYN-ID: “syn24200710”) [ 65 ]. This dataset c"
"1594","16","pmc:PMC11545609","syn24200710","w.synapse.org/#!Synapse: syn24200710). Declarations Ethics ap"
"1595","16","pmc:PMC11549055","syn53222724","/www.synapse.org/Synapse:syn53222724 . Competing interests C."
"1596","16","pmc:PMC11549054","syn3157275","ynapse.org (Synapse IDs: syn3157275 and syn3191087). DNA met"
"1597","16","pmc:PMC11549054","syn3191087","apse IDs: syn3157275 and syn3191087). DNA methylation prepar"
"1598","16","pmc:PMC11549054","syn21088596","ynapse.org (Synapse IDs: syn21088596, syn21323366, syn3505732"
"1599","16","pmc:PMC11549054","syn21323366","ynapse IDs: syn21088596, syn21323366, syn3505732 and syn35057"
"1600","16","pmc:PMC11549054","syn3505732","yn21088596, syn21323366, syn3505732 and syn3505724). As prev"
"1601","16","pmc:PMC11549054","syn3505724","21323366, syn3505732 and syn3505724). As previously describe"
"1602","16","pmc:PMC11549054","syn10930250","om Synapse (Synapse IDs: syn10930250, syn21499318, syn2152265"
"1603","16","pmc:PMC11549054","syn21499318","ynapse IDs: syn10930250, syn21499318, syn21522653 and syn2154"
"1604","16","pmc:PMC11549054","syn21522653","yn10930250, syn21499318, syn21522653 and syn21547862). Eight"
"1605","16","pmc:PMC11549054","syn21547862","1499318, syn21522653 and syn21547862). Eight participants wer"
"1606","16","pmc:PMC11549054","syn52047893","ww.synapse.org/#!Synapse:syn52047893 ) and NIH SRA (accession"
"1607","16","pmc:PMC11549088","syn8612097","ain RNA-seq dataset (ID: syn8612097) 14 . Upon further inves"
"1608","16","pmc:PMC11549088","syn8612097","ain RNA-seq dataset (ID: syn8612097) 41 , 42 together with c"
"1609","16","pmc:PMC11552301","syn7416949","/www.synapse.org/Synapse:syn7416949 ) [ 31 ]. CIRCexplorer2"
"1610","16","pmc:PMC11552301","syn7416949","/www.synapse.org/Synapse:syn7416949 ) [ 31 ]. RNA-seq data f"
"1611","16","pmc:PMC11565429","syn53641849","(Synapse accession code: syn53641849). We used the 'Seurat' p"
"1612","16","pmc:PMC11565825","syn2580853","https://doi.org/10.7303/syn2580853 . Additionally, the huma"
"1613","16","pmc:PMC11565825","syn2580853","https://doi.org/10.7303/syn2580853 ). Human AD brain snRNA-"
"1614","16","pmc:PMC11565825","syn2580853","https://doi.org/10.7303/syn2580853 . The human neuropatholo"
"1615","16","pmc:PMC11567244","syn18485175","H. et al. (10X Genomics, syn18485175) were downloaded in fast"
"1616","16","pmc:PMC11567244","syn18485175",".synapse.org/ #! Synapse:syn18485175)[ 29 ]. Raw snRNA-Seq re"
"1617","16","pmc:PMC11567244","syn18485175","nt matrices from dataset syn18485175 were integrated by cellr"
"1618","16","pmc:PMC11567244","syn18485175","m the prefrontal cortex (syn18485175, 24 individuals with no"
"1619","16","pmc:PMC11567244","syn18485175","bp ). The human dataset (syn18485175) contains astrocytes, ol"
"1620","16","pmc:PMC11567244","syn18485175","GSE143758 (A and B) and syn18485175 (C and D) . For each dat"
"1621","16","pmc:PMC11567244","syn18485175","populations from dataset syn18485175. (A) The UMAP visualizat"
"1622","16","pmc:PMC11567244","syn18485175","AD samples from dataset syn18485175. (A) UMAP visualization"
"1623","16","pmc:PMC11567244","syn18485175","P4 expression in dataset syn18485175. The y axis shows the lo"
"1624","16","pmc:PMC11567244","syn18485175","and diminished in AD. In syn18485175, we observed two cluster"
"1625","16","pmc:PMC11567244","syn18485175","n to snRNA-seq data from syn18485175, we also observed such a"
"1626","16","pmc:PMC11567244","syn18485175","e observed that cells in syn18485175 contained a greater dive"
"1627","16","pmc:PMC11567244","syn18485175","on in AD, whereas in the syn18485175 dataset, two Ex clusters"
"1628","16","pmc:PMC11567244","syn18485175","SE174367, GSE138852, and syn18485175. References [1] Escartin"
"1629","16","pmc:PMC11567813","syn3159438","MSBB) study (synapse ID: syn3159438). For this study, RNA wa"
"1630","16","pmc:PMC11567813","syn5550404","Mayo) study (synapse ID: syn5550404). For this study, RNA wa"
"1631","16","pmc:PMC11567813","syn3219045","ct (ROS/MAP; synapse ID: syn3219045). For this study, RNA wa"
"1632","16","pmc:PMC11567813","syn21241740","om the Synapse database (syn21241740). 2.2 Analysis of TE exp"
"1633","16","pmc:PMC11567813","syn21241740","y the AMP‐AD consortium (syn21241740). To test the replicatio"
"1634","16","pmc:PMC11567813","syn21241740","y the AMP‐AD consortium (syn21241740), including clinical var"
"1635","16","pmc:PMC11567813","syn21241740","y the AMP‐AD consortium (syn21241740) to identify both subfam"
"1636","16","pmc:PMC11567813","syn21241740","seq harmonization study (syn21241740). We applied this harmon"
"1637","16","pmc:PMC11567813","syn11707308","Mayo study (synapse ID: syn11707308). Samples that overlappe"
"1638","16","pmc:PMC11567813","syn9702085","seq harmonization study (syn9702085) were selected for teQTL"
"1639","16","pmc:PMC11567813","syn21241740","RNA harmonization study (syn21241740). We further used three"
"1640","16","pmc:PMC11567813","syn17015233","ain biobank (synapse ID: syn17015233), 31 including eQTL, cis"
"1641","16","pmc:PMC11567813","syn11707308","ain biobank (synapse ID: syn11707308). FUSION is an R package"
"1642","16","pmc:PMC11567813","syn9702085","seq Harmonization Study (syn9702085, see Methods). Using SQu"
"1643","16","pmc:PMC11567813","syn21241740","seq Harmonization Study (syn21241740). G, H, TE–gene regulato"
"1644","16","pmc:PMC11567813","syn21241740","seq Harmonization Study (syn21241740). Genes differentially e"
"1645","16","pmc:PMC11567813","syn21241740","seq harmonization study (syn21241740), in which significant d"
"1646","16","pmc:PMC11568756","syn4921369","/www.synapse.org/Synapse:syn4921369 ). We generated EAS ( n"
"1647","16","pmc:PMC11573874","syn52229757","are available at 10.7303/syn52229757. Funding: This research"
"1648","16","pmc:PMC11574202","syn52845352","ata deposited at 10.7303/syn52845352. Data of N-glycomics is"
"1649","16","pmc:PMC11574208","syn26706564","ww.synapse.org/#!Synapse:syn26706564 ). Genomics England ( ht"
"1650","16","pmc:PMC11580823","syn7170616","https://doi.org/10.7303/syn7170616 ). Partially processed p"
"1651","16","pmc:PMC11582121","syn51522715","data repository (SynID: syn51522715). References to previous"
"1652","16","pmc:PMC11583415","syn11726618","ww.synapse.org/#!Synapse:syn11726618/ . The matrix was analys"
"1653","16","pmc:PMC11584639","syn63995416","synapse.org/ (Synapse ID syn63995416). Patient data availabil"
"1654","16","pmc:PMC11584674","syn35856920","bpage at synapse (synID: syn35856920 ). The following publicl"
"1655","16","pmc:PMC11586308","syn3388564","is available on Synapse (syn3388564). In summary, phase one"
"1656","16","pmc:PMC11586308","syn17015098","rom 400 ROS/MAP samples (syn17015098). Briefly, protein abund"
"1657","16","pmc:PMC11586308","syn21266454","cessed data available at syn21266454) as reported previously"
"1658","16","pmc:PMC11587609","syn21392931","able from synapse.org id syn21392931 ( https://doi.org/ 10.73"
"1659","16","pmc:PMC11587609","syn21392931","https://doi.org/ 10.7303/syn21392931) [ 19 ], Wen et al. fine"
"1660","16","pmc:PMC11587609","syn50897018","able from synapse.org id syn50897018.5 ( https://doi.org/ 10."
"1661","16","pmc:PMC11587609","syn50897018","https://doi.org/ 10.7303/syn50897018.5) [ 19 ], Trevino et al"
"1662","16","pmc:PMC11587609","syn4921369","able from synapse.org id syn4921369 ( https://doi.org/ 10.73"
"1663","16","pmc:PMC11587609","syn4921369","https://doi.org/ 10.7303/syn4921369) [ 17 ]. Source code use"
"1664","16","pmc:PMC11591854","syn59059764","/www.synapse.org/Synapse:syn59059764 (accessed on 15 July 202"
"1665","16","pmc:PMC11601219","syn6131484","ww.synapse.org/#!Synapse:syn6131484/ ). We ordered the motif"
"1666","16","pmc:PMC11601401","syn51150434","rom Synapse (Synapse ID: syn51150434) 13 . Neocortical neurit"
"1667","16","pmc:PMC11601401","syn20933797","ded from Synapse (SynID: syn20933797) and consisted of 150 he"
"1668","16","pmc:PMC11601401","syn62110225","https://doi.org/10.7303/syn62110225 Pathologic and phenotypi"
"1669","16","pmc:PMC11601639","syn18485175","se.org/ with synapse ID: syn18485175. This dataset includes 8"
"1670","16","pmc:PMC11601760","syn63997960","/www.synapse.org/Synapse:syn63997960 . Raw sequencing data (1"
"1671","16","pmc:PMC11602985","syn21323404","apse.org ; metadata file syn21323404. Expression quantitative"
"1672","16","pmc:PMC11603868","syn55354925","images for brain tissue (syn55354925) and RNA/library metadat"
"1673","16","pmc:PMC11603868","syn570405238","nd RNA/library metadata (syn570405238 and syn61668772) are ava"
"1674","16","pmc:PMC11603868","syn61668772","tadata (syn570405238 and syn61668772) are available from syna"
"1675","16","pmc:PMC11606963","syn22255433",", and Mogilenko et al. (syn22255433) 6 . The GSE213516, GSE2"
"1676","16","pmc:PMC11606963","syn22255433","nd female donors, except syn22255433, which consisted exclusi"
"1677","16","pmc:PMC11606963","syn22255433","RA003766 (6 female), and syn22255433 (20 male). d The number"
"1678","16","pmc:PMC11606963","syn22255433","66 (3 young, 3 old), and syn22255433 (10 young, 10 old). We f"
"1679","16","pmc:PMC11606963","syn22255433","s lower in GSE214546 and syn22255433, while syn22255433 and G"
"1680","16","pmc:PMC11606963","syn22255433","6 and syn22255433, while syn22255433 and GSE157007 had fewer"
"1681","16","pmc:PMC11606963","syn22255433","tably, the GSE214546 and syn22255433 data had more CD4 + Tn c"
"1682","16","pmc:PMC11606963","syn22255433","d CD4 + CTL cells in the syn22255433, GSE157007, and GSE21454"
"1683","16","pmc:PMC11606963","syn22255433","cells (GSE157007, 7.22%; syn22255433, 6.43%; GSE214546, 4.6%;"
"1684","16","pmc:PMC11606963","syn22255433","RA000203, HRA000624, and syn22255433; p < 0.05) and also pres"
"1685","16","pmc:PMC11606963","syn22255433","SE214546, HRA000624, and syn22255433; p < 0.05) (Fig. 5b ). N"
"1686","16","pmc:PMC11606963","syn22255433","SE157007, HRA003766, and syn22255433. Interestingly, this cel"
"1687","16","pmc:PMC11606963","syn22255433","from Synapse (accession syn22255433). The GSE213516, GSE2145"
"1688","16","pmc:PMC11606963","syn22255433","RA000204, HRA003766, and syn22255433 data. We downloaded the"
"1689","16","pmc:PMC11606963","syn22255433","HRA003766), and Synapse (syn22255433). Code availability Anal"
"1690","16","pmc:PMC11608238","syn53113026","le at Synapse project ID syn53113026. Any additional informat"
"1691","16","pmc:PMC11609921","syn2759792","Synapse via synapse ID: syn2759792. As defined by Hoffman e"
"1692","16","pmc:PMC11614626","syn25649159","ww.synapse.org/#!Synapse:syn25649159/wiki/610007 2.2 Cortical"
"1693","16","pmc:PMC11614626","syn25649159","ww.synapse.org/#!Synapse:syn25649159/wiki/610007 . Author con"
"1694","16","pmc:PMC11614693","syn26223298","onetworks (accession no. syn26223298 ). Instructions for acce"
"1695","16","pmc:PMC11614693","syn18485175","e: ref. 5 (accession no. syn18485175 ; stated brain region: P"
"1696","16","pmc:PMC11614693","syn21670836","), ref. 8 (accession no. syn21670836 ; stated brain region: D"
"1697","16","pmc:PMC11614693","syn21438358","C, ref. 7 (accession no. syn21438358; stated brain region: DL"
"1698","16","pmc:PMC11614693","syn16780177",", ref. 12 (accession no. syn16780177; stated brain region: DL"
"1699","16","pmc:PMC11614693","syn31512863",", ref. 13 (accession no. syn31512863; stated brain region: DL"
"1700","16","pmc:PMC11614693","syn52293417","d ref. 14 (accession no. syn52293417 ; stated brain region: D"
"1701","16","pmc:PMC11614739","syn18485175","ies as follows: ref. 9 , syn18485175; ref. 10 , GSE138852 ; r"
"1702","16","pmc:PMC11614739","syn21125841",", GSE157827 ; ref. 11 , syn21125841; ref. 12 , GSE147528 ; r"
"1703","16","pmc:PMC11616711","syn62753848","https://doi.org/10.7303/syn62753848 . Whole exome sequencing"
"1704","16","pmc:PMC11621021","syn52859560","repository (Synapse ID: syn52859560) by following instructio"
"1705","16","pmc:PMC11621021","syn22345750","ww.synapse.org/#!Synapse:syn22345750 ); see Supplementary Tab"
"1706","16","pmc:PMC11621021","syn54523217","ww.synapse.org/#!Synapse:syn54523217 . The CRC CyCIF dataset"
"1707","16","pmc:PMC11623095","syn3193805","https://doi.org/10.7303/syn3193805 . The ACDC dataset is av"
"1708","16","pmc:PMC11623774","syn3157275","ledge Portal (accession: syn3157275), and the HBI dataset ca"
"1709","16","pmc:PMC11623943","syn52297840","https://doi.org/10.7303/syn52297840 ). Values for data point"
"1710","16","pmc:PMC11624270","syn51355584","ww.synapse.org/#!Synapse:syn51355584 ). This study was conduc"
"1711","16","pmc:PMC11624270","syn51355584","ww.synapse.org/#!Synapse:syn51355584 ). Additionally, two pub"
"1712","16","pmc:PMC11631763","syn51364943","ww.synapse.org/#!Synapse:syn51364943/files/ ; n = ~34,000 sam"
"1713","16","pmc:PMC11631763","syn51364943","ww.synapse.org/#!Synapse:syn51364943/files/ ); the 22.10 upda"
"1714","16","pmc:PMC11631771","syn18485175","downloaded from Synapse (syn18485175 and syn21670836), and th"
"1715","16","pmc:PMC11631771","syn21670836","Synapse (syn18485175 and syn21670836), and the data from ref."
"1716","16","pmc:PMC11631771","syn18485175","he following accessions: syn18485175 (ref. 8 ), syn21670836 ("
"1717","16","pmc:PMC11631771","syn21670836",": syn18485175 (ref. 8 ), syn21670836 (ref. 9 ) and syn2207962"
"1718","16","pmc:PMC11631771","syn22079621","yn21670836 (ref. 9 ) and syn22079621 (ref. 7 ). Source imagin"
"1719","16","pmc:PMC11633955","syn18428446","/www.synapse.org/Synapse:syn18428446/wiki/590176 , 2019. 30 L"
"1720","16","pmc:PMC11633955","syn18428446","/www.synapse.org/Synapse:syn18428446/wiki/607684 , 2020. 31 B"
"1721","16","pmc:PMC11634769","syn51364943","through Synapse (10.7303/syn51364943). FinnGen (freeze 9) was"
"1722","16","pmc:PMC11634877","syn21569629","https://doi.org/10.7303/syn21569629 ). Data from the Clinica"
"1723","16","pmc:PMC11641111","syn31488784","https://doi.org/10.7303/syn31488784 ) and the INCLUDE Data H"
"1724","16","pmc:PMC11641111","syn31488780","https://doi.org/10.7303/syn31488780 ), the INCLUDE Data Hub,"
"1725","16","pmc:PMC11641111","syn31475487","https://doi.org/10.7303/syn31475487 ) and the INCLUDE Data H"
"1726","16","pmc:PMC11641111","syn31488782","https://doi.org/10.7303/syn31488782 ), Metabolomics Workbenc"
"1727","16","pmc:PMC11642480","syn2787211","ww.synapse.org/#!Synapse:syn2787211 . The DREAM5 competition"
"1728","16","pmc:PMC11642480","syn2787211","ww.synapse.org/#!Synapse:syn2787211 . We excluded experiment"
"1729","16","pmc:PMC11642934","syn25148326","/www.synapse.org/Synapse:syn25148326 . The primary outcome in"
"1730","16","pmc:PMC11643020","syn16780177","re sourced from Synapse (syn16780177). This dataset consists"
"1731","16","pmc:PMC11643149","syn52795287","ww.synapse.org/#!Synapse:syn52795287 . Reference 1. Long J. M"
"1732","16","pmc:PMC11643205","syn51156910","/www.synapse.org/Synapse:syn51156910 . 30. Bittner N. When yo"
"1733","16","pmc:PMC11643295","syn52335732","https://doi.org/10.7303/syn52335732 ) cohort ( 62 ). Immunoh"
"1734","16","pmc:PMC11645269","syn21670836","snRNA-seqAD_TREM2; study syn21670836). Study data were provid"
"1735","16","pmc:PMC11645277","syn51015750","/www.synapse.org/Synapse:syn51015750 ); and Yang et al. 2022"
"1736","16","pmc:PMC11645278","syn22324937","/www.synapse.org/Synapse:syn22324937 ). The EEG sources that"
"1737","16","pmc:PMC11654137","syn26342771","dos Vivos. 2021. 10.7303/syn26342771. 27. Carvalho L, Amaral"
"1738","16","pmc:PMC11657002","syn51156910","/www.synapse.org/Synapse:syn51156910/wiki/627000 . Declaratio"
"1739","16","pmc:PMC11659981","syn21041850","[ 30 ] with Synapse ID: syn21041850; PBMC dataset from the 1"
"1740","16","pmc:PMC11660765","syn26712693","ww.synapse.org/ with id: syn26712693. Complete public access"
"1741","16","pmc:PMC11661161","syn2580853","https://doi.org/10.7303/syn2580853 . The Zhou et al. datase"
"1742","16","pmc:PMC11661161","syn21125841","https://doi.org/10.7303/syn21125841 . Only individuals witho"
"1743","16","pmc:PMC11661275","syn53470621","re Prediction Challenge (syn53470621) ."
"1744","16","pmc:PMC11661307","syn61929919","/www.synapse.org/Synapse:syn61929919 References 1. Yuzwa S. A"
"1745","16","pmc:PMC11661334","syn51364943","/www.synapse.org/Synapse:syn51364943 ). Protein pairs with kn"
"1746","16","pmc:PMC11661413","syn23565056","/www.synapse.org/Synapse:syn23565056 . The external testing d"
"1747","16","pmc:PMC11665636","syn2820440","/www.synapse.org/Synapse:syn2820440/wiki/71024 ; yeast data,"
"1748","16","pmc:PMC11666043","syn3157275","[ 39 ] with Synapase ID syn3157275), and the superior tempo"
"1749","16","pmc:PMC11667510","syn26446587","ww.synapse.org/#!Synapse:syn26446587 An interactive view of A"
"1750","16","pmc:PMC11667503","syn51757646","/www.synapse.org/Synapse:syn51757646 . These data are availab"
"1751","16","pmc:PMC11667503","syn51732482","ailsPage/StudyData?Study=syn51732482 . The data analysis, usi"
"1752","16","pmc:PMC11667503","syn53420674","https://doi.org/10.7303/syn53420674 . Search results and dat"
"1753","16","pmc:PMC11667503","syn55225561","https://doi.org/10.7303/syn55225561 . Summary data are also"
"1754","16","pmc:PMC11669001","syn57077557","ww.synapse.org/#!Synapse:syn57077557/files/ ) freely. Referen"
"1755","16","pmc:PMC11669572","syn52335732","https://doi.org/10.7303/syn52335732 ) and Zenodo ( https://d"
"1756","16","pmc:PMC11673071","syn52293417","sPage/StudyDetails?Study=syn52293417 , accessed on 2 October"
"1757","16","pmc:PMC11673071","syn52293417","sPage/StudyDetails?Study=syn52293417 (accessed on 2 July 2024"
"1758","16","pmc:PMC11674848","syn3219045","/www.synapse.org/Synapse:syn3219045 , accessed on 1 August 2"
"1759","16","pmc:PMC11676228","syn26465623","/www.synapse.org/Synapse:syn26465623 , accessed on 15 October"
"1760","16","pmc:PMC11676228","syn26465623","re available at Synapse (syn26465623, https://www.synapse.org"
"1761","16","pmc:PMC11681178","syn64332665","ed on Synapse at 10.7303/syn64332665 73 . Competing interests"
"1762","16","pmc:PMC11682225","syn18485175","processing). The dataset(syn18485175) of snRNA-seq was select"
"1763","16","pmc:PMC11682225","syn18485175","21 AD individuals in the syn18485175 dataset was also extract"
"1764","16","pmc:PMC11682225","syn18485175","s and 21 AD individuals (syn18485175 dataset) was used to snR"
"1765","16","pmc:PMC11682225","syn18485175","s. ADNI (AD 115, CN 246) syn18485175 (AD 21, CN 14) HR (95% C"
"1766","16","pmc:PMC11682344","syn55259257","following link (10.7303/syn55259257) and released under a Cr"
"1767","16","pmc:PMC11682344","syn55259257","Database Synapse 10.7303/syn55259257 Welch, E. C. et al . Bro"
"1768","16","pmc:PMC11682344","syn55259257","atabase. Synapse 10.7303/syn55259257 (2024)."
"1769","16","pmc:PMC11684814","syn51730532","pse under accession code syn51730532 ( https://www.synapse.or"
"1770","16","pmc:PMC11684814","syn51730532","/www.synapse.org/Synapse:syn51730532 ). Moreover, the whole o"
"1771","16","pmc:PMC11686138","syn61831984","ns) under accession code syn61831984 . Level 3 datasets are a"
"1772","16","pmc:PMC11686230","syn21041850","5061 for human pancreas; syn21041850 , GSE135893 , GSE128169"
"1773","16","pmc:PMC11686342","syn63835477","d at synapse.org 10.7303/syn63835477. Source data are provide"
"1774","16","pmc:PMC11687933","syn31488784","https://doi.org/10.7303/syn31488784 ) and through the INCLUD"
"1775","16","pmc:PMC11687933","syn53185253","https://doi.org/10.7303/syn53185253 ). Targeted plasma prote"
"1776","16","pmc:PMC11687933","syn31475487","https://doi.org/10.7303/syn31475487 ) and the INCLUDE Data H"
"1777","16","pmc:PMC11687933","syn53185252","https://doi.org/10.7303/syn53185252 ). The following dataset"
"1778","16","pmc:PMC11687933","syn53185252","markers Synapse 10.7303/syn53185252 The following previously"
"1779","16","pmc:PMC11687933","syn31488784","metadata Synapse 10.7303/syn31488784 Galbraith MD Araya P Wau"
"1780","16","pmc:PMC11687933","syn53185253","(CyTOF) Synapse 10.7303/syn53185253 Galbraith MD Rachubinski"
"1781","16","pmc:PMC11687933","syn31475487","noassay) Synapse 10.7303/syn31475487 Galbraith MD Rachubinski"
"1782","16","pmc:PMC11695672","syn7222066","/www.synapse.org/Synapse:syn7222066/wiki/405659 ), and glios"
"1783","16","pmc:PMC11696116","syn2623706","( www.synapse.org ) (ID: syn2623706). All datasets were comb"
"1784","16","pmc:PMC11696116","syn2623706","( www.synapse.org ) (ID: syn2623706) and used for the strati"
"1785","16","pmc:PMC11696116","syn2623706","/www.synapse.org/Synapse:syn2623706/wiki/67246 ]. PETACC3 ["
"1786","16","pmc:PMC11696116","syn2623706","/www.synapse.org/Synapse:syn2623706/wiki/67246 ]. Source dat"
"1787","16","pmc:PMC11696116","syn53040345",", and synapse.org (id = syn53040345) [ https://www.synapse.o"
"1788","16","pmc:PMC11696116","syn53040345","ww.synapse.org/#!Synapse:syn53040345/ ]; respectively. A guid"
"1789","16","pmc:PMC11698866","syn11707420","S VCF files (Synapse ID: syn11707420) generated by The Whole-"
"1790","16","pmc:PMC11698866","syn7357283","from ROSMAP (Synapse ID: syn7357283) were generated as descr"
"1791","16","pmc:PMC11698866","syn11707420","from ROSMAP (Synapse ID: syn11707420) and the DNA methylation"
"1792","16","pmc:PMC11698866","syn7357283","IDAT files (Synapse ID: syn7357283) are accessible through"
"1793","16","pmc:PMC11698866","syn3219045","manuscript see: 10.7303/syn3219045. To increase accessibili"
"1794","16","pmc:PMC11698866","syn22264775","sPage/StudyDetails?Study=syn22264775 . Accessed 1 Sept. 2023."
"1795","16","pmc:PMC11701579","syn61808085","is codes are archived in syn61808085 ( https://www.synapse.or"
"1796","16","pmc:PMC11701579","syn61808085","/www.synapse.org/Synapse:syn61808085/files/ ). Supplementary"
"1797","16","pmc:PMC11701859","syn22317081","https://doi.org/10.7303/syn22317081 . • The REST-meta-MDD da"
"1798","16","pmc:PMC11702857","syn4993293","/www.synapse.org/Synapse:syn4993293/wiki/247860 . Software i"
"1799","16","pmc:PMC11703252","syn63862703","e in Synapse under synID syn63862703. REFERENCES 1. Gandal M."
"1800","16","pmc:PMC11703337","syn52966803","https://doi.org/10.7303/syn52966803 . • scRNA-seq of PBMCs f"
"1801","16","pmc:PMC11703337","syn52966803","https://doi.org/10.7303/syn52966803 . • scRNA-seq of breast"
"1802","16","pmc:PMC11703337","syn52966803","https://doi.org/10.7303/syn52966803 . REFERENCES 1. Lee JS ,"
"1803","16","pmc:PMC11705768","syn61670083","/www.synapse.org/Synapse:syn61670083 ). The BayesTS database"
"1804","16","pmc:PMC11705768","syn61670083","/www.synapse.org/Synapse:syn61670083 Software and algorithms"
"1805","16","pmc:PMC11706328","syn21241740","https://doi.org/10.7303/syn21241740 for details on the rnaSe"
"1806","16","pmc:PMC11706328","syn52394100","at synapse.org ; SnyID: syn52394100. Funding This study was"
"1807","16","pmc:PMC11707606","syn13363290","sion 3.3.0, data version syn13363290-v66). Differentially exp"
"1808","16","pmc:PMC11709273","syn2701943","ium dataset [ 60 , 61 ] (syn2701943). The data are preproces"
"1809","16","pmc:PMC11710134","syn5550404","in the MayoRNAseq study (syn5550404). ADI from the Neighborh"
"1810","16","pmc:PMC11710479","syn2580853","MAP; AD Knowledge Portal syn2580853) to characterize sex‐spe"
"1811","16","pmc:PMC11710802","syn8456638","e (Logsdon et al., 2019, syn8456638;syn8456629) and made ava"
"1812","16","pmc:PMC11710802","syn8456629","et al., 2019, syn8456638;syn8456629) and made available to u"
"1813","16","pmc:PMC11710802","syn3219045","dation knowledge portal (syn3219045). Associations of gene e"
"1814","16","pmc:PMC11712617","syn8456637","eq datasets from ROSMAP (syn8456637) were obtained from the"
"1815","16","pmc:PMC11715834","syn8456637","eq datasets from ROSMAP (syn8456637) were obtained from the"
"1816","16","pmc:PMC11716409","syn4231880","DREAM Challenge. 10.7303/syn4231880. URL visited on 8th Nove"
"1817","16","pmc:PMC11722314","syn3219045","ilsPage?Program=AMP-AD , syn3219045) or via the Rush Alzheim"
"1818","16","pmc:PMC11725373","syn22891469","/www.synapse.org/Synapse:syn22891469/wiki/605716 ) run by Sag"
"1819","16","pmc:PMC11727005","syn53277070","https://doi.org/10.7303/syn53277070 . REFERENCES Cain , W. S"
"1820","16","pmc:PMC11733535","syn53254572","https://doi.org/10.7303/syn53254572 , and the formatted inpu"
"1821","16","pmc:PMC11733535","syn53270590","https://doi.org/10.7303/syn53270590 . Please see the followi"
"1822","16","pmc:PMC11733535","syn53254572","https://doi.org/10.7303/syn53254572 Data Key: We have compil"
"1823","16","pmc:PMC11733535","syn53270590","https://doi.org/10.7303/syn53270590 t-SNE: The multiple myel"
"1824","16","pmc:PMC11734413","syn2701943","g the R package synapse (syn2701943). The OCLR (one-class lo"
"1825","16","pmc:PMC11736915","syn61979705","data repository (SynID: syn61979705). Declarations Ethics ap"
"1826","16","pmc:PMC11739505","syn1848517","are as follows: Mathys, syn1848517 ( https://www.synapse.or"
"1827","16","pmc:PMC11739505","syn18485175","ww.synapse.org/#!Synapse:syn18485175 ); Grubman, GSE138852 ;"
"1828","16","pmc:PMC11739505","syn21125841","; Lau, GSE157827 ; Zhou, syn21125841 ( https://www.synapse.or"
"1829","16","pmc:PMC11739505","syn21125841","/www.synapse.org/Synapse:syn21125841/wiki/597278 ); Olah, syn"
"1830","16","pmc:PMC11739505","syn21438358","841/wiki/597278 ); Olah, syn21438358 ( https://www.synapse.or"
"1831","16","pmc:PMC11739505","syn21438358","ww.synapse.org/#!Synapse:syn21438358 ); Pappalardo, GSE157277"
"1832","16","pmc:PMC11741299","syn59480573","n the synapse repository syn59480573, with the corresponding"
"1833","16","pmc:PMC11741299","syn59480573","n the synapse repository syn59480573, with corresponding TF-M"
"1834","16","pmc:PMC11741299","syn59510977","n the synapse repository syn59510977, with the corresponding"
"1835","16","pmc:PMC11741299","syn59651013","n the synapse repository syn59651013, 1.20 ChromBPNet models"
"1836","16","pmc:PMC11741299","syn59479965","n the synapse repository syn59479965 (SMC) and syn59479966 (M"
"1837","16","pmc:PMC11741299","syn59479966","ry syn59479965 (SMC) and syn59479966 (Microglia), 1.21 Subsam"
"1838","16","pmc:PMC11741299","syn63887196","n the synapse repository syn63887196. 1.23 ChromBPNet variant"
"1839","16","pmc:PMC11741299","syn64126763","asets can be accessed at syn64126763. Below, we provide detai"
"1840","16","pmc:PMC11741299","syn30863713","ww.synapse.org/#!Synapse:syn30863713 and obtained effect size"
"1841","16","pmc:PMC11741299","syn30308248","ww.synapse.org/#!Synapse:syn30308248 ) based on “Peak” and “V"
"1842","16","pmc:PMC11741299","syn269491355","ww.synapse.org/#!Synapse:syn269491355 , yielding 956 caQTL eff"
"1843","16","pmc:PMC11741299","syn63395628","/www.synapse.org/Synapse:syn63395628/files/ . Extended Data E"
"1844","16","pmc:PMC11741299","syn59449898",".synapse.org/chrombpnet (syn59449898). The Synapse repository"
"1845","16","pmc:PMC11741299","syn59449898",".synapse.org/chrombpnet (syn59449898) also hosts several othe"
"1846","16","pmc:PMC11741481","syn52335807","e obtained from Synapse: syn52335807 and https://doi.org/10.5"
"1847","16","pmc:PMC11741481","syn52293442","downloaded from Synapse: syn52293442). The publicly available"
"1848","16","pmc:PMC11742934","syn412202307","on/publie/SynCsm23412/consyn412202307-ConsoViande.pdf 3. SPF."
"1849","16","pmc:PMC11750583","syn26844264","on Synapse (Synapse ID: syn26844264; https://www.synapse.org"
"1850","16","pmc:PMC11750583","syn26844264","ww.synapse.org/#!Synapse:syn26844264 ) to approved researcher"
"1851","16","pmc:PMC11750583","syn26844264","researchers; Synapse ID: syn26844264; https://www.synapse.org"
"1852","16","pmc:PMC11750583","syn26844264","ww.synapse.org/#!Synapse:syn26844264 Please contact L.A.G. or"
"1853","16","pmc:PMC11750583","syn26844264","ww.synapse.org/#!Synapse:syn26844264 Oligonucleotides Primer:"
"1854","16","pmc:PMC11750583","syn26844264","ww.synapse.org/#!Synapse:syn26844264 ). Data can be provided"
"1855","16","pmc:PMC11751448","syn25398075","AMP-AD Knowledge Portal (syn25398075) 20 and MetaBrain websit"
"1856","16","pmc:PMC11751448","syn24172458","AMP-AD Knowledge Portal (syn24172458 22 and syn23627957 23 )."
"1857","16","pmc:PMC11751448","syn23627957","rtal (syn24172458 22 and syn23627957 23 ). The full summary s"
"1858","16","pmc:PMC11752824","syn3388564","is available on Synapse (syn3388564). In summary, phase one"
"1859","16","pmc:PMC11752804","syn63940117","/www.synapse.org/Synapse:syn63940117 ). The ApoeCh model is a"
"1860","16","pmc:PMC11754107","syn2623706","s centroid data (10.7303/syn2623706). Source data are provid"
"1861","16","pmc:PMC11759254","syn51364943","https://doi.org/10.7303/syn51364943 . Our supplementary tabl"
"1862","16","pmc:PMC11760239","syn52335732","https://doi.org/10.7303/syn52335732 ) cohort 62 . Immunohist"
"1863","16","pmc:PMC11761133","syn2580853","AMP-AD knowledge portal (syn2580853) [ 19 , 100 ]. Read coun"
"1864","16","pmc:PMC11761133","syn8456629","ir original publications syn8456629 and syn52293442, respect"
"1865","16","pmc:PMC11761133","syn52293442","lications syn8456629 and syn52293442, respectively, under con"
"1866","16","pmc:PMC11761133","syn63686123","pse under the Synapse ID syn63686123 . All code used for this"
"1867","16","pmc:PMC11763529","syn11638893","eq Human PDX 13 NA NA NA syn11638893 (Hirbe et al., 2022) [ 4"
"1868","16","pmc:PMC11763529","syn23651229","ssue (blood) 46 23 NA NA syn23651229 (Shern et al., 2020) [ 5"
"1869","16","pmc:PMC11769936","syn51156910","ww.synapse.org/#!Synapse:syn51156910/wiki/622461 DR7 BraTS 20"
"1870","16","pmc:PMC11772740","syn22024496","the AMP‐AD website (ID: syn22024496) and used for label tran"
"1871","16","pmc:PMC11772740","syn23446022","sc.edu, the ROSMAP data (syn23446022), and ANMerge data (syn4"
"1872","16","pmc:PMC11772740","syn4988768","6022), and ANMerge data (syn4988768). The code is available"
"1873","16","pmc:PMC11775245","syn4231880","ww.synapse.org/#!Synapse:syn4231880/wiki/235651 , (2015)."
"1874","16","pmc:PMC11779630","syn51068458","ww.synapse.org/#!Synapse:syn51068458/wiki/620854 . The mIHC s"
"1875","16","pmc:PMC11779630","syn51078766","ww.synapse.org/#!Synapse:syn51078766 . Source data for Figs."
"1876","16","pmc:PMC11780873","syn51154733","/www.synapse.org/Synapse:syn51154733 . The glioma data may be"
"1877","16","pmc:PMC11782843","syn52356795","vailable on synapse.org (syn52356795 and syn52895027). Thermo"
"1878","16","pmc:PMC11782843","syn52895027","pse.org (syn52356795 and syn52895027). Thermo RAW files from"
"1879","16","pmc:PMC11785194","syn64396764","/www.synapse.org/Synapse:syn64396764 . The 2024 human Uniprot"
"1880","16","pmc:PMC11785194","syn53177242","btained from synapse.org syn53177242. Brain tissue from the d"
"1881","16","pmc:PMC11785523","syn61609846","under accession numbers syn61609846 , syn61853526 and syn617"
"1882","16","pmc:PMC11785523","syn61853526","on numbers syn61609846 , syn61853526 and syn61765870 , respec"
"1883","16","pmc:PMC11785523","syn61765870","609846 , syn61853526 and syn61765870 , respectively. The mach"
"1884","16","pmc:PMC11788268","syn3193805","https://doi.org/10.7303/syn3193805 DATA AVAILABILITY STATEM"
"1885","16","pmc:PMC11788268","syn3193805",": http://doi.org/10.7303/syn3193805 REFERENCES 1 Liu X , Son"
"1886","16","pmc:PMC11790236","syn52297840","https://doi.org/10.7303/syn52297840 ) with further help from"
"1887","16","pmc:PMC11790761","syn53644993","ww.synapse.org/#!Synapse:syn53644993 . Declarations Ethics Ap"
"1888","16","pmc:PMC11792374","syn9702085","ww.synapse.org/#!Synapse:syn9702085 ) with Synapse ID: syn84"
"1889","16","pmc:PMC11792374","syn8456637","02085 ) with Synapse ID: syn8456637. Source data were collec"
"1890","16","pmc:PMC11792374","syn52293417","ww.synapse.org/#!Synapse:syn52293417 ) with Synapse ID: syn25"
"1891","16","pmc:PMC11792374","syn2580853","93417 ) with Synapse ID: syn2580853. Source data were collec"
"1892","16","pmc:PMC11794243","syn52229757","e found at: doi: 10.7303/syn52229757 . Ethics statement The s"
"1893","16","pmc:PMC11796105","syn3219045","ww.synapse.org/#!Synapse:syn3219045 ) [ 28 , 104 ]. The prot"
"1894","16","pmc:PMC11812038","syn17038081","s ) with the synapse ID: syn17038081. Processed histone ChIP-"
"1895","16","pmc:PMC11815327","syn23538600","DRC samples on Synapse ( syn23538600 ). All analytical script"
"1896","16","pmc:PMC11820912","syn22418021","https://doi.org/10.7303/syn22418021 . Conflicts of Interest"
"1897","16","pmc:PMC11821528","syn54083444","pse under accession code syn54083444 . Newly generated raw sn"
"1898","16","pmc:PMC11822667","syn3388564","ilable data (synapse ID: syn3388564). We evaluated different"
"1899","16","pmc:PMC11822667","syn3219045","(ROSMAP) study . 10.7303/syn3219045 Bennett , D. A. , Buchma"
"1900","16","pmc:PMC11827637","syn18485175","ww.synapse.org/#!Synapse:syn18485175 ) under the doi: 10.7303"
"1901","16","pmc:PMC11827637","syn18485175",") under the doi: 10.7303/syn18485175 . All simulated data nee"
"1902","16","pmc:PMC11838929","syn3157743","from the Synapse portal (syn3157743). Only data from the par"
"1903","16","pmc:PMC11838929","syn17008934","from the Synapse portal (syn17008934). Briefly, RNA was extra"
"1904","16","pmc:PMC11838929","syn3157743","ynapse under Synapse IDs syn3157743 ( https://www.synapse.or"
"1905","16","pmc:PMC11838929","syn3157743","ww.synapse.org/#!Synapse:syn3157743 ). Transcriptomics raw d"
"1906","16","pmc:PMC11838929","syn17008934","ynapse under Synapse IDs syn17008934 ( https://www.synapse.or"
"1907","16","pmc:PMC11838929","syn17008934","ww.synapse.org/#!Synapse:syn17008934 ). References 1. Lam AD"
"1908","16","pmc:PMC11838931","syn54032669","APSE under project ID of syn54032669 , and data of other AML"
"1909","16","pmc:PMC11839474","syn51247298","be found with Synapse ID syn51247298 . Transcriptomic data an"
"1910","16","pmc:PMC11839474","syn51150434","be found with Synapse ID syn51150434 . All data not restricte"
"1911","16","pmc:PMC11839474","syn17008936","e ROS/MAP genotype data: syn17008936 ; Banner genotype data:"
"1912","16","pmc:PMC11839474","syn24875702","; Banner genotype data: syn24875702 ; ROS/MAP proteomics: sy"
"1913","16","pmc:PMC11839474","syn21238468","02 ; ROS/MAP proteomics: syn21238468 ; and Banner proteomics:"
"1914","16","pmc:PMC11839474","syn9884314","; and Banner proteomics: syn9884314 . ROS/MAP resources can"
"1915","16","pmc:PMC11839622","syn2701943","ed RNA-Seq data of PSCs (syn2701943) ( Gul et al., 2023 ). A"
"1916","16","pmc:PMC11842900","syn3219045","ww.synapse.org/#!Synapse:syn3219045 ) and the RADC Research"
"1917","16","pmc:PMC11844006","syn3388564","tudy [ 40 ] (Synapse id: syn3388564) in the AMP-AD project."
"1918","16","pmc:PMC11844006","syn11707419","-AD project (Synapse id: syn11707419). The raw WGS data was m"
"1919","16","pmc:PMC11844006","syn3157275","rom Synapse (Synapse id: syn3157275). The data was adjusted"
"1920","16","pmc:PMC11846481","syn3159438","MSBB study (synapse ID: syn3159438), with 284 AD subjects a"
"1921","16","pmc:PMC11846481","syn3219045","of ROS/MAP (synapse ID: syn3219045). This dataset consisted"
"1922","16","pmc:PMC11846862","syn64145789","/www.synapse.org/Synapse:syn64145789 . Follow these steps to"
"1923","16","pmc:PMC11846988","syn28450881","downloaded from Synapse (syn28450881 and syn22314351), and pr"
"1924","16","pmc:PMC11846988","syn22314351","Synapse (syn28450881 and syn22314351), and processed using Se"
"1925","16","pmc:PMC11846988","syn28450881","gh Synapse (single cell: syn28450881 and syn22314351, bulk: s"
"1926","16","pmc:PMC11846988","syn22314351","le cell: syn28450881 and syn22314351, bulk: syn30310865). Cod"
"1927","16","pmc:PMC11846988","syn30310865","1 and syn22314351, bulk: syn30310865). Code availability All"
"1928","16","pmc:PMC11848167","syn25006657","the original study (ID: syn25006657). Our analysis focused o"
"1929","16","pmc:PMC11848167","syn52293417","ww.synapse.org/#!Synapse:syn52293417 ). REFERENCES 1 Wilson R"
"1930","16","pmc:PMC11848196","syn31512863","ortal (Accession Number: syn31512863). Additional filters app"
"1931","16","pmc:PMC11848196","syn3219045","MP‐AD) Knowledge Portal (syn3219045). REFERENCES 1 Ruiz de A"
"1932","16","pmc:PMC11848634","syn22079621","ww.synapse.org/#!Synapse:syn22079621/ . Liu et al. [ 5 ] deve"
"1933","16","pmc:PMC11850607","syn5592519","dge Portal under 10.7303/syn5592519 (ADNI-1) and 10.7303/syn"
"1934","16","pmc:PMC11850607","syn9705278","519 (ADNI-1) and 10.7303/syn9705278 (ADNI-GO/-2), the full c"
"1935","16","pmc:PMC11850607","syn3157329","dge Portal under 10.7303/syn3157329, study meta-data, basic"
"1936","16","pmc:PMC11850607","syn3157322","available under 10.7303/syn3157322. The full complement of"
"1937","16","pmc:PMC11850607","syn3157238","dge Portal under 10.7303/syn3157238, study meta-data and cov"
"1938","16","pmc:PMC11850607","syn3205821","available under 10.7303/syn3205821.6. Source data are provi"
"1939","16","pmc:PMC11851317","syn14237651","P‐AD portal (synapse ID: syn14237651). All other data support"
"1940","16","pmc:PMC11852190","syn3193805","ww.synapse.org/#!Synapse:syn3193805/wiki/217789 , accessed o"
"1941","16","pmc:PMC11852220","syn51365301","ww.synapse.org/#!Synapse:syn51365301 ) and accessed on 21 Apr"
"1942","16","pmc:PMC11862118","syn3388564","ww.synapse.org/#!Synapse:syn3388564 , Supplementary Fig. 8e"
"1943","16","pmc:PMC11862118","syn52293433","ular we used the studies syn52293433, syn18681734, syn5106211"
"1944","16","pmc:PMC11862118","syn18681734","the studies syn52293433, syn18681734, syn51062116 and syn2580"
"1945","16","pmc:PMC11862118","syn51062116","yn52293433, syn18681734, syn51062116 and syn2580853. We utili"
"1946","16","pmc:PMC11862118","syn2580853","8681734, syn51062116 and syn2580853. We utilized the Synapse"
"1947","16","pmc:PMC11862824","syn23627957","ww.synapse.org/#!Synapse:syn23627957 ), GWAS Catelog ( https:"
"1948","16","pmc:PMC11864243","syn6101474","s for each cohort (MSBB: syn6101474, Mayo: syn23277389, ROSM"
"1949","16","pmc:PMC11864243","syn23277389","(MSBB: syn6101474, Mayo: syn23277389, ROSMAP: syn3191087). Su"
"1950","16","pmc:PMC11864243","syn3191087","yo: syn23277389, ROSMAP: syn3191087). Subsetting the data Gi"
"1951","16","pmc:PMC11864243","syn30821562","ion data (available from syn30821562 and syn3388564, respecti"
"1952","16","pmc:PMC11864243","syn3388564","ble from syn30821562 and syn3388564, respectively) with the"
"1953","16","pmc:PMC11864243","syn17008935","ion data (available from syn17008935) with the genomic varian"
"1954","16","pmc:PMC11864243","syn23650894","the AD Knowledge Portal (syn23650894). The relevant covariate"
"1955","16","pmc:PMC11864243","syn3157322","ccessed from the portal (syn3157322, syn21589957, syn3151286"
"1956","16","pmc:PMC11864243","syn21589957","the portal (syn3157322, syn21589957, syn31512863). Transcrip"
"1957","16","pmc:PMC11864243","syn31512863","syn3157322, syn21589957, syn31512863). Transcript quantificat"
"1958","16","pmc:PMC11864243","syn53694054","y neurons in layers 2–4 (syn53694054) and CUX2 (-) excitatory"
"1959","16","pmc:PMC11864243","syn53694068","(-) excitatory neurons (syn53694068). We also analyzed a sub"
"1960","16","pmc:PMC11865232","syn18485175","A sequencing (snRNA-Seq: syn18485175), bulk RNA sequencing (b"
"1961","16","pmc:PMC11865232","syn4164376","equencing (bulk RNA-seq: syn4164376), and DNA methylation ar"
"1962","16","pmc:PMC11865232","syn3157275","methylation array data (syn3157275), or through the Rush Al"
"1963","16","pmc:PMC11865446","syn25101790","ww.synapse.org/#!Synapse:syn25101790 . 15. JIGSAWS. https://c"
"1964","16","pmc:PMC11865446","syn25147789","ww.synapse.org/#!Synapse:syn25147789/wiki/ . 17. Ríos MS Chol"
"1965","16","pmc:PMC11869577","syn3156503","ation. We downloaded the syn3156503 dataset from the Progeni"
"1966","16","pmc:PMC11869577","syn3156503","ntary Fig. 1. The cohort syn3156503 comprised 78 stem cell l"
"1967","16","pmc:PMC11870466","syn64693551","/www.synapse.org/Synapse:syn64693551/files/ . Additional gene"
"1968","16","pmc:PMC11872513","syn3191087","ww.synapse.org/#!Synapse:syn3191087 ROSMAP_arrayMethylation_"
"1969","16","pmc:PMC11872513","syn3168763","ww.synapse.org/#!Synapse:syn3168763 ROSMAP.CNV.Matrix(Mutati"
"1970","16","pmc:PMC11872513","syn26263118","ww.synapse.org/#!Synapse:syn26263118 ROSMAP_RNAseq_FPKM_gene"
"1971","16","pmc:PMC11872513","syn3505720","ww.synapse.org/#!Synapse:syn3505720 C2.median_polish_correct"
"1972","16","pmc:PMC11872513","syn21266454","ww.synapse.org/#!Synapse:syn21266454 GEO GPL16304 Platform Ge"
"1973","16","pmc:PMC11872527","syn52888250","at https://synapse.org (syn52888250, syn44132374, syn2093379"
"1974","16","pmc:PMC11872527","syn44132374","ynapse.org (syn52888250, syn44132374, syn20933797, syn3054977"
"1975","16","pmc:PMC11872527","syn20933797","yn52888250, syn44132374, syn20933797, syn30549778, and syn528"
"1976","16","pmc:PMC11872527","syn30549778","yn44132374, syn20933797, syn30549778, and syn52853734) and in"
"1977","16","pmc:PMC11872527","syn52853734","933797, syn30549778, and syn52853734) and in the ProteomeXcha"
"1978","16","pmc:PMC11872527","syn52888250","/www.synapse.org/Synapse:syn52888250 Proteogenomic data of Da"
"1979","16","pmc:PMC11872527","syn44132374","/www.synapse.org/Synapse:syn44132374/wiki/620079 Proteogenomi"
"1980","16","pmc:PMC11872527","syn20933797","/www.synapse.org/Synapse:syn20933797/wiki/596247 Proteogenomi"
"1981","16","pmc:PMC11872527","syn30549778","/www.synapse.org/Synapse:syn30549778 Proteogenomic data of Da"
"1982","16","pmc:PMC11872527","syn52853734","/www.synapse.org/Synapse:syn52853734 Software and algorithms"
"1983","16","pmc:PMC11873116","syn4993293","www.synapse.org/Synapse: syn4993293/wiki/247860. Software im"
"1984","16","pmc:PMC11873804","syn61846182","https://doi.org/10.7303/syn61846182 ) and at the European Nu"
"1985","16","pmc:PMC11874899","syn64313527","https://doi.org/10.7303/syn64313527 . References 1 Kuklina E"
"1986","16","pmc:PMC11876960","syn2623706","from Synapse (Synapse ID syn2623706, RRID: SCR_006307). Path"
"1987","16","pmc:PMC11876960","syn2623706",") or Synapse (Synapse ID syn2623706). RNA-seq analysis For b"
"1988","16","pmc:PMC11877705","syn25946117","tworks) (Accession Code: syn25946117). The data that support"
"1989","16","pmc:PMC11879318","syn21680240","rg with accession number syn21680240. AuRA Due to underperfor"
"1990","16","pmc:PMC11879318","syn21499370","g with accession numbers syn21499370 and syn21478998 for Gold"
"1991","16","pmc:PMC11879318","syn21478998","numbers syn21499370 and syn21478998 for Gold Therapy and Tea"
"1992","16","pmc:PMC11879318","syn20545111","itis through Synapse ID (syn20545111). The authors would also"
"1993","16","pmc:PMC11879466","syn52293417","ww.synapse.org/#!Synapse:syn52293417 . All codes used in this"
"1994","16","pmc:PMC11879645","syn21760712","synapse.org/# ! Synapse: syn21760712. The code utilized for C"
"1995","16","pmc:PMC11879645","syn21760712","ww.synapse.org/#!Synapse:syn21760712 . References Babaud J ,"
"1996","16","pmc:PMC11880189","syn54780485","ww.synapse.org/#!Synapse:syn54780485/ . One of the test datas"
"1997","16","pmc:PMC11881628","syn2580853","https://doi.org/10.7303/syn2580853 ). Study data were provi"
"1998","16","pmc:PMC11887169","syn2580853","se website, (project ID: syn2580853) and Single Cell Portal"
"1999","16","pmc:PMC11887169","syn51941736","in Synapse (Synapse ID: syn51941736). Results Rodent models"
"2000","16","pmc:PMC11887169","syn2580853","ase (Synapse project ID: syn2580853), we found an age-progre"
"2001","16","pmc:PMC11887169","syn5550404","the dataset (Synapse ID: syn5550404) derived from entorhinal"
"2002","16","pmc:PMC11887169","syn51941736","edge Portal (Synapse ID: syn51941736). All other data will be"
"2003","16","pmc:PMC11887672","syn17038081","ww.synapse.org/#!Synapse:syn17038081/ ). Each fastq file was"
"2004","16","pmc:PMC11888159","syn55267562","ww.synapse.org/#!Synapse:syn55267562/files/ . Acknowledgments"
"2005","16","pmc:PMC11888284","syn7222066","from AACR Project GENIE (syn7222066, v15.0, released Apr 8,"
"2006","16","pmc:PMC11889172","syn4224222","ww.synapse.org/#!Synapse:syn4224222/wiki/ (2018). 17. Americ"
"2007","16","pmc:PMC11891662","syn3049712","ww.synapse.org/#!Synapse:syn3049712/wiki/74630 ). Thirty net"
"2008","16","pmc:PMC11893821","syn18406803","/www.synapse.org/Synapse:syn18406803/wiki/589668 ] (ID: syn18"
"2009","16","pmc:PMC11893821","syn18406803","06803/wiki/589668 ] (ID: syn18406803). (2) HPV [ https://www."
"2010","16","pmc:PMC11893821","syn26529406","/www.synapse.org/Synapse:syn26529406/wiki/614952 ] (ID: syn26"
"2011","16","pmc:PMC11893821","syn26529406","29406/wiki/614952 ] (ID: syn26529406). Ethics statement Ethic"
"2012","16","pmc:PMC11894334","syn51549340","/www.synapse.org/Synapse:syn51549340/wiki/624187 . 111 Suppor"
"2013","16","pmc:PMC11894334","syn51549340","/www.synapse.org/Synapse:syn51549340 2023 Appendix ASupplemen"
"2014","16","pmc:PMC3581797","syn1446295","se.sagebase.org/#Synapse:syn1446295 . In addition, we provid"
"2015","16","pmc:PMC3649990","syn1588686","e accessible in Synapse (syn1588686). All data used for the"
"2016","16","pmc:PMC3649990","syn1588445","subfolders of Synapse ID syn1588445. For comparison of METAB"
"2017","16","pmc:PMC3649990","syn1643406","ilable within Synapse ID syn1643406 and can be downloaded as"
"2018","16","pmc:PMC3649990","syn1646909","MicMa evaluations are at syn1646909 and syn1642232, respecti"
"2019","16","pmc:PMC3649990","syn1642232","ns are at syn1646909 and syn1642232, respectively. (DOCX) Cl"
"2020","16","pmc:PMC3788361","syn1729383","et available at Synapse (syn1729383) were retrieved after ex"
"2021","16","pmc:PMC3788361","syn1729383","filtered as explained in syn1729383. (The colon adenocarcino"
"2022","16","pmc:PMC3788361","syn1734155","and criteria included in syn1734155. Finally, TTN and OBSCN"
"2023","16","pmc:PMC3788361","syn1715784","set were retrieved from syn1715784. Forty genes stated as s"
"2024","16","pmc:PMC3788361","syn1703335","data was retrieved from syn1703335, retaining only multi-co"
"2025","16","pmc:PMC3788361","syn1834628","-seq data retrieved from syn1834628 was used to assess wheth"
"2026","16","pmc:PMC3788361","syn1703357","retrieved from Synapse (syn1703357). Navigation of pan-canc"
"2027","16","pmc:PMC3788361","syn1962006","so available in Synapse (syn1962006). Author Contributions N"
"2028","16","pmc:PMC3788619","syn1729383","e ( www.synapse.org ; ID syn1729383). Hypermutated samples ("
"2029","16","pmc:PMC3788619","syn2237931","e ( www.synapse.org , ID syn2237931). Statistical analysis o"
"2030","16","pmc:PMC3826632","syn1809223","methylation score data (syn1809223) 15 that predicts the fr"
"2031","16","pmc:PMC3826632","syn1710680","annotation format files (syn1710680) and mutation rates (syn"
"2032","16","pmc:PMC3826632","syn1713813","680) and mutation rates (syn1713813) based on MuSIC 65 for 1"
"2033","16","pmc:PMC3868236","syn1720734","s detailed in Synapse ID syn1720734. Supplementary Data 10 V"
"2034","16","pmc:PMC3909098","syn1710680","were used (doi: 10.7303/syn1710680.4 ), with the exception"
"2035","16","pmc:PMC3909098","syn1681084","ML samples (doi: 10.7303/syn1681084.1 ). Gene expression for"
"2036","16","pmc:PMC3927368","syn1729383","h documentation (10.7303/syn1729383.2). All mutation annotat"
"2037","16","pmc:PMC3927368","syn1729383","ww.synapse.org/#!Synapse:syn1729383 ). Mutation frequency an"
"2038","16","pmc:PMC3927368","syn1734155","ww.synapse.org/#!Synapse:syn1734155 ). A gene qualified as ‘"
"2039","16","pmc:PMC3937226","syn1461151","( http://synapse.org ) (syn1461151). The mRNA expression le"
"2040","16","pmc:PMC3937590","syn2179898","ww.synapse.org/#!Synapse:syn2179898 ] Rtoolbox [ https://git"
"2041","16","pmc:PMC3943677","syn1461151","( http://synapse.org ) (syn1461151). mRNA expression was me"
"2042","16","pmc:PMC3943677","syn1461151","GA breast cancer data is syn1461151 ( https://www.synapse.or"
"2043","16","pmc:PMC3943677","syn1461151","ww.synapse.org/#!Synapse:syn1461151 ) 1 Di Cosimo S Baselga"
"2044","16","pmc:PMC3950337","syn1895888","resource (summarized in syn1895888) includes results from t"
"2045","16","pmc:PMC3950337","syn1695396","ere mirrored in Synapse (syn1695396) with appropriate proven"
"2046","16","pmc:PMC3950337","syn1710680","corrected as necessary (syn1710680). Because methods for so"
"2047","16","pmc:PMC3950337","syn1729383","positive variant calls (syn1729383). All analysis steps are"
"2048","16","pmc:PMC3950337","syn1710282","real-time leader board (syn1710282). Specifically, we asses"
"2049","16","pmc:PMC3950337","syn1710282","ss the four tumor types (syn1710282). Using a crowd-sourced"
"2050","16","pmc:PMC3950337","syn1895888","Cancer analysis results (syn1895888), containing the results"
"2051","16","pmc:PMC3950337","syn1710282","competition’ framework (syn1710282) through which any resea"
"2052","16","pmc:PMC3951205","syn1445557","en deposited in Synapse (syn1445557). Hub and module analysi"
"2053","16","pmc:PMC3951205","syn1750331","TCGA Pan-Cancer Project (syn1750331) and tested their module"
"2054","16","pmc:PMC4025965","syn1734155","matrix from doi:10.7303/syn1734155.1. A gene qualified as e"
"2055","16","pmc:PMC4048962","syn1729383","ww.synapse.org/#!Synapse:syn1729383 >. For non-TCGA tumor ty"
"2056","16","pmc:PMC4048962","syn1729383",".org ), accession number syn1729383, and in dbGaP ( http://w"
"2057","16","pmc:PMC4054018","syn1734155","n IntOGen (obtained from syn1734155) were eliminated from th"
"2058","16","pmc:PMC4084858","syn1734172","d.sagebase.org/#!Synapse:syn1734172 . COMPETING FINANCIAL IN"
"2059","16","pmc:PMC4102885","syn1710282","in Synapse (doi:10.7303/syn1710282). The site contains all"
"2060","16","pmc:PMC4102885","syn1710282","roject (accession number syn1710282, doi:10.7303/syn1710282)"
"2061","16","pmc:PMC4102885","syn1710282","syn1710282, doi:10.7303/syn1710282). The full Pan-Cancer da"
"2062","16","pmc:PMC4102885","syn1748545","re deposited in Synapse (syn1748545). Classification algorit"
"2063","16","pmc:PMC4102885","syn1710680","MAF) files from Synapse (syn1710680). Each alteration was ra"
"2064","16","pmc:PMC4109726","syn1695373","gene expression dataset (syn1695373, https://www.synapse.org"
"2065","16","pmc:PMC4109726","syn1695373","ww.synapse.org/#!Synapse:syn1695373 63 ). Pathway analysis F"
"2066","16","pmc:PMC4145288","syn1695373","ww.synapse.org/#!Synapse:syn1695373 and log transformed by u"
"2067","16","pmc:PMC4147920","syn1729383","et available at Synapse (syn1729383.2) were retrieved after"
"2068","16","pmc:PMC4147920","syn1729383","ttp://dx.doi.org/10.7303/syn1729383.2 Kandoth C Mutational l"
"2069","16","pmc:PMC4156652","syn1729383","ww.synapse.org/#!Synapse:syn1729383 ] 61. Benjamini Y Hochbe"
"2070","16","pmc:PMC4188526","syn2177826","ww.synapse.org/#!Synapse:syn2177826 ). All the open-source c"
"2071","16","pmc:PMC4230926","syn1734155","matrix from doi:10.7303/syn1734155.1. A gene qualified as e"
"2072","16","pmc:PMC4281950","syn2450512","ww.synapse.org/#!Synapse:syn2450512 ] 26. den Dunnen JT Anto"
"2073","16","pmc:PMC4317393","syn1710429","(RPPA) expression data (syn1710429), which composed of 205"
"2074","16","pmc:PMC4318527","syn2455683","ww.synapse.org/#!Synapse:syn2455683 ] 42. Pujana MA Han JD S"
"2075","16","pmc:PMC4318527","syn1720047","ww.synapse.org/#!Synapse:syn1720047 ] 49. Maier R Zimmer R K"
"2076","16","pmc:PMC4339277","syn1732077","w.synapse.org/ ) with ID syn1732077. Supervised analysis of"
"2077","16","pmc:PMC4339277","syn1688309","unsupervised analysis) (syn1688309 for microRNA expression,"
"2078","16","pmc:PMC4339277","syn1701558","for microRNA expression, syn1701558 for DNA methylation, and"
"2079","16","pmc:PMC4339277","syn1682511","for DNA methylation, and syn1682511 for mRNA expression, cop"
"2080","16","pmc:PMC4339838","syn2813581","ww.synapse.org/#!Synapse:syn2813581 . Accessed 15 January 20"
"2081","16","pmc:PMC4344205","syn1688369","ww.synapse.org/#!Synapse:syn1688369 . Accessed 2015 Jan 1. 2"
"2082","16","pmc:PMC4365533","syn1758011","ww.synapse.org/#!Synapse:syn1758011 . 43. Troyanskaya O Doli"
"2083","16","pmc:PMC4391572","syn2910187","r download (DOI: 10.7303/syn2910187 ). Simulation parameters"
"2084","16","pmc:PMC4421758","syn1840307","Nat Biotechnol ; 10.7303/syn1840307 [in press] ]"
"2085","16","pmc:PMC4439148","syn3243404","ynapse.org (doi: 10.7303/syn3243404 ). (XLSX) Click here for"
"2086","16","pmc:PMC4444046","syn1710680","cer analysis on Synapse (syn1710680), and copy number aberra"
"2087","16","pmc:PMC4444046","syn1729383","fied as ultramutators in syn1729383 and additional 95 sample"
"2088","16","pmc:PMC4444046","syn1734155","r types, as described in syn1734155 (See URLs). The resultin"
"2089","16","pmc:PMC4444046","syn1734155","ww.synapse.org/#!Synapse:syn1734155 Pan-Cancer mutations wit"
"2090","16","pmc:PMC4444046","syn1729383","ww.synapse.org/#!Synapse:syn1729383 HotNet2 software release"
"2091","16","pmc:PMC4444957","syn1461149","he following accessions: syn1461149 (BLCA), syn1461151 (BRCA"
"2092","16","pmc:PMC4444957","syn1461151","ions: syn1461149 (BLCA), syn1461151 (BRCA), syn1461155 (COAD"
"2093","16","pmc:PMC4444957","syn1461155","LCA), syn1461151 (BRCA), syn1461155 (COAD), syn1461156 (HNSC"
"2094","16","pmc:PMC4444957","syn1461156","RCA), syn1461155 (COAD), syn1461156 (HNSC), syn1461159 (KIRC"
"2095","16","pmc:PMC4444957","syn1461159","OAD), syn1461156 (HNSC), syn1461159 (KIRC), syn1461166 (LUAD"
"2096","16","pmc:PMC4444957","syn1461166","NSC), syn1461159 (KIRC), syn1461166 (LUAD), syn1461168 (LUSC"
"2097","16","pmc:PMC4444957","syn1461168","IRC), syn1461166 (LUAD), syn1461168 (LUSC), syn1461171 (OV),"
"2098","16","pmc:PMC4444957","syn1461171","UAD), syn1461168 (LUSC), syn1461171 (OV), syn1461173 (PRAD),"
"2099","16","pmc:PMC4444957","syn1461173","(LUSC), syn1461171 (OV), syn1461173 (PRAD), syn1461177 (STAD"
"2100","16","pmc:PMC4444957","syn1461177","(OV), syn1461173 (PRAD), syn1461177 (STAD), syn1461178 (THCA"
"2101","16","pmc:PMC4444957","syn1461178","RAD), syn1461177 (STAD), syn1461178 (THCA), syn1461180 (UCEC"
"2102","16","pmc:PMC4444957","syn1461180","TAD), syn1461178 (THCA), syn1461180 (UCEC). Each library was"
"2103","16","pmc:PMC4447414","syn1876068","ww.synapse.org/#!Synapse:syn1876068 ). We used Synapse to di"
"2104","16","pmc:PMC4453945","syn1688369","in Independent Research—syn1688369, 2014 ). To automaticall"
"2105","16","pmc:PMC4453945","syn1688369","n Independent Research - syn1688369 2014 ) http://www.synaps"
"2106","16","pmc:PMC4453945","syn1688369","ww.synapse.org/#!Synapse:syn1688369 (accessed 16 August 2014"
"2107","16","pmc:PMC4460959","syn1571603","e [ 89 ] with identifier syn1571603. The version numbers and"
"2108","16","pmc:PMC4460959","syn1571603","://www.synapse.org/ ) as syn1571603. The enhancer genomic co"
"2109","16","pmc:PMC4464135","syn2843038","ww.synapse.org/#!Synapse:syn2843038 ] 45. Chen WW, Niepel M,"
"2110","16","pmc:PMC4468049","syn1710680","d somatic mutation data (syn1710680) from Synapse ( https://"
"2111","16","pmc:PMC4476175","syn2290704","ww.synapse.org/#!Synapse:syn2290704 . Accessed 4 May 2015. 4"
"2112","16","pmc:PMC4476175","syn2580853","edge Portal. doi:10.7303/syn2580853 https://www.synapse.org/"
"2113","16","pmc:PMC4476175","syn2580853","ww.synapse.org/#!Synapse:syn2580853 . Accessed 4 May 2015. 1"
"2114","16","pmc:PMC4477208","syn1729383","ww.synapse.org/#!Synapse:syn1729383 ) 49 . During each resam"
"2115","16","pmc:PMC4496217","syn1729383","om the Synapse platform (syn1729383) as MAF files. We obtain"
"2116","16","pmc:PMC4500628","syn1720047","ww.synapse.org/#!Synapse:syn1720047 Accessed September 11, 2"
"2117","16","pmc:PMC4500628","syn2274074","ww.synapse.org/#!Synapse:syn2274074 Accessed May 1, 2015 43"
"2118","16","pmc:PMC4501083","syn1688369","w.synapse.org/#! Synapse:syn1688369."
"2119","16","pmc:PMC4504492","syn2346643","ww.synapse.org/#!Synapse:syn2346643/wiki/232048 ). Drug Resp"
"2120","16","pmc:PMC4531541","syn2812925","ding Synapse repository (syn2812925). We used different TCGA"
"2121","16","pmc:PMC4536176","syn2805267","ww.synapse.org/#!Synapse:syn2805267 ) may be found valuable"
"2122","16","pmc:PMC4536176","syn2805267","ww.synapse.org/#!Synapse:syn2805267 Experimental design, mat"
"2123","16","pmc:PMC4568441","syn1761567","ww.synapse.org/#!Synapse:syn1761567/wiki/56224 ). (1) Chemic"
"2124","16","pmc:PMC4568441","syn1761567","ww.synapse.org/#!Synapse:syn1761567 ). Synapse was used also"
"2125","16","pmc:PMC4568441","syn1840307","ww.synapse.org/#!Synapse:syn1840307/wiki/67255 ) containing"
"2126","16","pmc:PMC4568441","syn1761567","ww.synapse.org/#!Synapse:syn1761567/wiki/56224 ). Supplement"
"2127","16","pmc:PMC4568441","syn1840307","ww.synapse.org/#!Synapse:syn1840307 . Software and statistic"
"2128","16","pmc:PMC4568441","syn1840307","ww.synapse.org/#!Synapse:syn1840307/wiki/231104 ). The file"
"2129","16","pmc:PMC4568441","syn1761567","e available in Synapse ( syn1761567 ). Supplementary informa"
"2130","16","pmc:PMC4583708","syn4594507","ww.synapse.org/#!Synapse:syn4594507 2 Experimental design, m"
"2131","16","pmc:PMC4600750","syn1729383","ile range, as defined in syn1729383), suggesting that the CT"
"2132","16","pmc:PMC4600750","syn1855816","f. 57 ), downloaded from syn1855816, and the Pan-Cancer data"
"2133","16","pmc:PMC4600750","syn1710680","cer data downloaded from syn1710680. Supplementary Figure 14"
"2134","16","pmc:PMC4615893","syn1713807","ww.synapse.org/#!Synapse:syn1713807 ). Because GISTIC calls"
"2135","16","pmc:PMC4615893","syn1729383","ww.synapse.org/#!Synapse:syn1729383 ). Attention was restric"
"2136","16","pmc:PMC4627418","syn2384331","ww.synapse.org/#!Synapse:syn2384331/wiki . 4. Shalem O Sanja"
"2137","16","pmc:PMC4636487","syn1710466","lgorithm 20 (doi:10.7303/syn1710466.2). As seen in Supplemen"
"2138","16","pmc:PMC4636487","syn2623706","e platform ( doi:10.7303/syn2623706 ). Additionally, scripts"
"2139","16","pmc:PMC4636487","syn2623706","sion codes - doi:10.7303/syn2623706 : normalized gene expres"
"2140","16","pmc:PMC4643971","syn1729383","[ 49 ], accession number syn1729383. These data initially we"
"2141","16","pmc:PMC4697768","syn2813581","ww.synapse.org/#!Synapse:syn2813581 Accessed December 15, 20"
"2142","16","pmc:PMC4712342","syn3168763","ww.synapse.org/#!Synapse:syn3168763 . We focused on brain sa"
"2143","16","pmc:PMC4747795","syn1729383","ww.synapse.org/#!SYNAPSE:syn1729383 ). For a subset of CLL p"
"2144","16","pmc:PMC4776701","syn5511429","ttp://dx.doi.org/10.7303/syn5511429.1 Synapse Bot B. M. 2016"
"2145","16","pmc:PMC4776701","syn5511433","ttp://dx.doi.org/10.7303/syn5511433.1 Synapse Bot B. M. 2016"
"2146","16","pmc:PMC4776701","syn5511432","ttp://dx.doi.org/10.7303/syn5511432.1 Synapse Bot B. M. 2016"
"2147","16","pmc:PMC4776701","syn5511434","ttp://dx.doi.org/10.7303/syn5511434.1 Synapse Bot B. M. 2016"
"2148","16","pmc:PMC4776701","syn5511439","ttp://dx.doi.org/10.7303/syn5511439.1 Synapse Bot B. M. 2016"
"2149","16","pmc:PMC4776701","syn5511444","ttp://dx.doi.org/10.7303/syn5511444.1 Synapse Bot B. M. 2016"
"2150","16","pmc:PMC4776701","syn5511449","ttp://dx.doi.org/10.7303/syn5511449.1 The authors wish to ac"
"2151","16","pmc:PMC4783890","syn1695378","via the Synapse project (syn1695378) [ 48 ]. Only primary tu"
"2152","16","pmc:PMC4792174","syn2289125","re available on Synapse (syn2289125), an open source platfor"
"2153","16","pmc:PMC4792174","syn4847184","eposited on Synapse (ID: syn4847184). To calculate peptide i"
"2154","16","pmc:PMC4792174","syn2289125","accessed on Synapse (ID: syn2289125). Data Records Quantific"
"2155","16","pmc:PMC4792174","syn2289125","h the dataset identifier syn2289125 (Data Citation 2). In to"
"2156","16","pmc:PMC4792174","syn2289125","aborative data analysis (syn2289125), including data tables"
"2157","16","pmc:PMC4792174","syn4725236","able can be found at ID: syn4725236. Each ProTurn analysis c"
"2158","16","pmc:PMC4792174","syn4720849","is uploaded at Synapse (syn4720849). Each record is in stan"
"2159","16","pmc:PMC4792174","syn2289125","tp://doi.org/doi:10.7303/syn2289125 ). Use case 1: Turnover"
"2160","16","pmc:PMC4792174","syn2289125","tp://doi.org/doi:10.7303/syn2289125 ) to support targeted qu"
"2161","16","pmc:PMC4792174","syn4725236","r rate tables (e.g., see syn4725236 for an index of result f"
"2162","16","pmc:PMC4792174","syn2289125","ttp://dx.doi.org/10.7303/syn2289125 figshare Lau E. 2016 htt"
"2163","16","pmc:PMC4792174","syn4847184","ttp://dx.doi.org/10.7303/syn4847184.2 This work was supporte"
"2164","16","pmc:PMC4801060","syn2580853","Consortium (doi:10.7303/syn2580853) involving a larger coho"
"2165","16","pmc:PMC4801060","syn3157743","NA sequencing study (ID: syn3157743, accessed at https://www"
"2166","16","pmc:PMC4801060","syn3157743","ww.synapse.org/#!Synapse:syn3157743 ) We focused on samples"
"2167","16","pmc:PMC4801060","syn2580853","accessed at doi:10.7303/syn2580853. Additional information"
"2168","16","pmc:PMC4801060","syn3157743","ww.synapse.org/#!Synapse:syn3157743 , Publicly available at"
"2169","16","pmc:PMC4801060","syn3157743","ge Portal (Accession no: syn3157743). Zhang R , Lahens NF ,"
"2170","16","pmc:PMC4826206","syn1710282","e.org , accession number syn1710282). DNA copy number data w"
"2171","16","pmc:PMC4826543","syn2820433","ww.synapse.org/#!Synapse:syn2820433/wiki/71017 ). IVIg is a"
"2172","16","pmc:PMC4837986","syn1876068","ww.synapse.org/#!Synapse:syn1876068/wiki/232963 ). DREAM8.5"
"2173","16","pmc:PMC4854847","syn1720047","through Synapse under ID syn1720047 . Supplementary Informat"
"2174","16","pmc:PMC4856034","syn2177211","ww.synapse.org/#!Synapse:syn2177211. Supplementary Table 1:"
"2175","16","pmc:PMC4856318","syn1688369","s Illumina HTv3 Synapse: syn1688369 BRC3 Oslo 10809 184 0 Ye"
"2176","16","pmc:PMC4856318","syn1688370","s Illumina HTv3 Synapse: syn1688370 LUAD1 TCGA 17022 504 57"
"2177","16","pmc:PMC4856318","syn1688369","ccessed through Synapse (syn1688369, syn1688370). All probes"
"2178","16","pmc:PMC4856318","syn1688370","ugh Synapse (syn1688369, syn1688370). All probes were then f"
"2179","16","pmc:PMC4862938","syn2580853","ww.synapse.org/#!Synapse:syn2580853 ), and can be accessed w"
"2180","16","pmc:PMC4862938","syn4560807","accessed with synapse ID syn4560807. We thank the Mount Sina"
"2181","16","pmc:PMC4862938","syn2580853","accessed at doi:10.7303/syn2580853 . Author contributions M"
"2182","16","pmc:PMC4862938","syn2580853","ww.synapse.org/#!Synapse:syn2580853/wiki/ doi:10.7303/syn258"
"2183","16","pmc:PMC4862938","syn2580853","580853/wiki/ doi:10.7303/syn2580853, 2015 . Lansbergen G, Ak"
"2184","16","pmc:PMC4864925","syn1729383","e Synapse repository (ID syn1729383). We removed 91 hyper-mu"
"2185","16","pmc:PMC4884363","syn2133322","Synapse Commons archive (syn2133322; https://www.synapse.org"
"2186","16","pmc:PMC4909715","syn5479902","ble hyperlink Synapse ID syn5479902 ( https://www.synapse.or"
"2187","16","pmc:PMC4909715","syn5479902","ww.synapse.org/#!Synapse:syn5479902 ). CLIP Dataset Mapping"
"2188","16","pmc:PMC4913322","syn2518467","k’s Synapse (doi:10.7303/syn2518467). Discussion We presente"
"2189","16","pmc:PMC4913322","syn1710680","e accession doi: 10.7303/syn1710680.4). We divided mutations"
"2190","16","pmc:PMC4913322","syn2518467","se accession doi:10.7303/syn2518467). OncoScape Data process"
"2191","16","pmc:PMC4916984","syn2820426","w.synapse.org//#!Synapse:syn2820426/wiki/71012 ). Details of"
"2192","16","pmc:PMC4916984","syn2820426","w.synapse.org//#!Synapse:syn2820426/wiki/71013 ). Prediction"
"2193","16","pmc:PMC4924663","syn1729383","ww.synapse.org/#!synapse:syn1729383 and Lawrence et al. [ 32"
"2194","16","pmc:PMC4924788","syn2699097","ww.synapse.org/#!Synapse:syn2699097/wiki/68362 >]. 18 Kornbl"
"2195","16","pmc:PMC4928152","syn2290704","ww.synapse.org/#!Synapse:syn2290704/wiki/64710 ) (ADNI), and"
"2196","16","pmc:PMC4928152","syn2290704","ww.synapse.org/#!Synapse:syn2290704/wiki/64710 . For the ADG"
"2197","16","pmc:PMC4944587","syn2767694","n Figure 2 A (details in syn2767694 ). All lines completed a"
"2198","16","pmc:PMC4944587","syn2679104","or all lines available ( syn2679104 ). The most consistent f"
"2199","16","pmc:PMC4944587","syn2882785","is available at Synapse syn2882785 ). We performed immunost"
"2200","16","pmc:PMC4944587","syn3105726","c loci were identified ( syn3105726 ). Although not signific"
"2201","16","pmc:PMC4944587","syn2731183","uplication or deletion ( syn2731183 ) ( Figure 2 C). This in"
"2202","16","pmc:PMC4944587","syn3107554","mponent analysis (PCA) ( syn3107554 ). Greater variability w"
"2203","16","pmc:PMC4944587","syn3094629","A, and DNA methylation ( syn3094629 ). We identified 355 dif"
"2204","16","pmc:PMC4944587","syn3106206","large number of genes ( syn3106206 ), splicing variants ( s"
"2205","16","pmc:PMC4944587","syn3106266","6 ), splicing variants ( syn3106266 ), methylation probes ("
"2206","16","pmc:PMC4944587","syn3106255","), methylation probes ( syn3106255 ), and miRNAs ( syn31062"
"2207","16","pmc:PMC4944587","syn3106244","n3106255 ), and miRNAs ( syn3106244 ) strongly associated wi"
"2208","16","pmc:PMC4944587","syn3106284","iscovery rate p < 0.05 ( syn3106284 ), including many well-v"
"2209","16","pmc:PMC4944587","syn3107536","C with gene expression ( syn3107536 ). These largely overlap"
"2210","16","pmc:PMC4944587","syn3107535","( Nazor et al., 2012 ) ( syn3107535 ). From these 1,118 prob"
"2211","16","pmc:PMC4944587","syn5565603","endoderm ( Figure S6 E, syn5565603 ). As an improved means"
"2212","16","pmc:PMC4944587","syn1773109","ttp://dx.doi.org/10.7303/syn1773109 ) and/or Supplemental Ex"
"2213","16","pmc:PMC4944587","syn3107327","ripotency marker genes ( syn3107327 ). Data Processing FASTQ"
"2214","16","pmc:PMC4944587","syn1773110","9 ( Kim et al., 2013 ) ( syn1773110 ). Gene-level RPKM (read"
"2215","16","pmc:PMC4944587","syn2247097","miRBase 20.0 reference ( syn2247097 ). Methylation arrays we"
"2216","16","pmc:PMC4944587","syn2677441","( Aryee et al., 2014 ) ( syn2677441 ). Raw data and processi"
"2217","16","pmc:PMC4945830","syn1834618","//www.synapse.org/#!Wiki:syn1834618/ENTITY 16 National Cance"
"2218","16","pmc:PMC4946173","syn3219180","ttp://dx.doi.org/10.7303/syn3219180 . Additional data associ"
"2219","16","pmc:PMC4947162","syn1729383",".org ), accession number syn1729383. These data contain tumo"
"2220","16","pmc:PMC4947162","syn1729383",".org ), accession number syn1729383. All other data is conta"
"2221","16","pmc:PMC4959370","syn1688369","agebase.org, Synapse ID: syn1688369). The other three datase"
"2222","16","pmc:PMC4959370","syn1688369","apse.org/ #, Synapse ID: syn1688369). The other four dataset"
"2223","16","pmc:PMC4980791","syn3168763","ww.synapse.org/#!Synapse:syn3168763 . We focused on brain sa"
"2224","16","pmc:PMC4980791","syn3168763","ww.synapse.org/#!Synapse:syn3168763 . Authors’ contributions"
"2225","16","pmc:PMC4991443","syn1461183","the Pan-cancer project (syn1461183) on Synapse ( http://www"
"2226","16","pmc:PMC4996969","syn3280809","community ( doi:10.7303/syn3280809 ). Performance across pr"
"2227","16","pmc:PMC4996969","syn3280809","the Synapse repository (syn3280809, doi:10.7303/syn3280809)"
"2228","16","pmc:PMC4996969","syn3280809","(syn3280809, doi:10.7303/syn3280809). Additional information"
"2229","16","pmc:PMC5001206","syn1695394","ww.synapse.org/#!Synapse:syn1695394 ). Hence samples or gene"
"2230","16","pmc:PMC5001782","syn1461171","w.synapse.org/#!Synapse: syn1461171 ) ( 19 ). BRCA1/2 mutati"
"2231","16","pmc:PMC5009326","syn3163039","AMP AD Knowledge Portal (syn3163039; https://www.synapse.org"
"2232","16","pmc:PMC5009326","syn2580853","ww.synapse.org/#!Synapse:syn2580853/wiki/77552 ). The origin"
"2233","16","pmc:PMC5009326","syn3157238","AMP AD Knowledge Portal (syn3157238; study number 5, Table 1"
"2234","16","pmc:PMC5009326","syn2580853","accessed at doi: 10.7303/syn2580853. Study data were provide"
"2235","16","pmc:PMC5009556","syn2785778","ww.synapse.org/#!Synapse:syn2785778/wiki/70252 ), 31 computa"
"2236","16","pmc:PMC5013017","syn2580853","ww.synapse.org/#!Synapse:syn2580853/wiki/ ). In a proteomic"
"2237","16","pmc:PMC5022094","syn7058059","ww.synapse.org/#!Synapse:syn7058059 . Results Study design T"
"2238","16","pmc:PMC5027494","syn1703335","ww.synapse.org/#!Synapse:syn1703335 ). The MSK-IMPACT target"
"2239","16","pmc:PMC5028957","syn1688369","napse software platform (syn1688369; Sage Bionetworks, Seatt"
"2240","16","pmc:PMC5050516","syn2290704","ww.synapse.org/#!Synapse:syn2290704/wiki/60828 ( 2016 ). Hen"
"2241","16","pmc:PMC5050516","syn2290704","ww.synapse.org/#!Synapse:syn2290704/wiki/68511 ( 2014 ). Wil"
"2242","16","pmc:PMC5050516","syn2290704","ww.synapse.org/#!Synapse:syn2290704/wiki/70719 ( 2015 ). Ste"
"2243","16","pmc:PMC5058336","syn2954402","certificate (doi:10.7303/syn2954402.2). User approvals are m"
"2244","16","pmc:PMC5058336","syn5478487","ry of terms (doi:10.7303/syn5478487.2) to enable querying of"
"2245","16","pmc:PMC5058336","syn1834618","tical clients (R client: syn1834618, python client: syn17685"
"2246","16","pmc:PMC5058336","syn1768504","n1834618, python client: syn1768504, command line client: sy"
"2247","16","pmc:PMC5058336","syn2375225","04, command line client: syn2375225). Fields, their allowabl"
"2248","16","pmc:PMC5058336","syn5585666","shown here: doi:10.7303/syn5585666.1). Additional Informati"
"2249","16","pmc:PMC5058336","syn2580853","ttp://dx.doi.org/10.7303/syn2580853 Synapse Carrasquillo M."
"2250","16","pmc:PMC5058336","syn2910256","ttp://dx.doi.org/10.7303/syn2910256 Synapse Zou F. 2016 http"
"2251","16","pmc:PMC5058336","syn3157225","ttp://dx.doi.org/10.7303/syn3157225 Synapse Zou F. 2016 http"
"2252","16","pmc:PMC5058336","syn3157249","ttp://dx.doi.org/10.7303/syn3157249 Synapse Allen M. 2016 ht"
"2253","16","pmc:PMC5058336","syn3157268","ttp://dx.doi.org/10.7303/syn3157268 Synapse Allen M. 2016 ht"
"2254","16","pmc:PMC5058336","syn3163039","ttp://dx.doi.org/10.7303/syn3163039 Synapse Allen M. 2016 ht"
"2255","16","pmc:PMC5058336","syn5049298","ttp://dx.doi.org/10.7303/syn5049298 We thank the patients an"
"2256","16","pmc:PMC5082933","syn2468297","ww.synapse.org/#!Synapse:syn2468297/wiki/64259 . 25 Colapric"
"2257","16","pmc:PMC5083142","syn3219045","ww.synapse.org/#!Synapse:syn3219045 , details on the study g"
"2258","16","pmc:PMC5083142","syn2759792","dge Portal”: doi:10.7303/syn2759792. URLS: Human Brain Colle"
"2259","16","pmc:PMC5083142","syn3219045","ww.synapse.org/#!Synapse:syn3219045 1000 Genomes Phase 3 gen"
"2260","16","pmc:PMC5084341","syn1710466","ww.synapse.org/#!Synapse:syn1710466/version/2 . Authors’ con"
"2261","16","pmc:PMC5084460","syn4231880","ww.synapse.org/#!Synapse:syn4231880/wiki/235645 . Accessed J"
"2262","16","pmc:PMC5088659","syn3157699","ww.synapse.org/#!Synapse:syn3157699 . The microarray data ar"
"2263","16","pmc:PMC5088659","syn7221266","available at doi:10.7303/syn7221266. The R code and the R pa"
"2264","16","pmc:PMC5088659","syn7221264","available at doi:10.7303/syn7221264.2. Authors’ contribution"
"2265","16","pmc:PMC5124246","syn4231880","ww.synapse.org/#!Synapse:syn4231880 . Accessed 1 Oct 2016 62"
"2266","16","pmc:PMC5129546","syn4231880","w.synapse.org/--!Synapse:syn4231880/wiki/235645 (10 June 201"
"2267","16","pmc:PMC5130083","syn4229266","ttp://dx.doi.org/10.7303/syn4229266 15 Acknowledgement Datas"
"2268","16","pmc:PMC5130083","syn4229266","e Storage. 2016. 10.7303/syn4229266"
"2269","16","pmc:PMC5140783","syn1528312","ww.synapse.org/#!Synapse:syn1528312 . Elastic net prediction"
"2270","16","pmc:PMC5154510","syn1700525","ww.synapse.org/#!Synapse:syn1700525 ) if IHC was missing ( F"
"2271","16","pmc:PMC5161470","syn1446295","age under the Synapse ID syn1446295 , and has also been adop"
"2272","16","pmc:PMC5161470","syn1446295","ed algorithm (Synapse ID syn1446295 ), and modified it for f"
"2273","16","pmc:PMC5162102","syn2203662","re obtained via Synapse (syn2203662 at https://www.synapse.o"
"2274","16","pmc:PMC5162102","syn2203662","ww.synapse.org/#!Synapse:syn2203662 ). For each region, we s"
"2275","16","pmc:PMC5192600","syn3049712","ww.synapse.org/#!Synapse:syn3049712/files/ . The datasets of"
"2276","16","pmc:PMC5192600","syn2787209","ww.synapse.org/#!Synapse:syn2787209/files/ . Authors’ contri"
"2277","16","pmc:PMC5192600","syn3049712","ww.synapse.org/#!Synapse:syn3049712/files/ . 27. The DREAM5"
"2278","16","pmc:PMC5192600","syn2787209","ww.synapse.org/#!Synapse:syn2787209/files/ . 28. Meinshausen"
"2279","16","pmc:PMC5192825","syn2455683","ww.synapse.org/#!Synapse:syn2455683/wiki/64007 ), this datas"
"2280","16","pmc:PMC5199621","syn2280639","ww.synapse.org/#!Synapse:syn2280639 with public token ( in s"
"2281","16","pmc:PMC5200946","syn4260742","ttp://dx.doi.org/10.7303/syn4260742 22 The R code and docume"
"2282","16","pmc:PMC5200946","syn2813558","Challenge . 2015 10.7303/syn2813558 2 Guinney J Wang T Laaja"
"2283","16","pmc:PMC5200946","syn4260742","am KUStat . 2015 10.7303/syn4260742 23 Bühlmann P van de Gee"
"2284","16","pmc:PMC5219603","syn1729383","ww.synapse.org/#!synapse:syn1729383 and Lawrence et al. (201"
"2285","16","pmc:PMC5240621","syn5909526","ww.synapse.org/#!Synapse:syn5909526/files/ ). Technical Vali"
"2286","16","pmc:PMC5240621","syn5909526","ttp://dx.doi.org/10.7303/syn5909526 This research is support"
"2287","16","pmc:PMC5289223","syn3880435","ww.synapse.org/#!Synapse:syn3880435/wiki/ . Author contribut"
"2288","16","pmc:PMC5293552","syn3049712","w.synapse.org/# !Synapse:syn3049712/wiki/74628. 36 Hill S. H"
"2289","16","pmc:PMC5297640","syn1461153","http://www.snapage.org ; syn1461153) and corresponding clini"
"2290","16","pmc:PMC5308198","syn5576734","in Synapse [doi:10.7303/syn5576734].’ Due to the potentiall"
"2291","16","pmc:PMC5308198","syn6829807","ttp://dx.doi.org/10.7303/syn6829807.1 Synapse Webster D. E."
"2292","16","pmc:PMC5308198","syn6829810","ttp://dx.doi.org/10.7303/syn6829810.1 Synapse Webster D. E."
"2293","16","pmc:PMC5308198","syn6829811","ttp://dx.doi.org/10.7303/syn6829811.1 Synapse Webster D. E."
"2294","16","pmc:PMC5308198","syn6829808","ttp://dx.doi.org/10.7303/syn6829808.1 Synapse Webster D. E."
"2295","16","pmc:PMC5308198","syn6829809","ttp://dx.doi.org/10.7303/syn6829809.1 The authors wish to ac"
"2296","16","pmc:PMC5309787","syn2623706","ww.synapse.org/#!Synapse:syn2623706/wiki/ ). With the defaul"
"2297","16","pmc:PMC5321124","syn4732982","ducibility (DOI: 10.7303/syn4732982 ). 2.1.3 Multiply imputi"
"2298","16","pmc:PMC5321124","syn4732982","ttp://dx.doi.org/10.7303/syn4732982 31 Acknowledgements This"
"2299","16","pmc:PMC5321124","syn2813558","9-January 2016]. 10.7303/syn2813558 2 Cox DR : Regression mo"
"2300","16","pmc:PMC5321125","syn2813558","ww.synapse.org/#!Synapse:syn2813558/wiki/232674 . Table 1 gi"
"2301","16","pmc:PMC5322885","syn2290704","/www.synapse.org/Synapse:syn2290704/wiki/60828 ). Teams perf"
"2302","16","pmc:PMC5331210","syn4974668","ww.synapse.org/#!Synapse:syn4974668 . Author contributions G"
"2303","16","pmc:PMC5333373","syn4923029","ww.synapse.org/#!Synapse:syn4923029 ) using Synapse Python C"
"2304","16","pmc:PMC5333373","syn2759792","ww.synapse.org/#!Synapse:syn2759792/wiki/69613 ). Briefly, r"
"2305","16","pmc:PMC5333373","syn4551740","ww.synapse.org/#!Synapse:syn4551740 ). Genotyping was perfor"
"2306","16","pmc:PMC5333373","syn4923029","ww.synapse.org/#!Synapse:syn4923029 ) upon authentication by"
"2307","16","pmc:PMC5333606","syn4732239","ttp://dx.doi.org/10.7303/syn4732239 ( Zanin, 2016 ) Acknowle"
"2308","16","pmc:PMC5333606","syn4732239","se Storage, 2016 10.7303/syn4732239"
"2309","16","pmc:PMC5342106","syn1710282","in Synapse (doi:10.7303/syn1710282) [ 20 ] (MATERIALS AND M"
"2310","16","pmc:PMC5342106","syn1734155","east 70% of samples from syn1734155 plus 18 well-known cance"
"2311","16","pmc:PMC5342106","syn1710282","in Synapse (doi:10.7303/syn1710282) (Figure 1B ). Selection"
"2312","16","pmc:PMC5354650","syn1461151","ttps://www.synapse.org/, syn1461151) for the luminal A, lumi"
"2313","16","pmc:PMC5365222","syn4214500","ww.synapse.org/#!Synapse:syn4214500/wiki/231706 ) or directl"
"2314","16","pmc:PMC5369318","syn2512369","handling, and analysis (syn2512369) and the PCBC Bioinforma"
"2315","16","pmc:PMC5369318","syn2767699","ation metadata standard (syn2767699) for the initially donat"
"2316","16","pmc:PMC5369318","syn2767694","city and disease status (syn2767694). Metadata information w"
"2317","16","pmc:PMC5369318","syn2724700","ultured (using protocols syn2724700 and syn2724705) and stor"
"2318","16","pmc:PMC5369318","syn2724705","protocols syn2724700 and syn2724705) and stored (using proto"
"2319","16","pmc:PMC5369318","syn2724707","d stored (using protocol syn2724707). Each stem cell line wa"
"2320","16","pmc:PMC5369318","syn3103753","teratoma assay (protocol syn3103753) and karyotyped. Reports"
"2321","16","pmc:PMC5369318","syn2882774","for the teratoma assays (syn2882774) and karyotyping (syn267"
"2322","16","pmc:PMC5369318","syn2679104","882774) and karyotyping (syn2679104) are available. The line"
"2323","16","pmc:PMC5369318","syn2512371","ifferentiation protocol (syn2512371) was adapted from Zhang"
"2324","16","pmc:PMC5369318","syn2512373","ifferentiation protocol (syn2512373) was adapted from Chambe"
"2325","16","pmc:PMC5369318","syn2512372","ifferentiation protocol (syn2512372) was adapted from D’Amou"
"2326","16","pmc:PMC5369318","syn2512370","ifferentiation protocol (syn2512370). After differentiation,"
"2327","16","pmc:PMC5369318","syn3107327","uripotency marker genes (syn3107327). Data processing Each a"
"2328","16","pmc:PMC5369318","syn1773112","m analyses. FASTQ files (syn1773112) were aligned to the hum"
"2329","16","pmc:PMC5369318","syn5663983",") transcriptome ref. 14 (syn5663983) using Tophat 2.0.9 (ref"
"2330","16","pmc:PMC5369318","syn5664028","transcriptome reference (syn5664028) using corrections for s"
"2331","16","pmc:PMC5369318","syn2247799","and multi-mapped reads (syn2247799). Also, eXpress 1.4.0 (r"
"2332","16","pmc:PMC5369318","syn3270268","fy the transcript level (syn3270268) using UCSC’s knownGene"
"2333","16","pmc:PMC5369318","syn3351175","transcriptome reference (syn3351175). The resulting transcri"
"2334","16","pmc:PMC5369318","syn5008587","for downstream analyses (syn5008587). Alternative splicing e"
"2335","16","pmc:PMC5369318","syn3105745","rocal junction analyses (syn3105745). These analyses include"
"2336","16","pmc:PMC5369318","syn2247097","miRBase 20.0 (ref. 23 ) (syn2247097). miRNA expression was a"
"2337","16","pmc:PMC5369318","syn3355992","ified with seqbuster 24 (syn3355992) using the human miRBase"
"2338","16","pmc:PMC5369318","syn6185321","miRBase 21.0 (ref. 23 ) (syn6185321) of 2,588 annotated miRN"
"2339","16","pmc:PMC5369318","syn2233188","the minfi R package 25 (syn2233188). 15 samples were remove"
"2340","16","pmc:PMC5369318","syn2679103","reports were generated (syn2679103). Genetic analysis SNPs"
"2341","16","pmc:PMC5369318","syn2390898","depth using vcftools 27 (syn2390898). Data Records Data avai"
"2342","16","pmc:PMC5369318","syn1773109","ww.synapse.org/#!Synapse:syn1773109/wiki/218833 ) for furthe"
"2343","16","pmc:PMC5369318","syn1773109","ww.synapse.org/#!Synapse:syn1773109/wiki/63531 . Metadata co"
"2344","16","pmc:PMC5369318","syn2767699","100 terms is available (syn2767699). Term definitions and U"
"2345","16","pmc:PMC5369318","syn2767694","re available in Synapse (syn2767694). Complete metadata, inc"
"2346","16","pmc:PMC5369318","syn3156503","re also available: mRNA (syn3156503), miRNA (syn3219876), an"
"2347","16","pmc:PMC5369318","syn3219876","RNA (syn3156503), miRNA (syn3219876), and methylation (syn31"
"2348","16","pmc:PMC5369318","syn3156828","19876), and methylation (syn3156828). All assay-related file"
"2349","16","pmc:PMC5369318","syn2512369","vailable for public use (syn2512369). These include protocol"
"2350","16","pmc:PMC5369318","syn5762789","generated curated pages (syn5762789) for each of the publicl"
"2351","16","pmc:PMC5369318","syn2679104","onfirmed by karyotyping (syn2679104), and lines originating"
"2352","16","pmc:PMC5369318","syn6185100","annotated common donors (syn6185100). Validation of genomics"
"2353","16","pmc:PMC5369318","syn5008937","wnstream analysis (mRNA: syn5008937; miRNA: syn5014447; meth"
"2354","16","pmc:PMC5369318","syn5014447","mRNA: syn5008937; miRNA: syn5014447; methylation: syn4486559"
"2355","16","pmc:PMC5369318","syn4486559","syn5014447; methylation: syn4486559). We utilized principal"
"2356","16","pmc:PMC5369318","syn1773109","ww.synapse.org/#!Synapse:syn1773109/wiki/63531 ) ( Fig. 3 )."
"2357","16","pmc:PMC5369318","syn3461627","etween genes and miRNAs (syn3461627), genes and methylation"
"2358","16","pmc:PMC5369318","syn2775255","and methylation probes (syn2775255), and miRNAs and methyla"
"2359","16","pmc:PMC5369318","syn4895962","and methylation probes (syn4895962) to link together differ"
"2360","16","pmc:PMC5369318","syn1773109","ted to the PCBC project, syn1773109), we use a Synapse query"
"2361","16","pmc:PMC5369318","syn7511263","pse query 'select * from syn7511263 where dataType=mRNA AND"
"2362","16","pmc:PMC5369318","syn7511263","ableQuery('select * from syn7511263 where dataType=mRNA AND"
"2363","16","pmc:PMC5369318","syn1773109","ttp://dx.doi.org/10.7303/syn1773109 NCBI BioProject Daily K."
"2364","16","pmc:PMC5378169","syn1729383","pan-cancer mutation (ID syn1729383) and annotation files as"
"2365","16","pmc:PMC5378169","syn1695373","s as well as RNA-seq (ID syn1695373) and gene-specific SCNA"
"2366","16","pmc:PMC5378169","syn1695366","-specific SCNA data (IDs syn1695366 and syn169536 for normal"
"2367","16","pmc:PMC5378169","syn8076349","ided by R. Beroukhim (ID syn8076349) ( Zack et al. 2013 ). D"
"2368","16","pmc:PMC5378805","syn4921369","ww.synapse.org/#!Synapse:syn4921369/wiki/235539 ). Overall,"
"2369","16","pmc:PMC5382268","syn3388564",".synapse.org ; SynapseID syn3388564). We analysed only genes"
"2370","16","pmc:PMC5382268","syn3157275","ww.synapse.org SynapseID syn3157275). Probes with detection"
"2371","16","pmc:PMC5382268","syn4896408","ww.synapse.org SynapseID syn4896408). Five different quality"
"2372","16","pmc:PMC5382268","syn3388564","with the accession code syn3388564 ( https://www.synapse.or"
"2373","16","pmc:PMC5382268","syn3388564","ww.synapse.org/#!Synapse:syn3388564 ). H3K9Ac ChIP-seq data"
"2374","16","pmc:PMC5382268","syn4896408","with the accession code syn4896408 ( https://www.synapse.or"
"2375","16","pmc:PMC5382268","syn4896408","ww.synapse.org/#!Synapse:syn4896408 ). DNA methylation data"
"2376","16","pmc:PMC5382268","syn3157275","with the accession code syn3157275 ( https://www.synapse.or"
"2377","16","pmc:PMC5382268","syn3157275","ww.synapse.org/#!Synapse:syn3157275 ). Additional informatio"
"2378","16","pmc:PMC5387919","syn5556216","in the data repository (syn5556216; Data Citation 1). Each"
"2379","16","pmc:PMC5387919","syn5522788","The resulting VCF files (syn5522788; Data Citation 1) were t"
"2380","16","pmc:PMC5387919","syn5522790","ing the GATK pipeline 8 (syn5522790; Data Citation 1). Somat"
"2381","16","pmc:PMC5387919","syn6022465","amples for each patient (syn6022465 and syn6022474; Data Cit"
"2382","16","pmc:PMC5387919","syn6022474","patient (syn6022465 and syn6022474; Data Citation 1). Copy"
"2383","16","pmc:PMC5387919","syn5004874","io and exported to text (syn5004874; Data Citation 1). RNA s"
"2384","16","pmc:PMC5387919","syn6035832","data analysis pipeline (syn6035832; Data Citation 1). Brief"
"2385","16","pmc:PMC5387919","syn6022474","mated using SAMtools 11 (syn6022474; Data Citation 1). Reads"
"2386","16","pmc:PMC5387919","syn5492805","links v0.9.3 (ref. 10 ) (syn5492805; Data Citation 1) and Fe"
"2387","16","pmc:PMC5387919","syn5493036","1) and FeatureCounts 12 (syn5493036; Data Citation 1). Code"
"2388","16","pmc:PMC5387919","syn4984604","6 http://doi.org/10.7303/syn4984604 Funding for the generati"
"2389","16","pmc:PMC5442873","syn2623706","ww.synapse.org/#!Synapse:syn2623706/wiki/67246 ). Of these t"
"2390","16","pmc:PMC5487570","syn8033988","ww.synapse.org/#!Synapse:syn8033988 ). We called variants an"
"2391","16","pmc:PMC5494142","syn3219045","ww.synapse.org/#!Synapse:syn3219045 . The miRNA from the Nan"
"2392","16","pmc:PMC5494142","syn3219045","ww.synapse.org/#!Synapse:syn3219045 . Authors’ contributions"
"2393","16","pmc:PMC5495064","syn6020318","tps://www.synapse.org/ , syn6020318). Profile analysis of mi"
"2394","16","pmc:PMC5495064","syn1710466","urity data from Synapse (syn1710466). We then repeated the a"
"2395","16","pmc:PMC5498532","syn2623706","se ( www.synapse.org ), #syn2623706. Expression and clinical"
"2396","16","pmc:PMC5500862","syn3647478","ww.synapse.org/#!Synapse:syn3647478 . Acknowledgements We th"
"2397","16","pmc:PMC5510182","syn6182429","at Synapse (synapse.org; syn6182429). The rest of the data s"
"2398","16","pmc:PMC5538560","syn2875157","ww.synapse.org/#!Synapse:syn2875157 ). Finally, GenomeVIP ca"
"2399","16","pmc:PMC5543131","syn7214402","ww.synapse.org/#!Synapse:syn7214402 ). All other molecular,"
"2400","16","pmc:PMC5543131","syn7214402","ww.synapse.org/#!Synapse:syn7214402 ). This MC3 set is a re-"
"2401","16","pmc:PMC5543131","syn7214402","ww.synapse.org/#!Synapse:syn7214402 ). Additional molecular"
"2402","16","pmc:PMC5554576","syn1710678","ww.synapse.org/#!Synapse:syn1710678 [ 33 ] and from the deri"
"2403","16","pmc:PMC5554576","syn1710282","ww.synapse.org/#!Synapse:syn1710282 ) [ 34 ]. Our final data"
"2404","16","pmc:PMC5597795","syn4993293","ww.synapse.org/#!Synapse:syn4993293/wiki/247860 19 Blehar MC"
"2405","16","pmc:PMC5599497","syn4961785","ww.synapse.org/#!Synapse:syn4961785 ) R package, and this me"
"2406","16","pmc:PMC5606646","syn2785778","ww.synapse.org/#!Synapse:syn2785778/wiki/70254 (accessed on"
"2407","16","pmc:PMC5609739","syn6156761","ww.synapse.org/#!Synapse:syn6156761/discussion/threadId=1073"
"2408","16","pmc:PMC5624899","syn7821443","ttp://dx.doi.org/10.7303/syn7821443 . In order to study the"
"2409","16","pmc:PMC5627420","syn1729383",".synapse.org/#! Synapse: syn1729383). Clinical data of TCGA"
"2410","16","pmc:PMC5632288","syn2825304","ww.synapse.org/#!Synapse:syn2825304/wiki/71131 . Accessed 3"
"2411","16","pmc:PMC5640613","syn5593065","ww.synapse.org/#!Synapse:syn5593065 . The allele frequency d"
"2412","16","pmc:PMC5640613","syn1729383","e obtained from synapse (syn1729383). Allele counts, ploidy"
"2413","16","pmc:PMC5640613","syn1729383","o obtained from synapse (syn1729383). Pancan21 somatic mutat"
"2414","16","pmc:PMC5640613","syn5593040","ere uploaded to synapse (syn5593040). CLL somatic mutation d"
"2415","16","pmc:PMC5640613","syn1713813","from synapse (syn819550, syn1713813, syn1734155). We only co"
"2416","16","pmc:PMC5640613","syn1734155","(syn819550, syn1713813, syn1734155). We only considered gen"
"2417","16","pmc:PMC5640613","syn5593040","tumor types separately (syn5593040, Supplementary Table 4 )"
"2418","16","pmc:PMC5643378","syn7222066","downloaded from Synapse (syn7222066, https://www.synapse.org"
"2419","16","pmc:PMC5644370","syn7354353","ttp://dx.doi.org/10.7303/syn7354353 . The processing include"
"2420","16","pmc:PMC5644370","syn7477310","ttp://dx.doi.org/10.7303/syn7477310 . The final table showin"
"2421","16","pmc:PMC5644370","syn7440367","ttp://dx.doi.org/10.7303/syn7440367.1 . Important note The m"
"2422","16","pmc:PMC5644370","syn7354353","ttp://dx.doi.org/10.7303/syn7354353 . Input files ( Fig. 2 ,"
"2423","16","pmc:PMC5644370","syn2580853","accessed at doi:10.7303/syn2580853 Access to scripts and ot"
"2424","16","pmc:PMC5644370","syn2580853","ww.synapse.org/#!Synapse:syn2580853/wiki/409840 AMPAD Knowle"
"2425","16","pmc:PMC5644370","syn5592519","ww.synapse.org/#!Synapse:syn5592519 Sage Bionetworks 2016 ht"
"2426","16","pmc:PMC5644370","syn7440354","ttp://dx.doi.org/10.7303/syn7440354.1 Sage Bionetworks 2016"
"2427","16","pmc:PMC5644370","syn7440355","ttp://dx.doi.org/10.7303/syn7440355.1 Sage Bionetworks 2016"
"2428","16","pmc:PMC5644370","syn7440356","ttp://dx.doi.org/10.7303/syn7440356.1 Sage Bionetworks 2016"
"2429","16","pmc:PMC5644370","syn7440357","ttp://dx.doi.org/10.7303/syn7440357.1 Sage Bionetworks 2016"
"2430","16","pmc:PMC5644370","syn7477271","ttp://dx.doi.org/10.7303/syn7477271.1 Sage Bionetworks 2016"
"2431","16","pmc:PMC5644370","syn7477310","ttp://dx.doi.org/10.7303/syn7477310 Sage Bionetworks 2016 ht"
"2432","16","pmc:PMC5644370","syn7440367","ttp://dx.doi.org/10.7303/syn7440367.1 We thank Lisa Howerton"
"2433","16","pmc:PMC5658085","syn2785783","ww.synapse.org/#!Synapse:syn2785783 ). In the other case, we"
"2434","16","pmc:PMC5660607","syn7898789","ww.synapse.org/#!Synapse:syn7898789 ; Interactive networks,"
"2435","16","pmc:PMC5668068","syn2812925","were obtained from TCGA (syn2812925) [ 29 ]. We used the lev"
"2436","16","pmc:PMC5674849","syn8094063","ttp://dx.doi.org/10.7303/syn8094063.1 Dryad Digital Reposito"
"2437","16","pmc:PMC5688099","syn5917256","ation data from Synapse (syn5917256, version 0.2.8) and calc"
"2438","16","pmc:PMC5695248","syn2320105","eq_RNASeqV2 (Synapse ID: syn2320105) data were obtained from"
"2439","16","pmc:PMC5695248","syn2320105","ww.synapse.org/#!Synapse:syn2320105 . The NDUFA4L2, nuclear"
"2440","16","pmc:PMC5695248","syn2320105","eq_RNASeqV2, Synapse ID: syn2320105 and Kidney Renal Clear C"
"2441","16","pmc:PMC5695248","syn2320105","ww.synapse.org/#!Synapse:syn2320105 and http://www.cbioporta"
"2442","16","pmc:PMC5706401","syn3159438","trol brains (GSE5281 and syn3159438). The GSE5281 dataset wa"
"2443","16","pmc:PMC5706401","syn3159438","ntrol brains [ 44 ]. The syn3159438 dataset was obtained fro"
"2444","16","pmc:PMC5706401","syn3159438","Mount Sinai Brain Bank (syn3159438). We observed a signific"
"2445","16","pmc:PMC5706401","syn6090802","e on synapse.org (Mayo – syn6090802; MSBB – syn3157743). Who"
"2446","16","pmc:PMC5706401","syn3157743","ayo – syn6090802; MSBB – syn3157743). Whole genome sequence"
"2447","16","pmc:PMC5709354","syn4978511","age Bionetworks Synapse (syn4978511) 10 . TCGA pCRC RNA-sequ"
"2448","16","pmc:PMC5712526","syn7221264","available at doi:10.7303/syn7221264.2. Electronic supplement"
"2449","16","pmc:PMC5715016","syn10212437","this study (doi:10.7303/syn10212437) is available via Synaps"
"2450","16","pmc:PMC5715016","syn10212437","ww.synapse.org/#!Synapse:syn10212437/files/ . Electronic supp"
"2451","16","pmc:PMC5722905","syn5647810","M Challenge - Synapse ID syn5647810”; Liu et al . 2016) usin"
"2452","16","pmc:PMC5722905","syn5647810","y Viral DREAM Challenge -syn5647810. Available at: https://w"
"2453","16","pmc:PMC5722905","syn5647810","ww.synapse.org/#!Synapse:syn5647810/wiki/399103 . (Accessed:"
"2454","16","pmc:PMC5731916","syn1461168","e retrieved (Synapse ID: syn1461168; [ 82 ]). Demographic in"
"2455","16","pmc:PMC5738597","syn8483276","e.org) under doi:10.7303/syn8483276. References 1 Meiners PM"
"2456","16","pmc:PMC5740109","syn11455619","pse under the Synapse ID syn11455619 and syn11455620. All cod"
"2457","16","pmc:PMC5740109","syn11455620","napse ID syn11455619 and syn11455620. All codes for analysis"
"2458","16","pmc:PMC5749893","syn2873386","ww.synapse.org/#!Synapse:syn2873386/wiki/391432 ). Riluzole"
"2459","16","pmc:PMC5752539","syn1741407","G pathways from Synapse (syn1741407) which shows the semanti"
"2460","16","pmc:PMC5755767","syn6156761","ww.synapse.org/#!Synapse:syn6156761/wiki/ ). 10.1371/journal"
"2461","16","pmc:PMC5758042","syn1734155","n-cancer data sets (ref. syn1734155). The OncodriveFM and On"
"2462","16","pmc:PMC5758042","syn1729383","om the Synapse platform (syn1729383) as MAF files within the"
"2463","16","pmc:PMC5760723","syn2289125","https://doi.org/10.7303/syn2289125 ). Software ProTurn (v.2"
"2464","16","pmc:PMC5760723","syn2289125","https://doi.org/10.7303/syn2289125 ) and figshare ( https:/"
"2465","16","pmc:PMC5760858","syn10142580","apse.org ) via accession syn10142580. Author contributions ME"
"2466","16","pmc:PMC5764547","syn4975060","n dataset 8 : synapse id syn4975060 . Data for neuron simula"
"2467","16","pmc:PMC5777739","syn1709990","//www.synapse.org/ ) via syn1709990 as 255 BED files contain"
"2468","16","pmc:PMC5785926","syn3388564","A-seq data - doi:10.7303/syn3388564; ChIP-seq data - doi:syn"
"2469","16","pmc:PMC5785926","syn4896408","564; ChIP-seq data - doi:syn4896408; DNA methylation data -"
"2470","16","pmc:PMC5785926","syn3157275","ation data - doi:10.7303/syn3157275. The results of the stud"
"2471","16","pmc:PMC5793987","syn4993293","tps://dx.doi.org/10.7303/syn4993293 Some concerns have been"
"2472","16","pmc:PMC5800968","syn11597066","apse.org ) via accession syn11597066. Figure 2 and Supplement"
"2473","16","pmc:PMC5802527","syn3388564","ww.synapse.org/#!Synapse:syn3388564 . We briefly summarize t"
"2474","16","pmc:PMC5803269","syn3219045","ww.synapse.org/#!Synapse:syn3219045 and syn11468526). The mi"
"2475","16","pmc:PMC5803269","syn11468526","#!Synapse:syn3219045 and syn11468526). The microglia RNA-Sequ"
"2476","16","pmc:PMC5814463","syn6175515","Sample Scores . 10.7303/syn6175515 (2017). 29. Pachot A Sys"
"2477","16","pmc:PMC5814463","syn5612563","ysis Repository. 10.7303/syn5612563 (2017)."
"2478","16","pmc:PMC5819208","syn3157249","ww.synapse.org/#!Synapse:syn3157249 or http://alois.med.upen"
"2479","16","pmc:PMC5819390","syn2580853","ww.synapse.org/#!Synapse:syn2580853/wiki/409841 ). Processed"
"2480","16","pmc:PMC5828651","syn2374375","ww.synapse.org/#!Synapse:syn2374375/files/ ) ( Han et al., 2"
"2481","16","pmc:PMC5832860","syn4975057","ww.synapse.org/#!Synapse:syn4975057/files/ . In total, 382 w"
"2482","16","pmc:PMC5840542","syn2580853","ww.synapse.org/#!Synapse:syn2580853 ): the Mayo sample set ("
"2483","16","pmc:PMC5841760","syn6133183","edge Portal (doi:10.7303/syn6133183). Raw RNA-Seq data from"
"2484","16","pmc:PMC5841760","syn6133183","edge Portal (doi:10.7303/syn6133183). AUTHOR CONTRIBUTIONS N"
"2485","16","pmc:PMC5848788","syn10225995","tps://dx.doi.org/10.7303/syn10225995.1 SAGE Bionetworks Ping"
"2486","16","pmc:PMC5848788","syn10188047","tps://dx.doi.org/10.7303/syn10188047 SAGE Bionetworks Ping L"
"2487","16","pmc:PMC5848788","syn10225993","tps://dx.doi.org/10.7303/syn10225993.1 SAGE Bionetworks Ping"
"2488","16","pmc:PMC5848788","syn10239444","tps://dx.doi.org/10.7303/syn10239444 PRIDE Ping L Duong D. M."
"2489","16","pmc:PMC5850944","syn2455683","ww.synapse.org/#!Synapse:syn2455683 ), which is a challenge"
"2490","16","pmc:PMC5850944","syn2455683","obtained through Synapse syn2455683 as part of the AML DREAM"
"2491","16","pmc:PMC5854612","syn2787209","( synapse.org/#!Synapse:syn2787209/wiki/70349 ). For S . ce"
"2492","16","pmc:PMC5854612","syn2787209","( synapse.org/#!Synapse:syn2787209/wiki/70349 ). We obtaine"
"2493","16","pmc:PMC5854612","syn1715755","( synapse.org/#!Synapse:syn1715755 ) 48 . The human GTEX da"
"2494","16","pmc:PMC5856211","syn2370773","downloaded from Synapse syn2370773); (2) Clinical Interpret"
"2495","16","pmc:PMC5856211","syn2325436","pository: clinical data (syn2325436), somatic SNVs (syn17293"
"2496","16","pmc:PMC5856211","syn1729383","n2325436), somatic SNVs (syn1729383), and somatic CNVs (syn1"
"2497","16","pmc:PMC5856211","syn1711454","9383), and somatic CNVs (syn1711454). Data on a total of 527"
"2498","16","pmc:PMC5856211","syn7851250","ynapse repository (SNVs, syn7851250; CNVs, syn7851245; fusio"
"2499","16","pmc:PMC5856211","syn7851245","(SNVs, syn7851250; CNVs, syn7851245; fusions, syn7851249; cl"
"2500","16","pmc:PMC5856211","syn7851249","Vs, syn7851245; fusions, syn7851249; clinical data, syn78512"
"2501","16","pmc:PMC5856211","syn7851246","n7851249; clinical data, syn7851246). This dataset comprises"
"2502","16","pmc:PMC5862875","syn6187098","ww.synapse.org/#!Synapse:syn6187098/wiki/401884 ; refs 46 ,"
"2503","16","pmc:PMC5865379","syn10701701","at Synapse, doi:10.7303/syn10701701. Authors’ contributions"
"2504","16","pmc:PMC5869052","syn3193805","ww.synapse.org/#!Synapse:syn3193805 , accessed July 2017. 10"
"2505","16","pmc:PMC5869052","syn3193805","essed July 2017. 10.7303/syn3193805. 33 Li W. Wang G. Fidon"
"2506","16","pmc:PMC5872042","syn5550382","ww.synapse.org/#!Synapse:syn5550382 . 2.3. Analysis of Clini"
"2507","16","pmc:PMC5875009","syn3219045","ta from Synapse (10.7303/syn3219045). We downloaded preproce"
"2508","16","pmc:PMC5875009","syn3388564","ta from Synapse (10.7303/syn3388564). Genes with at least 1"
"2509","16","pmc:PMC5893558","syn5550404","ntrol and 84 PSP brains (syn5550404); (2) the frontal cortex"
"2510","16","pmc:PMC5896795","syn4921369","w.synapse.org//#!Synapse:syn4921369/wiki/235539 . ImmGen, ht"
"2511","16","pmc:PMC5915486","syn3157275","ww.synapse.org/#!Synapse:syn3157275 (Rhythmic) Results Rhyth"
"2512","16","pmc:PMC5916809","syn5974636","mmune Group (Synapse ID: syn5974636). We predicted the bindi"
"2513","16","pmc:PMC5918460","syn1703335","w.synapse.org/#!Synapse:syn1703335 ) and used for the estim"
"2514","16","pmc:PMC5920056","syn1715755","nCan12.3602-corrected-v3_syn1715755.gz ]. The source code fi"
"2515","16","pmc:PMC5927625","syn2862345","ww.synapse.org/#!Synapse:syn2862345/wiki/72486 ). Proteins o"
"2516","16","pmc:PMC5927625","syn2862345","ww.synapse.org/#!Synapse:syn2862345/wiki/72486 ). The spot c"
"2517","16","pmc:PMC5932615","syn11691127","org/Portal.html#!Synapse:syn11691127 ). Scientific outcomes o"
"2518","16","pmc:PMC5934326","syn5650509",", Sage Synapse accession syn5650509, N=467) 51 . We used sum"
"2519","16","pmc:PMC5938574","syn6131484","ww.synapse.org/#!Synapse:syn6131484/wiki/402026 . 216 Quang"
"2520","16","pmc:PMC5940770","syn1688369","napse software platform (syn1688369; Sage Bionetworks, Seatt"
"2521","16","pmc:PMC5942893","syn4921369","ww.synapse.org/#!Synapse:syn4921369/wiki/235539(/p )(p)SNPWe"
"2522","16","pmc:PMC5943119","syn1701558","DNA methylation subtype (syn1701558), we found that cluster"
"2523","16","pmc:PMC5943119","syn1701558","DNA methylation subtype (syn1701558) (cluster 1 to 6, the lo"
"2524","16","pmc:PMC5943119","syn1701558","DNA methylation subtype (syn1701558), we observed that clust"
"2525","16","pmc:PMC5959890","syn4622659","ww.synapse.org/#!Synapse:syn4622659 . Default parameters for"
"2526","16","pmc:PMC5960184","syn2580853","ww.synapse.org/#!Synapse:syn2580853/wiki/409840 . (TIF 694 k"
"2527","16","pmc:PMC5961317","syn2623706",".synapse.org/# ! Synapse:syn2623706/wiki/67246). Gene expres"
"2528","16","pmc:PMC5963076","syn10934660","ww.synapse.org/#!Synapse:syn10934660 ). In a separate replica"
"2529","16","pmc:PMC5963076","syn10934660","ww.synapse.org/#!Synapse:syn10934660 ). In the validation WGC"
"2530","16","pmc:PMC5963076","syn10934660","ww.synapse.org/#!Synapse:syn10934660 ). MAGMA GWAS target mod"
"2531","16","pmc:PMC5963076","syn10934660","ww.synapse.org/#!Synapse:syn10934660 ). In-vitro assays of fA"
"2532","16","pmc:PMC5963076","syn11209141","ww.synapse.org/#!Synapse:syn11209141 ) and will be published"
"2533","16","pmc:PMC5963076","syn11209141","ww.synapse.org/#!Synapse:syn11209141 ). In this dataset from"
"2534","16","pmc:PMC5963076","syn11209141","ww.synapse.org/#!Synapse:syn11209141 and R code used for WGCN"
"2535","16","pmc:PMC5963076","syn10934660","ww.synapse.org/#!Synapse:syn10934660 . Associated datasets ar"
"2536","16","pmc:PMC5963084","syn1695384","zed gene expression from syn1695384. We refer to each cancer"
"2537","16","pmc:PMC5963336","syn8361748","in Synapse [doi:10.7303/syn8361748].' See the full instruct"
"2538","16","pmc:PMC5963336","syn8361748","ww.synapse.org/#!Synapse:syn8361748/wiki/415364 ). Additiona"
"2539","16","pmc:PMC5963336","syn8466435","ttp://dx.doi.org/10.7303/syn8466435.1 Synapse Chan Y. F. Y."
"2540","16","pmc:PMC5963336","syn8466429","ttp://dx.doi.org/10.7303/syn8466429.1 Synapse Chan Y. F. Y."
"2541","16","pmc:PMC5963336","syn8466433","ttp://dx.doi.org/10.7303/syn8466433.1 Synapse Chan Y. F. Y."
"2542","16","pmc:PMC5963336","syn8466442","ttp://dx.doi.org/10.7303/syn8466442.1 Synapse Chan Y. F. Y."
"2543","16","pmc:PMC5963336","syn8466443","ttp://dx.doi.org/10.7303/syn8466443.1 Synapse Chan Y. F. Y."
"2544","16","pmc:PMC5963336","syn8466446","ttp://dx.doi.org/10.7303/syn8466446.1 Synapse Chan Y. F. Y."
"2545","16","pmc:PMC5963336","syn8466434","ttp://dx.doi.org/10.7303/syn8466434.1 Synapse Chan Y. F. Y."
"2546","16","pmc:PMC5963336","syn8466439","ttp://dx.doi.org/10.7303/syn8466439.1 Synapse Chan Y. F. Y."
"2547","16","pmc:PMC5963336","syn8466431","ttp://dx.doi.org/10.7303/syn8466431.1 Synapse Chan Y. F. Y."
"2548","16","pmc:PMC5963336","syn8466432","ttp://dx.doi.org/10.7303/syn8466432.1 Synapse Chan Y. F. Y."
"2549","16","pmc:PMC5963336","syn9993530","ttp://dx.doi.org/10.7303/syn9993530.1 The study is funded by"
"2550","16","pmc:PMC5973980","syn3193805","ww.synapse.org/#!Synapse:syn3193805/ 16. Bonmati E, Hu Y, Gu"
"2551","16","pmc:PMC5984361","syn2812925","tumor types from Synapse:syn2812925 expression data), and an"
"2552","16","pmc:PMC5984361","syn6115413","ere uploaded to synapse (syn6115413). d N and d S calculatio"
"2553","16","pmc:PMC5984361","syn11617417","was deposited on synapse syn11617417. In addition, we run dNd"
"2554","16","pmc:PMC5984361","syn11935058","his study in synapse (id syn11935058). Then, we fused all can"
"2555","16","pmc:PMC5984361","syn6115413","ww.synapse.org/#!Synapse:syn6115413 . The SSB-correction alg"
"2556","16","pmc:PMC5984825","syn4587609","e under accession number syn4587609. The primary microarray"
"2557","16","pmc:PMC5986762","syn1571569","site (http://synapse.org;syn1571569). Clinical data were dow"
"2558","16","pmc:PMC5992755","syn3607401","tudy [ 42 ] (synapse ID: syn3607401). Forebrain neurons from"
"2559","16","pmc:PMC5992755","syn7203233","P-AD portal (synapse ID: syn7203233). This dataset comprises"
"2560","16","pmc:PMC5992755","syn5550404","edge portal (synapse ID: syn5550404 and syn3157743; Table 1"
"2561","16","pmc:PMC5992755","syn3157743","napse ID: syn5550404 and syn3157743; Table 1 ). The Mayo stu"
"2562","16","pmc:PMC5992755","syn7203233","P-AD portal (synapse ID: syn7203233) and inferred their cell"
"2563","16","pmc:PMC5992755","syn2580853","accessed at doi:10.7303/syn2580853. Mayo Clinic RNA-seq dat"
"2564","16","pmc:PMC5992755","syn5550404","ww.synapse.org/#!Synapse:syn5550404 ; Mount Sinai Brain Bank"
"2565","16","pmc:PMC5992755","syn3157743","ww.synapse.org/#!Synapse:syn3157743 ; GSE52564: https://www."
"2566","16","pmc:PMC5992755","syn3607401","ww.synapse.org/#!Synapse:syn3607401 ; The Knight-ADRC: https"
"2567","16","pmc:PMC5992755","syn12181323","ww.synapse.org/#!Synapse:syn12181323 . According to the data"
"2568","16","pmc:PMC5992755","syn5550404","ww.synapse.org/#!Synapse:syn5550404 ]. 39. AMPAD Knowledge P"
"2569","16","pmc:PMC5992755","syn3157743","ww.synapse.org/#!Synapse:syn3157743 ]. 40. Takahashi K Yaman"
"2570","16","pmc:PMC5992755","syn3607401","ww.synapse.org/#!Synapse:syn3607401 ]. 43. Zhou P Zhang Y Ma"
"2571","16","pmc:PMC5992755","syn5986884","ww.synapse.org/#!Synapse:syn5986884 . 55. Cahoy JD Emery B K"
"2572","16","pmc:PMC5993513","syn8040458","ww.synapse.org/#!Synapse:syn8040458 coloc2, https://github.c"
"2573","16","pmc:PMC5995828","syn2759792","from Synapse (accession: syn2759792). The CMC eQTL summary s"
"2574","16","pmc:PMC5995932","syn9878922","this study (doi:10.7303/syn9878922) are available via Synap"
"2575","16","pmc:PMC5995932","syn9878922","ww.synapse.org/#!Synapse:syn9878922/files/ . Ethics approval"
"2576","16","pmc:PMC5996849","syn11699007","t of molecules see Table syn11699007 (Data Citation 1), where"
"2577","16","pmc:PMC5996849","syn4939906","4.0 (described above and syn4939906) 17 . The stocks are sto"
"2578","16","pmc:PMC5996849","syn49399062","in 100% DMSO at −80° C. syn49399062 lists individual compoun"
"2579","16","pmc:PMC5996849","syn8518944","pse query 'select * from syn8518944 where nf1Genotype='+/-'"
"2580","16","pmc:PMC5996849","syn8518944","ableQuery(“select * from syn8518944 where nf1Genotype='+/-'"
"2581","16","pmc:PMC5996849","syn4939906","7 http://doi.org/10.7303/syn4939906 Synapse Gosline SJC 2017"
"2582","16","pmc:PMC5996849","syn4940963","7 http://doi.org/10.7303/syn4940963 Synapse Gosline SJC 2017"
"2583","16","pmc:PMC5996849","syn4939874","7 http://doi.org/10.7303/syn4939874 NCBI Sequence Read Archi"
"2584","16","pmc:PMC5998874","syn10154163","ww.synapse.org/#!Synapse:syn10154163 (XLSX 98 kb) Abbreviatio"
"2585","16","pmc:PMC6007920","syn11932743","project ID doi: 10.7303/syn11932743 . Results Molecular hete"
"2586","16","pmc:PMC6022707","syn1757063","apse. sagebase.org , ID: syn1757063, syn1757053 and syn17570"
"2587","16","pmc:PMC6022707","syn1757053","se.org , ID: syn1757063, syn1757053 and syn1757055). The ana"
"2588","16","pmc:PMC6022707","syn1757055","n1757063, syn1757053 and syn1757055). The analysis workflow"
"2589","16","pmc:PMC6022707","syn1757063","m under accession number syn1757063, syn1757053 and syn17570"
"2590","16","pmc:PMC6022707","syn1757053","ssion number syn1757063, syn1757053 and syn1757055 ( http://"
"2591","16","pmc:PMC6022707","syn1757055","n1757063, syn1757053 and syn1757055 ( http://www.synapse.org"
"2592","16","pmc:PMC6026173","syn4231880","ww.synapse.org/#!Synapse:syn4231880/wiki/235651 (2015). 63."
"2593","16","pmc:PMC6028090","syn3157598","ww.synapse.org/#!Synapse:syn3157598/wiki/232630 for further"
"2594","16","pmc:PMC6029036","syn3163039","wledge Portal at 10.7303/syn3163039 and 10.7303/syn5049298."
"2595","16","pmc:PMC6029036","syn5049298","3/syn3163039 and 10.7303/syn5049298. Access to the data is c"
"2596","16","pmc:PMC6031629","syn1710466","ww.synapse.org/#!Synapse:syn1710466 ). Sample purity was cal"
"2597","16","pmc:PMC6041755","syn1729383","ator samples reported in syn1729383 as well as synonymous mu"
"2598","16","pmc:PMC6048065","syn8483403","ory under accession code syn8483403 . Data availability Acce"
"2599","16","pmc:PMC6048065","syn8483403","ory under accession code syn8483403 . Electronic supplementa"
"2600","16","pmc:PMC6054197","syn2527678","ww.synapse.org/#!Synapse:syn2527678/wiki/69937 . Additional"
"2601","16","pmc:PMC6055527","syn5974636","rking group (Synapse ID: syn5974636). NetMHC4 and NetMHCpan-"
"2602","16","pmc:PMC6055527","syn7824274","y the MC3 working group (syn7824274). METHOD DETAILS Dataset"
"2603","16","pmc:PMC6060121","syn2759792","nowledge Portal: 10.7303/syn2759792. Intermediate results le"
"2604","16","pmc:PMC6063773","syn4566010","ww.synapse.org/#!Synapse:syn4566010 includes data, results a"
"2605","16","pmc:PMC6063773","syn4566010","ww.synapse.org/#!Synapse:syn4566010 ) is a valuable resource"
"2606","16","pmc:PMC6063773","syn11306591","for cell specifc-H3K4me3=syn11306591, homogenate-H3K4me3=syn1"
"2607","16","pmc:PMC6063773","syn11306589","6591, homogenate-H3K4me3=syn11306589, cell specific-H3K27ac="
"2608","16","pmc:PMC6063773","syn9998643",", cell specific-H3K27ac= syn9998643 and homogenate-H3K27ac="
"2609","16","pmc:PMC6063773","syn11485660","and homogenate-H3K27ac= syn11485660. Before calling peaks us"
"2610","16","pmc:PMC6063773","syn4921369","ww.synapse.org/#!Synapse:syn4921369 . Data and results are a"
"2611","16","pmc:PMC6063773","syn4566010","ww.synapse.org/#!Synapse:syn4566010 . The site includes link"
"2612","16","pmc:PMC6063773","syn4921369","ww.synapse.org/#!Synapse:syn4921369/wiki/235539 Data, result"
"2613","16","pmc:PMC6063773","syn4566010","ww.synapse.org/#!Synapse:syn4566010 Psychiatric Genomics Con"
"2614","16","pmc:PMC6064051","syn12618789","in the MAF ( Synapse ID, syn12618789 ) that map onto an entry"
"2615","16","pmc:PMC6064051","syn12618789","ancer types (Synapse ID, syn12618789). Mutations associated w"
"2616","16","pmc:PMC6064051","syn12618789","org/Portal.html#!Synapse:syn12618789 . The DEPO portal is ava"
"2617","16","pmc:PMC6068261","syn12216049","ww.synapse.org , Project syn12216049. Author Contributions JR"
"2618","16","pmc:PMC6080491","syn9702085","ww.synapse.org/#!Synapse:syn9702085/ for details). miRNA pro"
"2619","16","pmc:PMC6080491","syn2954404","ww.synapse.org/#!Synapse:syn2954404 ). The ROS and MAP cohor"
"2620","16","pmc:PMC6080491","syn2580853","tps://dx.doi.org/10.7303/syn2580853 Synapse 2016 https://dx."
"2621","16","pmc:PMC6080491","syn3219045","tps://dx.doi.org/10.7303/syn3219045 Synapse 2016 https://dx."
"2622","16","pmc:PMC6080491","syn3157322","tps://dx.doi.org/10.7303/syn3157322 Synapse 2016 https://dx."
"2623","16","pmc:PMC6080491","syn3157325","tps://dx.doi.org/10.7303/syn3157325 Synapse 2016 https://dx."
"2624","16","pmc:PMC6080491","syn3157329","tps://dx.doi.org/10.7303/syn3157329 Synapse 2017 https://dx."
"2625","16","pmc:PMC6080491","syn10901595","tps://dx.doi.org/10.7303/syn10901595 Synapse 2016 https://dx."
"2626","16","pmc:PMC6080491","syn3388564","tps://dx.doi.org/10.7303/syn3388564 Synapse 2016 https://dx."
"2627","16","pmc:PMC6080491","syn3387325","tps://dx.doi.org/10.7303/syn3387325 Synapse 2016 https://dx."
"2628","16","pmc:PMC6080491","syn4896408","tps://dx.doi.org/10.7303/syn4896408 Synapse 2017 https://dx."
"2629","16","pmc:PMC6080491","syn3157275","tps://dx.doi.org/10.7303/syn3157275 We are grateful to the p"
"2630","16","pmc:PMC6081462","syn5321694","er the accession number [syn5321694] https://www.synapse.org"
"2631","16","pmc:PMC6081462","syn5321694","ww.synapse.org/#!Synapse:syn5321694 . A table of the process"
"2632","16","pmc:PMC6081462","syn12214341","ww.synapse.org/#!Synapse:syn12214341/tables/. Electronic supp"
"2633","16","pmc:PMC6084586","syn5550404","al ( 2016 ) MayoRNAseq - syn5550404. Andersson R. et al ( 20"
"2634","16","pmc:PMC6089972","syn2812961","se for TCGA pan-cancer ( syn2812961 ) and a custom function"
"2635","16","pmc:PMC6089972","syn7214402","the MC3 calling effort ( syn7214402 ). Driver mutations were"
"2636","16","pmc:PMC6089972","syn7343873","ownloaded from Synapse ( syn7343873 ) using Cox proportional"
"2637","16","pmc:PMC6089972","syn7214402","apse (accession numbers: syn7214402 ; syn7343873 ; syn281296"
"2638","16","pmc:PMC6089972","syn7343873","on numbers: syn7214402 ; syn7343873 ; syn2812961 ), The Canc"
"2639","16","pmc:PMC6089972","syn2812961","yn7214402 ; syn7343873 ; syn2812961 ), The Cancer Genome Atl"
"2640","16","pmc:PMC6095043","syn3388564","ttp://dx.doi.org/10.7303/syn3388564 , http://dx.doi.org/10.7"
"2641","16","pmc:PMC6095043","syn3157329","ttp://dx.doi.org/10.7303/syn3157329 , http://dx.doi.org/10.7"
"2642","16","pmc:PMC6095043","syn3157275","ttp://dx.doi.org/10.7303/syn3157275 , and http://dx.doi.org/"
"2643","16","pmc:PMC6095043","syn4896408","ttp://dx.doi.org/10.7303/syn4896408 ). Results Summary of Ap"
"2644","16","pmc:PMC6095477","syn5223705","ownload temporal cortex (syn5223705) and cerebellum (syn3817"
"2645","16","pmc:PMC6095477","syn3817650","5223705) and cerebellum (syn3817650) clinical data. 12 corte"
"2646","16","pmc:PMC6095477","syn6126114","linical data. 12 cortex (syn6126114) and 10 cerebellum (syn6"
"2647","16","pmc:PMC6095477","syn6126119","6114) and 10 cerebellum (syn6126119) samples were excluded d"
"2648","16","pmc:PMC6104001","syn2887117","ww.synapse.org/#!Synapse:syn2887117 ). These included the Pi"
"2649","16","pmc:PMC6117327","syn11946759","vailable at Synapse (ID: syn11946759). Electronic supplementa"
"2650","16","pmc:PMC6122787","syn3388564","ledge Portal (Synapse ID syn3388564; 10.7303/syn3388564). We"
"2651","16","pmc:PMC6122787","syn3388564","e ID syn3388564; 10.7303/syn3388564). We used a consensus cl"
"2652","16","pmc:PMC6122970","syn2580853","ww.synapse.org/#!Synapse:syn2580853/wiki/66722 Experimental"
"2653","16","pmc:PMC6122971","syn8484987","seq project, Synapse ID: syn8484987). Transcriptional levels"
"2654","16","pmc:PMC6122971","syn8484987","consortium (Synapse ID: syn8484987, download date March 27,"
"2655","16","pmc:PMC6126875","syn2759792","ww.synapse.org/#!Synapse:syn2759792/wiki/69613 ). Replicatio"
"2656","16","pmc:PMC6132187","syn5550404","Mayo cohort (doi:10.7303/syn5550404), which utilized the sam"
"2657","16","pmc:PMC6132187","syn3159438","tps://dx.doi.org/10.7303/syn3159438 Synapse 2017 https://dx."
"2658","16","pmc:PMC6132187","syn7392158","tps://dx.doi.org/10.7303/syn7392158 Synapse 2017 https://dx."
"2659","16","pmc:PMC6132187","syn3157743","tps://dx.doi.org/10.7303/syn3157743 Synapse 2017 https://dx."
"2660","16","pmc:PMC6132187","syn4645334","tps://dx.doi.org/10.7303/syn4645334 Synapse 2017 https://dx."
"2661","16","pmc:PMC6132187","syn10901600","tps://dx.doi.org/10.7303/syn10901600 Synapse 2017 https://dx."
"2662","16","pmc:PMC6132187","syn5759470","tps://dx.doi.org/10.7303/syn5759470 This work was supported"
"2663","16","pmc:PMC6142899","syn8228304","ww.synapse.org/#!Synapse:syn8228304/wiki/413428 6 Barfeld SJ"
"2664","16","pmc:PMC6143918","syn6156761","ww.synapse.org/#!Synapse:syn6156761/wiki/400659 . Challenge"
"2665","16","pmc:PMC6143918","syn6156761","ww.synapse.org/#!Synapse:syn6156761/wiki/400647 . Software a"
"2666","16","pmc:PMC6157051","syn2177211","ww.synapse.org/#!Synapse:syn2177211 . Prediction-by-submissi"
"2667","16","pmc:PMC6157969","syn12034263","https://doi.org/10.7303/syn12034263 ) and through a browser"
"2668","16","pmc:PMC6160384","syn1356421","ww.synapse.org/#!Synapse:syn1356421 ), along with the curren"
"2669","16","pmc:PMC6167176","syn5550404","D and 80 control brains (syn5550404). 16 The PD cohort inclu"
"2670","16","pmc:PMC6172707","syn16816734","ww.synapse.org/#!Synapse:syn16816734/wiki/583834 ; 10.7303/sy"
"2671","16","pmc:PMC6172707","syn16816734","34/wiki/583834 ; 10.7303/syn16816734). All raw proteomic data"
"2672","16","pmc:PMC6172707","syn2580853","apse Web Portal (10.7303/syn2580853) in accordance with data"
"2673","16","pmc:PMC6181645","syn3388564","https://doi.org/10.7303/syn3388564 ; ROSMAP ChIP-seq: https"
"2674","16","pmc:PMC6181645","syn4896408","https://doi.org/10.7303/syn4896408 ; and Drosophila RNA-seq"
"2675","16","pmc:PMC6181645","syn7274101",": https://doi.org/107303/syn7274101 . Additional data from t"
"2676","16","pmc:PMC6183329","syn7059574",".synapse.org/ – !Synapse:syn7059574). From analysis of 25 he"
"2677","16","pmc:PMC6186128","syn2787209","ww.synapse.org/#!Synapse:syn2787209/wiki/70351 ). Code used"
"2678","16","pmc:PMC6187226","syn2580853","ww.synapse.org/#!Synapse:syn2580853 ) (Yu et al., 2018 ). Th"
"2679","16","pmc:PMC6189192","syn2634742","from Synapse (Synapse ID syn2634742). The data hosted under"
"2680","16","pmc:PMC6190665","syn5049298","edge Portal (synapse ID: syn5049298; syn3163039) [ 19 ]. Lib"
"2681","16","pmc:PMC6190665","syn3163039","(synapse ID: syn5049298; syn3163039) [ 19 ]. Libraries were"
"2682","16","pmc:PMC6190665","syn5550404","edge Portal (doi:10.7303/syn5550404). Authors’ contributions"
"2683","16","pmc:PMC6197044","syn3034894","ww.synapse.org/#!Synapse:syn3034894/wiki/74418 Ellert et al."
"2684","16","pmc:PMC6208732","syn2580853","nowledge portal (10.7303/syn2580853) and entitled as Mayo RN"
"2685","16","pmc:PMC6208732","syn6090813","ed as Mayo RNASeq study (syn6090813). All subjects were Nort"
"2686","16","pmc:PMC6208732","syn9637748","ata were downloaded from syn9637748, and the Synapse ID of t"
"2687","16","pmc:PMC6208732","syn9782771","protein ID and TCX ID is syn9782771. Methodological details"
"2688","16","pmc:PMC6210054","syn1741407","ded the GO from Synapse (syn1741407) and defined these GO‐te"
"2689","16","pmc:PMC6210054","syn1741407","downloaded from Synapse (syn1741407) using a hypergeometric"
"2690","16","pmc:PMC6219008","syn5612998","ww.synapse.org/#!Synapse:syn5612998 . Accessed 5 Apr 2017. 3"
"2691","16","pmc:PMC6219177","syn12628575","Submission (Synapse IDs syn12628575, syn12628576, and syn126"
"2692","16","pmc:PMC6219177","syn12628576","Synapse IDs syn12628575, syn12628576, and syn12628577 for IS1"
"2693","16","pmc:PMC6219177","syn12628577","628575, syn12628576, and syn12628577 for IS1-IS3, respectivel"
"2694","16","pmc:PMC6219177","syn2354306","round truth; Synapse IDs syn2354306, syn2399959, and syn2485"
"2695","16","pmc:PMC6219177","syn2399959","Synapse IDs syn2354306, syn2399959, and syn2485207 for IS1-"
"2696","16","pmc:PMC6219177","syn2485207","2354306, syn2399959, and syn2485207 for IS1-IS3, respectivel"
"2697","16","pmc:PMC6219177","syn4588939","ww.synapse.org/#!Synapse:syn4588939/wiki/233672 . Accessed 2"
"2698","16","pmc:PMC6223043","syn3219045","ww.synapse.org/#!Synapse:syn3219045 . Further normalization"
"2699","16","pmc:PMC6223043","syn3219045","pse archive (accession # syn3219045). c SNP rs107251 is asso"
"2700","16","pmc:PMC6223043","syn3219045","ww.synapse.org/#!Synapse:syn3219045 Ethics approval and cons"
"2701","16","pmc:PMC6224120","syn1720047","ww.synapse.org/#!Synapse:syn1720047/wiki/55342 . 20 Hill SM"
"2702","16","pmc:PMC6224529","syn7343873","hese tumours (Accession: syn7343873) and ECM-up and -down sc"
"2703","16","pmc:PMC6224529","syn7214402","rom the MC3 MAF (Synapse:syn7214402) 45 . An ovarian cancer"
"2704","16","pmc:PMC6224529","syn7214402","mutation calls (Synapse:syn7214402) to define variants and"
"2705","16","pmc:PMC6224529","syn7343873","apse.org ) at accessions syn7343873, syn4311114, syn4303551"
"2706","16","pmc:PMC6224529","syn4311114","t accessions syn7343873, syn4311114, syn4303551 and syn72144"
"2707","16","pmc:PMC6224529","syn4303551","syn7343873, syn4311114, syn4303551 and syn7214402. Single-c"
"2708","16","pmc:PMC6224529","syn7214402","n4311114, syn4303551 and syn7214402. Single-cell RNA-seq and"
"2709","16","pmc:PMC6232942","syn2787209","ww.synapse.org/#!Synapse:syn2787209/wiki/70349 Supplementary"
"2710","16","pmc:PMC6244184","syn9993525","ww.synapse.org/#!Synapse:syn9993525 . Detailed information a"
"2711","16","pmc:PMC6244184","syn5592519","ww.synapse.org/#!Synapse:syn5592519 . Input raw LC-MS mass s"
"2712","16","pmc:PMC6244184","syn9993525","ww.synapse.org/#!Synapse:syn9993525 . To access the ADNI dat"
"2713","16","pmc:PMC6244184","syn10495782","ttp://dx.doi.org/10.7303/syn10495782.1 Sage Bionetworks 2017"
"2714","16","pmc:PMC6244184","syn10495771","ttp://dx.doi.org/10.7303/syn10495771.1 Sage Bionetworks 2017"
"2715","16","pmc:PMC6244184","syn10495758","ttp://dx.doi.org/10.7303/syn10495758.2 Sage Bionetworks 2017"
"2716","16","pmc:PMC6244184","syn10208594","ttp://dx.doi.org/10.7303/syn10208594.1 We thank Lisa Howerton"
"2717","16","pmc:PMC6244209","syn7222066","ww.synapse.org/#!Synapse:syn7222066/wiki/410922 • Verificati"
"2718","16","pmc:PMC6249224","syn7818379","osited under synapse ID: syn7818379 . Competing interests J."
"2719","16","pmc:PMC6275460","syn10638370","lable under: doi:10.7303/syn10638370.1 (JB409847.filtered.bed"
"2720","16","pmc:PMC6275460","syn10638494","ltered.bed), doi:10.7303/syn10638494.1 (JB409847.filtered.bed"
"2721","16","pmc:PMC6275460","syn10638487","ed.bed), and doi:10.7303/syn10638487.1 (S_pombe.filtered.bed)"
"2722","16","pmc:PMC6275460","syn10638477","d in Fig. 6 (doi:10.7303/syn10638477.1). The datasets are als"
"2723","16","pmc:PMC6275460","syn10638358","available on doi:10.7303/syn10638358. We also provide recipes"
"2724","16","pmc:PMC6275460","syn10638358","//dx.doi.org/doi:10.7303/syn10638358 . 2017 . 30. Percival DB"
"2725","16","pmc:PMC6289083","syn11967914","ww.synapse.org/#!Synapse:syn11967914 ) and from their cosine"
"2726","16","pmc:PMC6289083","syn11967914","ww.synapse.org/#!Synapse:syn11967914 ). Amplicon analysis of"
"2727","16","pmc:PMC6293323","syn5550404","lear palsy (PSP) brains (syn5550404) 24 . Brain samples used"
"2728","16","pmc:PMC6293323","syn5550404","PSP and control brains (syn5550404) 23 , 24 . After convert"
"2729","16","pmc:PMC6293323","syn5550404","ww.synapse.org/#!Synapse:syn5550404 ; Mount Sinai Brain Bank"
"2730","16","pmc:PMC6293323","syn3157743","ww.synapse.org/#!Synapse:syn3157743 ; The Knight-ADRC: https"
"2731","16","pmc:PMC6293323","syn12181323","ww.synapse.org/#!Synapse:syn12181323 . According to the data"
"2732","16","pmc:PMC6299394","syn1461159","te ( http://synapse.org ;syn1461159). RNA-Seq analysis was c"
"2733","16","pmc:PMC6303286","syn8367000","ttps://www.synapse.org , syn8367000). Competing interests Th"
"2734","16","pmc:PMC6303945","syn3388564","Consortium (doi:10.7303/syn3388564). Genes with at least 1"
"2735","16","pmc:PMC6303945","syn11711769","vailable at doi: 10.7303/syn11711769. Construction of GJA1 ce"
"2736","16","pmc:PMC6303945","syn3159438","are available at 10.7303/syn3159438, 10.7303/syn7392158, 10."
"2737","16","pmc:PMC6303945","syn7392158","7303/syn3159438, 10.7303/syn7392158, 10.7303/syn3157743, 10."
"2738","16","pmc:PMC6303945","syn3157743","7303/syn7392158, 10.7303/syn3157743, 10.7303/syn4645334, 10."
"2739","16","pmc:PMC6303945","syn4645334","7303/syn3157743, 10.7303/syn4645334, 10.7303/syn10901600 and"
"2740","16","pmc:PMC6303945","syn10901600","7303/syn4645334, 10.7303/syn10901600 and 10.7303/syn5759470."
"2741","16","pmc:PMC6303945","syn5759470","/syn10901600 and 10.7303/syn5759470. The RNA-seq data from t"
"2742","16","pmc:PMC6303945","syn11711769","are available at 10.7303/syn11711769. Competing interests The"
"2743","16","pmc:PMC6305147","syn1688369","ww.synapse.org/#!Synapse:syn1688369/wiki/27311 ), and TCGA d"
"2744","16","pmc:PMC6305300","syn15623112","D 15623112, doi: 10.7303/syn15623112 ; Banner Synapse ID 7170"
"2745","16","pmc:PMC6305300","syn7170616","ID 7170616, doi: 10.7303/syn7170616 ). Protein Filtering and"
"2746","16","pmc:PMC6305300","syn15623112","ebsite with doi: 10.7303/syn15623112 , accessible via the URL"
"2747","16","pmc:PMC6305300","syn15623112","ww.synapse.org/#!Synapse:syn15623112 . Banner RAW data and fu"
"2748","16","pmc:PMC6305300","syn7170616","ebsite with doi: 10.7303/syn7170616 , accessible via the URL"
"2749","16","pmc:PMC6305300","syn7170616","ww.synapse.org/#!Synapse:syn7170616 . Software is available"
"2750","16","pmc:PMC6309067","syn4566010","udes EpiMap (doi:10.7303/syn4566010), CNON (doi:10.7303/syn4"
"2751","16","pmc:PMC6309067","syn4590897","6010), CNON (doi:10.7303/syn4590897) and Yale-ASD (doi:10.73"
"2752","16","pmc:PMC6309067","syn4566141","nd Yale-ASD (doi:10.7303/syn4566141) for different types of"
"2753","16","pmc:PMC6310674","syn4921369","ww.synapse.org/#!Synapse:syn4921369/wiki ) aims to accelerat"
"2754","16","pmc:PMC6311035","syn2825394","ww.synapse.org/#!Synapse:syn2825394/files/ , https://www.syn"
"2755","16","pmc:PMC6311035","syn2853594","ww.synapse.org/#!Synapse:syn2853594/files/ , https://www.syn"
"2756","16","pmc:PMC6311035","syn3049712","ww.synapse.org/#!Synapse:syn3049712/files/ , and http://geno"
"2757","16","pmc:PMC6315597","syn1710466","https://doi.org/10.7303/syn1710466.2 , which were estimated"
"2758","16","pmc:PMC6323985","syn6131484","ww.synapse.org/#!Synapse:syn6131484/wiki/ ). However, a huge"
"2759","16","pmc:PMC6327544","syn6131484","ww.synapse.org/#!Synapse:syn6131484 ) aimed at assessing the"
"2760","16","pmc:PMC6327544","syn6131484","ww.synapse.org/#!Synapse:syn6131484/wiki/405275 ), we focus"
"2761","16","pmc:PMC6327544","syn6131484","ww.synapse.org/#!Synapse:syn6131484/wiki/405275 ). As a resu"
"2762","16","pmc:PMC6327544","syn11526239","ww.synapse.org/#!Synapse:syn11526239 (doi:10.7303/syn11526239"
"2763","16","pmc:PMC6327544","syn11526239","syn11526239 (doi:10.7303/syn11526239). To get an impression o"
"2764","16","pmc:PMC6327544","syn7104742","ww.synapse.org/#!Synapse:syn7104742/wiki/407367 ). In this p"
"2765","16","pmc:PMC6327544","syn6131484","ww.synapse.org/#!Synapse:syn6131484/wiki/402033 ): The raw s"
"2766","16","pmc:PMC6327544","syn8009967","ilable under DOI 10.7303/syn8009967 [ 55 ] including a brief"
"2767","16","pmc:PMC6327544","syn6131484","ynapse under DOI 10.7303/syn6131484 [ 92 ], requiring regist"
"2768","16","pmc:PMC6327544","syn11526239","ynapse under DOI 10.7303/syn11526239 [ 93 ]. Authors’ contrib"
"2769","16","pmc:PMC6327544","syn8009967","J-Team. Synapse. 10.7303/syn8009967. https://www.synapse.org"
"2770","16","pmc:PMC6327544","syn8009967","ww.synapse.org/#!Synapse:syn8009967/wiki/412123 . Accessed 5"
"2771","16","pmc:PMC6327544","syn6131484","llenge. Synapse. 10.7303/syn6131484. https://www.synapse.org"
"2772","16","pmc:PMC6327544","syn6131484","ww.synapse.org/#!Synapse:syn6131484/wiki/402026 . Accessed 5"
"2773","16","pmc:PMC6327544","syn11526239","types. Synapse. 10.7303/syn11526239. https://www.synapse.org"
"2774","16","pmc:PMC6327544","syn11526239","ww.synapse.org/#!Synapse:syn11526239/wiki/497341 . Accessed 5"
"2775","16","pmc:PMC6342918","syn4590909","se with accession number syn4590909) within the PsychENCODE"
"2776","16","pmc:PMC6342918","syn5909000","ww.synapse.org/#!Synapse:syn5909000 . Probe-selection versio"
"2777","16","pmc:PMC6342918","syn5909000","ww.synapse.org/#!Synapse:syn5909000 . Filtering consensus si"
"2778","16","pmc:PMC6344502","syn1688369","ww.synapse.org/#!Synapse:syn1688369 was employed as training"
"2779","16","pmc:PMC6345440","syn3582761","ww.synapse.org/#!Synapse:syn3582761 ). From the digital whol"
"2780","16","pmc:PMC6345810","syn3219045","ww.synapse.org/#!Synapse:syn3219045 ) [10.7303/syn3219045]."
"2781","16","pmc:PMC6345810","syn3219045","se:syn3219045 ) [10.7303/syn3219045]. A reporting summary fo"
"2782","16","pmc:PMC6347199","syn11310744","atform (with Synapse ID: syn11310744) [ 32 ]. We performed th"
"2783","16","pmc:PMC6354244","syn2580853","ww.synapse.org/#!Synapse:syn2580853 ) upon authentication by"
"2784","16","pmc:PMC6354244","syn4923029","ww.synapse.org/#!Synapse:syn4923029 . Supplementary Material"
"2785","16","pmc:PMC6354244","syn4923029","ww.synapse.org/#!Synapse:syn4923029 . Data were generated as"
"2786","16","pmc:PMC6354244","syn2580853","ww.synapse.org/#!Synapse:syn2580853/wiki/409844 ; CommonMind"
"2787","16","pmc:PMC6354244","syn2759792","ww.synapse.org/#!Synapse:syn2759792/wiki/69613 ; IGAP GWAS s"
"2788","16","pmc:PMC6360811","syn6131484","ww.synapse.org/#!Synapse:syn6131484/wiki/ ; accessed Februar"
"2789","16","pmc:PMC6360811","syn6131484","ww.synapse.org/#!Synapse:syn6131484/wiki/402033 ; accessed F"
"2790","16","pmc:PMC6360811","syn6131484","ww.synapse.org/#!Synapse:syn6131484/wiki/402032 ; accessed F"
"2791","16","pmc:PMC6360811","syn6112317","ww.synapse.org/#!Synapse:syn6112317 (the ENCODE-DREAM challe"
"2792","16","pmc:PMC6372563","syn17016211","https://doi.org/10.7303/syn17016211 . Strain-averaged behavi"
"2793","16","pmc:PMC6373434","syn17413894","ry with accession number syn17413894 (DOI: 10.7303/syn1741389"
"2794","16","pmc:PMC6373434","syn17413894","yn17413894 (DOI: 10.7303/syn17413894.1 ) ( https://www.synaps"
"2795","16","pmc:PMC6373434","syn17413894","ww.synapse.org/#!Synapse:syn17413894/tables/ ). Supplemental"
"2796","16","pmc:PMC6374416","syn7214402","CGA MC3 project (10.7303/syn7214402), a variant calling proj"
"2797","16","pmc:PMC6374416","syn7214402","s (MC3) project (10.7303/syn7214402), and TumorFusions data"
"2798","16","pmc:PMC6375307","syn4921369","w.synapse.org//#!Synapse:syn4921369/wiki/235539 ). Fastq fil"
"2799","16","pmc:PMC6375605","syn2790911","ww.synapse.org/#!Synapse:syn2790911/wiki/235389 ), a part of"
"2800","16","pmc:PMC6375605","syn17021321","s as follows—doi:10.7303/syn17021321, or it can be accessed f"
"2801","16","pmc:PMC6375605","syn17021321","ww.synapse.org/#!Synapse:syn17021321 . Six variables that wer"
"2802","16","pmc:PMC6380223","syn11701218","tion process ( Fig. 1 ) (syn11701218, Data Citation 1). Liqui"
"2803","16","pmc:PMC6380223","syn11701290","ylation) ( Figs 2 , 3 ) (syn11701290 and syn11701291, Data Ci"
"2804","16","pmc:PMC6380223","syn11701291","2 , 3 ) (syn11701290 and syn11701291, Data Citation 1). Neura"
"2805","16","pmc:PMC6380223","syn11701292","e A (HMG-CoA) reductase (syn11701292, syn11701293, syn1170129"
"2806","16","pmc:PMC6380223","syn11701293","reductase (syn11701292, syn11701293, syn11701294, Data Citat"
"2807","16","pmc:PMC6380223","syn11701294","yn11701292, syn11701293, syn11701294, Data Citation 1). Both"
"2808","16","pmc:PMC6380223","syn11691420","culture ( Figs 5 – 9 ) (syn11691420, Data Citation 1). Chang"
"2809","16","pmc:PMC6380223","syn11725079","l replicates ( Fig. 5 ) (syn11725079, syn11701318, Data Citat"
"2810","16","pmc:PMC6380223","syn11701318","( Fig. 5 ) (syn11725079, syn11701318, Data Citation 1). Kenpa"
"2811","16","pmc:PMC6380223","syn11725205","withdrawal ( Fig. 10 ) (syn11725205, Data Citation 1). These"
"2812","16","pmc:PMC6380223","syn11701215","Number 90406) as shown (syn11701215, Data Citation 1). TMT l"
"2813","16","pmc:PMC6380223","syn11701219","ns are shown in Synapse (syn11701219, Data Citation 1). Plate"
"2814","16","pmc:PMC6380223","syn11691420","available for download (syn11691420, Data Citation 1). Cell"
"2815","16","pmc:PMC6380223","syn12578559","uronal gene set library (syn12578559, Data Citation 1) was cu"
"2816","16","pmc:PMC6380223","syn11691421","sence of growth factors (syn11691421, Data Citation 1), and ("
"2817","16","pmc:PMC6380223","syn11691420","fluorescence microscopy (syn11691420, Data Citation 1). All d"
"2818","16","pmc:PMC6380223","syn11667815","ided in this repository (syn11667815, Data Citation 1). In ad"
"2819","16","pmc:PMC6380223","syn11701290","teomics data ( Fig. 2 ) (syn11701290, Data Citation 1) compri"
"2820","16","pmc:PMC6380223","syn11701290","s clusters as indicated (syn11701290, Data Citation 1, see co"
"2821","16","pmc:PMC6380223","syn11701291","teomics data ( Fig. 3 ) (syn11701291, Data Citation 1) involv"
"2822","16","pmc:PMC6380223","syn12560131","ion datasets ( Fig. 4 ) (syn12560131, Data Citation 1) report"
"2823","16","pmc:PMC6380223","syn11701292","nclude 2 μM kenpaullone (syn11701292, Data Citation 1), 2 μM"
"2824","16","pmc:PMC6380223","syn11701293","ion 1), 2 μM mevastatin (syn11701293, Data Citation 1)) or a"
"2825","16","pmc:PMC6380223","syn11701294","or a DMSO-only control (syn11701294, Data Citation 1). Data"
"2826","16","pmc:PMC6380223","syn11691420","ing Microscopy datasets (syn11691420, Data Citation 1) compri"
"2827","16","pmc:PMC6380223","syn11725079","ctrometry ( Fig. 5a–c ) (syn11725079, Data Citation 1), as we"
"2828","16","pmc:PMC6380223","syn11725208","nly control ( Fig. 10 ) (syn11725208, Data Citation 1), cells"
"2829","16","pmc:PMC6380223","syn11725209","kenpaullone ( Fig. 10 ) (syn11725209, Data Citation 1) and ce"
"2830","16","pmc:PMC6380223","syn11725210","mevastatin ( Fig. 10 ) (syn11725210, Data Citation 1). Immun"
"2831","16","pmc:PMC6380223","syn11701318","r with 2 μM kenpaullone (syn11701318, Data Citation 1). Metad"
"2832","16","pmc:PMC6380223","syn17023698","criptor_worksheet.xlsx” (syn17023698, Data Citation 1) for a"
"2833","16","pmc:PMC6380223","syn17052375","gures. Refer to Synapse (syn17052375, Data Citation 1) for me"
"2834","16","pmc:PMC6380223","syn11701318","P8 or P10) ( Fig. 5d ) (syn11701318, Data Citation 1). We fo"
"2835","16","pmc:PMC6380223","syn11701318","development ( Fig. 5d ) (syn11701318, Data Citation 1). Immun"
"2836","16","pmc:PMC6380223","syn12560131","treated cells; Fig. 4 ) (syn12560131, Data Citation 1). Molec"
"2837","16","pmc:PMC6380223","syn11701290","fell again ( Fig. 2c ) (syn11701290, Data Citation 1). Diffe"
"2838","16","pmc:PMC6380223","syn11701291","and stathmin 39 , 40 ) (syn11701291, Data Citation 1). Using"
"2839","16","pmc:PMC6380223","syn12560131","d sooner (see Fig. 4d ) (syn12560131, Data Citation 1). This"
"2840","16","pmc:PMC6380223","syn11667815","pse Song Y. 2018 10.7303/syn11667815 PRIDE Synapse Berberich"
"2841","16","pmc:PMC6391370","syn4587609","ww.synapse.org/#!Synapse:syn4587609 . Github: https://github"
"2842","16","pmc:PMC6391789","syn6131484","ww.synapse.org/#!Synapse:syn6131484/wiki/405275 ). This scor"
"2843","16","pmc:PMC6397174","syn2759792","ww.synapse.org/#!Synapse:syn2759792 ; for AMP-AD Knowledge P"
"2844","16","pmc:PMC6397174","syn2580853","ww.synapse.org/#!Synapse:syn2580853 ; for Rush Alzheimer’s D"
"2845","16","pmc:PMC6397174","syn2759792","ww.synapse.org/#!Synapse:syn2759792 . RNA-seq and genotype d"
"2846","16","pmc:PMC6397174","syn2580853","ww.synapse.org/#!Synapse:syn2580853 . The precomputed DLFPC"
"2847","16","pmc:PMC6397465","syn17114770","omeModel ) (DOI: 10.7303/syn17114770) [ 76 ]. Instructions fo"
"2848","16","pmc:PMC6397465","syn17114770",". Synapse. 2019. 10.7303/syn17114770 Available from: http://s"
"2849","16","pmc:PMC6404283","syn1710678","available in Synapse at syn1710678. We used the copy number"
"2850","16","pmc:PMC6404283","syn2468297","ww.synapse.org/#!Synapse:syn2468297 ). Protein expression da"
"2851","16","pmc:PMC6404283","syn2468297","ww.synapse.org/#!Synapse:syn2468297/ . Accessed 12 Oct 2015."
"2852","16","pmc:PMC6408438","syn4976363","ww.synapse.org/#!Synapse:syn4976363 ). Graphpad Prism was us"
"2853","16","pmc:PMC6415672","syn11415602","ww.synapse.org/#!Synapse:syn11415602 ). Supplementary table 1"
"2854","16","pmc:PMC6417805","syn8228304","ww.synapse.org/#!Synapse:syn8228304/wiki/413428 . 19. Ramíre"
"2855","16","pmc:PMC6417805","syn11522015","ww.synapse.org/#!Synapse:syn11522015/wiki/496744 ."
"2856","16","pmc:PMC6421703","syn2133309","ww.synapse.org/#!Synapse:syn2133309 ) and REMBRANDT (GSE6109"
"2857","16","pmc:PMC6421703","syn2133309","ww.synapse.org/#!Synapse:syn2133309 ). The processed REMBRAN"
"2858","16","pmc:PMC6423721","syn1710282","ww.synapse.org/#!Synapse:syn1710282 ). These tumor types hav"
"2859","16","pmc:PMC6423721","syn1710286","iang H ( 2014b ) Synapse syn1710286 . ( https://www.synapse."
"2860","16","pmc:PMC6423721","syn1710286","ww.synapse.org/#!Synapse:syn1710286 ) Yuan Y , Van Allen EM"
"2861","16","pmc:PMC6423721","syn1710311","iang H ( 2014c ) Synapse syn1710311 . ( https://www.synapse."
"2862","16","pmc:PMC6423721","syn1710311","org/Portal.html#!Synapse:syn1710311 ) Yuan Y , Van Allen EM"
"2863","16","pmc:PMC6423721","syn1710365","iang H ( 2014d ) Synapse syn1710365 . ( https://www.synapse."
"2864","16","pmc:PMC6423721","syn1710365","org/Portal.html#!Synapse:syn1710365 ) Yuan Y , Van Allen EM"
"2865","16","pmc:PMC6423721","syn1710377","iang H ( 2014e ) Synapse syn1710377 . ( https://www.synapse."
"2866","16","pmc:PMC6423721","syn1710377","org/Portal.html#!Synapse:syn1710377 ) Yuan Y , Van Allen EM"
"2867","16","pmc:PMC6423721","syn1748545","iang H ( 2014f ) Synapse syn1748545 . ( https://www.synapse."
"2868","16","pmc:PMC6423721","syn1748545","org/Portal.html#!Synapse:syn1748545 )"
"2869","16","pmc:PMC6424898","syn6156761","ww.synapse.org/#!Synapse:syn6156761/wiki/400645 Funding. Thi"
"2870","16","pmc:PMC6438700","syn12299750","napse.org : doi: 10.7303/syn12299750 . Processed data (gene,"
"2871","16","pmc:PMC6438700","syn12299750","ynapse.org at accession: syn12299750 (doi: 10.7303/syn1229975"
"2872","16","pmc:PMC6438700","syn12299750","yn12299750 (doi: 10.7303/syn12299750 ). Links to processed da"
"2873","16","pmc:PMC6438764","syn12299750","accession: doi: 10.7303/syn12299750 . Processed data (gene,"
"2874","16","pmc:PMC6449883","syn2787209","ww.synapse.org/#!Synapse:syn2787209/wiki/70351 . The interac"
"2875","16","pmc:PMC6452645","syn4224222","www.synapse.org/#Synapse:syn4224222 ) is devoted to online c"
"2876","16","pmc:PMC6453881","syn7170616","ww.synapse.org/#!Synapse:syn7170616 and https://www.synapse."
"2877","16","pmc:PMC6453881","syn3606086","ww.synapse.org/#!Synapse:syn3606086 ) and Supplementary Data"
"2878","16","pmc:PMC6453881","syn3606086","ww.synapse.org/#!Synapse:syn3606086 . Source data underlying"
"2879","16","pmc:PMC6462028","syn2910256","ww.synapse.org/#!Synapse:syn2910256 . Within each species, w"
"2880","16","pmc:PMC6467886","syn2486658","450 platforms analysis (#syn2486658)), genomic copy number a"
"2881","16","pmc:PMC6468198","syn2623706","apse ( www.synapse.org ; syn2623706). Correlations between N"
"2882","16","pmc:PMC6472350","syn11269541","ww.synapse.org/#!Synapse:syn11269541/tables/ Activity state b"
"2883","16","pmc:PMC6472350","syn16782062","ww.synapse.org/#!Synapse:syn16782062/tables/ Data entries fro"
"2884","16","pmc:PMC6472350","syn16782061","ww.synapse.org/#!Synapse:syn16782061/tables/ Day 1 Daily 626"
"2885","16","pmc:PMC6472350","syn16782060","ww.synapse.org/#!Synapse:syn16782060/tables/ Data entries fro"
"2886","16","pmc:PMC6472350","syn11269541","chKit. Synapse , 10.7303/syn11269541 (2018). 21. Derry JMJ De"
"2887","16","pmc:PMC6475176","syn2790911","w.synapse.org/ #!Synapse:syn2790911/wiki/235387). Neuroimagi"
"2888","16","pmc:PMC6484273","syn2580853","ease AMP-AD (doi:10.7303/syn2580853, doi:10.1038/ng.305, doi"
"2889","16","pmc:PMC6484273","syn3157225","23 (13/10) 11 (7/4) AMP syn3157225 ([ 78 ]) Illumina Whole-"
"2890","16","pmc:PMC6484273","syn4552659","(87/82) 171 (113/58) AMP syn4552659 ([ 79 ]) Affymetrix Huma"
"2891","16","pmc:PMC6484273","syn4552659","be 25 (7/18) 6 (3/3) AMP syn4552659 ([ 79 ]) Affymetrix Huma"
"2892","16","pmc:PMC6484273","syn4552659","nalysis identified study syn4552659 as an outlier and was th"
"2893","16","pmc:PMC6487914","syn4993293","in Synapse (doi:10.7303/syn4993293). Due to the confidentia"
"2894","16","pmc:PMC6494440","syn2580853","ww.synapse.org/#!Synapse:syn2580853 ) upon authentication by"
"2895","16","pmc:PMC6494440","syn10378730","e.org , accession number syn10378730) in accordance with data"
"2896","16","pmc:PMC6505298","syn3157743","ww.synapse.org/#!Synapse:syn3157743 ]. The parahippocampal g"
"2897","16","pmc:PMC6506796","syn6131484","ww.synapse.org/#!Synapse:syn6131484/wiki/402026 (accessed: 1"
"2898","16","pmc:PMC6513962","syn2580853","ww.synapse.org/#!Synapse:syn2580853/wiki/66722 ) program com"
"2899","16","pmc:PMC6513962","syn2580853","//dx.doi.org/doi.10.7303/syn2580853 . The RNA-seq expression"
"2900","16","pmc:PMC6513962","syn2580853","edgePortal (doi: 10.7303/syn2580853) (see Doc S1 for a full"
"2901","16","pmc:PMC6516162","syn8612213","ets from the cerebellum (syn8612213) and frontal cortex (Bai"
"2902","16","pmc:PMC6516162","syn5049298","ww.synapse.org/#!Synapse:syn5049298 ). The downloaded datase"
"2903","16","pmc:PMC6516162","syn8612213","AMP‐AD knowledge portal (syn8612213) ( https://www.synapse.o"
"2904","16","pmc:PMC6516162","syn5049298","ww.synapse.org/#!Synapse:syn5049298 ). Only poly (A) + enric"
"2905","16","pmc:PMC6516162","syn10239444","from the Synapse portal (syn10239444) (Ping et al., 2018 ). I"
"2906","16","pmc:PMC6516529","syn3388564","d from Synapse (Synapse: syn3388564). RNA-seq data generatio"
"2907","16","pmc:PMC6516529","syn3505732","ble at Synapse (Synapse: syn3505732) instead of the isoform-"
"2908","16","pmc:PMC6516529","syn3157275","d from Synapse (Synapse: syn3157275). Data generation and pr"
"2909","16","pmc:PMC6516529","syn3157225","d from Synapse (Synapse: syn3157225) 21 , 55 . Individuals w"
"2910","16","pmc:PMC6516529","syn4896408","ited at Synapse (Synape: syn4896408). Mouse H3K9ac ChIP-seq"
"2911","16","pmc:PMC6516529","syn4896408","cession Codes Synapse ID syn4896408, GEO accession numbers G"
"2912","16","pmc:PMC6517386","syn12278085","ww.synapse.org/#!Synapse:syn12278085 ). In total, this datase"
"2913","16","pmc:PMC6520398","syn18403108",") under accession number syn18403108 . The source data underl"
"2914","16","pmc:PMC6528256","syn3275221",") of autosomes (Synapse: syn3275221) and RNA-seq data (BAM f"
"2915","16","pmc:PMC6528256","syn4923029","ere downloaded (Synapse: syn4923029) using the Synapse comma"
"2916","16","pmc:PMC6528256","syn2759792","ww.synapse.org/#!Synapse:syn2759792/wiki/69613 ). The mapped"
"2917","16","pmc:PMC6528256","syn4923029","ww.synapse.org/#!Synapse:syn4923029 ) with corresponding gen"
"2918","16","pmc:PMC6528256","syn3275221","ww.synapse.org/#!Synapse:syn3275221 ) that support the findi"
"2919","16","pmc:PMC6528256","syn2759792","ww.synapse.org/#!Synapse:syn2759792 ), but restrictions appl"
"2920","16","pmc:PMC6529540","syn4874178","edge Portal (Synapse ID: syn4874178 [ https://www.synapse.or"
"2921","16","pmc:PMC6529540","syn4874178","ww.synapse.org/#!Synapse:syn4874178 ]). Reference cytosine s"
"2922","16","pmc:PMC6529540","syn4921369","ww.synapse.org/#!Synapse:syn4921369 ; MetaCore ; CIBERSORT:"
"2923","16","pmc:PMC6537750","syn3219045","ww.synapse.org/#!Synapse:syn3219045 . Experimental design an"
"2924","16","pmc:PMC6546784","syn4921369","w.synapse.org//#!Synapse:syn4921369/wiki/ 390671 and the Psy"
"2925","16","pmc:PMC6550152","syn17114082","ww.synapse.org/#!Synapse:syn17114082/files/ . Competing inter"
"2926","16","pmc:PMC6556990","syn4228911","REAM Challenge writeup - syn4228911 . Reference Source 13 Sc"
"2927","16","pmc:PMC6556990","syn2813558","Cancer DREAM Challenge - syn2813558 . 2015 Reference Source"
"2928","16","pmc:PMC6557985","syn14237651","ne through Synapse (ID # syn14237651). Technical details desc"
"2929","16","pmc:PMC6557985","syn14237651","ww.synapse.org/#!Synapse:syn14237651 ). The resulting dataset"
"2930","16","pmc:PMC6557985","syn14237651",".synapse.org under entry syn14237651. CBE, Cerebellum; DLPFC,"
"2931","16","pmc:PMC6557985","syn14237651","nic Brain Bank Data (see syn14237651 for additional details);"
"2932","16","pmc:PMC6557985","syn14237651","ai Brain Bank study (see syn14237651 for additional details);"
"2933","16","pmc:PMC6557985","syn14237651","Aging Project study (see syn14237651 for additional details);"
"2934","16","pmc:PMC6572829","syn4231880","ww.synapse.org/#!Synapse:syn4231880/wiki/235649 ]). Fig. 3 P"
"2935","16","pmc:PMC6579635","syn330201810","ture.gouv.fr/IMG/pdf/conjsyn330201810avi.pdf Belshaw , R. H. H"
"2936","16","pmc:PMC6585382","syn4921369","synapse.org//#! Synapse: syn4921369/wiki/235539 Funded by th"
"2937","16","pmc:PMC6586895","syn4231880","ww.synapse.org/#!Synapse:syn4231880/wiki/411305 }. Our appro"
"2938","16","pmc:PMC6586895","syn5605365","ww.synapse.org/#!Synapse:syn5605365/wiki/394725 and https://"
"2939","16","pmc:PMC6586895","syn4231880","iction DREAM Challenge - syn4231880 (2015). 37. Iorio F A La"
"2940","16","pmc:PMC6590447","syn4978511","orks Synapse (identifier syn4978511). pCRCs in the Oslo seri"
"2941","16","pmc:PMC6598626","syn2759792",".synapse.org//# !Synapse:syn2759792/wiki/ (10 August 2017, d"
"2942","16","pmc:PMC6599633","syn2580853","ww.synapse.org/#!Synapse:syn2580853/wiki/409844 ) and the RU"
"2943","16","pmc:PMC6602064","syn7818788","ww.synapse.org/#!Synapse:syn7818788 . Human UPenn FTD Proteo"
"2944","16","pmc:PMC6602064","syn9884357","ww.synapse.org/#!Synapse:syn9884357 . Custom code used for t"
"2945","16","pmc:PMC6603853","syn5607581","ttps://www.synapse.org , syn5607581) from the CommonMind Con"
"2946","16","pmc:PMC6603853","syn5607581","E25673 ) [ 41 ] and CMC (syn5607581) [ 17 ] were used to plo"
"2947","16","pmc:PMC6606589","syn2580853","ww.synapse.org/#!Synapse:syn2580853/wiki/409840 ] by searchi"
"2948","16","pmc:PMC6612835","syn18097426","Differential expression syn18097426 250 Binary Membership ba"
"2949","16","pmc:PMC6612835","syn18097427","/females) Global network syn18097427 42 Numeric Features deri"
"2950","16","pmc:PMC6612835","syn18097424","n regions Module network syn18097424 66 Numeric Features deri"
"2951","16","pmc:PMC6612863","syn3049712","www.synapse.org/Synapse: syn3049712/wiki/74631 (30 August 20"
"2952","16","pmc:PMC6614444","syn3280809","napse public repository (syn3280809, doi: 10.7303/syn3280809"
"2953","16","pmc:PMC6614444","syn3280809","syn3280809, doi: 10.7303/syn3280809 )). The genotyping and i"
"2954","16","pmc:PMC6636101","syn2841366","ww.synapse.org/#!Synapse:syn2841366/wiki/71372. It is also i"
"2955","16","pmc:PMC6639121","syn8507133","ww.synapse.org/#!Synapse:syn8507133/wiki/415976 . 29. Kotlia"
"2956","16","pmc:PMC6642048","syn1734155","Available from: 10.7303/syn1734155.1 . 80 Subramanian A , T"
"2957","16","pmc:PMC6646046","syn5609493","ww.synapse.org/#!Synapse:syn5609493 ) 13 , in which RNA sequ"
"2958","16","pmc:PMC6656386","syn2580853","ww.synapse.org/#!Synapse:syn2580853/wiki/409840 . Accessed 2"
"2959","16","pmc:PMC6658518","syn2759792","ww.synapse.org/#!Synapse:syn2759792/wiki/69613 ]; for UCSC g"
"2960","16","pmc:PMC6659803","syn2623706","obtained from Synapse ID syn2623706 ( https://www.synapse.or"
"2961","16","pmc:PMC6670193","syn17104367","ww.synapse.org/#!Synapse:syn17104367 . (CSV 100,000 kb) Addit"
"2962","16","pmc:PMC6670193","syn17104250","ww.synapse.org/#!Synapse:syn17104250 . (CSV 219,000 kb) Publi"
"2963","16","pmc:PMC6670193","syn15623121","ww.synapse.org/#!Synapse:syn15623121 (doi:10.7303/syn15623121"
"2964","16","pmc:PMC6670193","syn15623121","syn15623121 (doi:10.7303/syn15623121). The Synapse project wi"
"2965","16","pmc:PMC6680062","syn11425758","w.synapse.org/#!Synapse: syn11425758 , accessed 23 June 2019)"
"2966","16","pmc:PMC6680062","syn11639899","9). Synapse DOI: 10.7303/syn11639899 and GitHub DOI: 10.5281/"
"2967","16","pmc:PMC6687152","syn2580853","accessed at doi:10.7303/syn2580853. Our results are reporte"
"2968","16","pmc:PMC6687785","syn18685536","e.org ) under Synapse ID syn18685536. Tumor purity estimates"
"2969","16","pmc:PMC6689600","syn3034857","onal Target Prediction - syn3034857. See https://www.synapse"
"2970","16","pmc:PMC6689600","syn3034857","ww.synapse.org/#!Synapse:syn3034857/wiki/74404 . 14 DREAM2 -"
"2971","16","pmc:PMC6689600","syn16221236","ww.synapse.org/#!Synapse:syn16221236 . 15 Klein U , Tu Y , St"
"2972","16","pmc:PMC6691444","syn4224222","w.synapse.org/#!Synapse: syn4224222/wiki/401744"
"2973","16","pmc:PMC6694132","syn3159435","ww.synapse.org/#!Synapse:syn3159435 (2015). 62. Schüpbach T"
"2974","16","pmc:PMC6697729","syn2623706","ww.synapse.org/#!Synapse:syn2623706/wiki/ ). More details ab"
"2975","16","pmc:PMC6700281","syn2759792","ww.synapse.org/#!Synapse:syn2759792/wiki/69613 Gene Ontology"
"2976","16","pmc:PMC6700527","syn18456348","n Synapse: (synapse.org) syn18456348. The final drug response"
"2977","16","pmc:PMC6700527","syn18478968","e 5 ) are under Synapse: syn18478968. The time course data (R"
"2978","16","pmc:PMC6700527","syn18478971","S5 ) are under Synapse: syn18478971. All technical and biolo"
"2979","16","pmc:PMC6700527","syn18475380","S6 ) are under Synapse: syn18475380. Supplementary Material"
"2980","16","pmc:PMC6703184","syn2580853","https://doi.org/10.7303/syn2580853 ). Supplementary Materia"
"2981","16","pmc:PMC6705791","syn2623706","ww.synapse.org/#!Synapse:syn2623706/wiki/ ) [ 40 ]. Out of 9"
"2982","16","pmc:PMC6715797","syn18081952","at Synapse.org, 10.7303/syn18081952, https://www.synapse.org"
"2983","16","pmc:PMC6715797","syn18081952","ww.synapse.org/#!Synapse:syn18081952/files/. Western blot ana"
"2984","16","pmc:PMC6715797","syn18081952","ww.synapse.org/#!Synapse:syn18081952/files/ . Competing Inter"
"2985","16","pmc:PMC6722117","syn2346643","ww.synapse.org/#!Synapse:syn2346643/wiki/62255 ). The GRAY p"
"2986","16","pmc:PMC6734281","syn5550404","ene expression datasets (syn5550404 [ 32 ], GSE5281 [ 33 ],"
"2987","16","pmc:PMC6734281","syn5550404","mentary Information. The syn5550404 dataset contains RNA-seq"
"2988","16","pmc:PMC6734281","syn2580853","ww.synapse.org/#!Synapse:syn2580853/wiki/409840 ). The GSE52"
"2989","16","pmc:PMC6734281","syn5550404","icly available datasets (syn5550404 [ 32 ], GSE5281 [ 33 ],"
"2990","16","pmc:PMC6734281","syn5550404","org/Portal.html#!Synapse:syn5550404 33. Liang WS Reiman EM V"
"2991","16","pmc:PMC6737052","syn9878922","ww.synapse.org/#!Synapse:syn9878922/files/ (10.7303/syn98789"
"2992","16","pmc:PMC6737052","syn9878922","n9878922/files/ (10.7303/syn9878922). The RNAseq data for th"
"2993","16","pmc:PMC6737052","syn10212437","ww.synapse.org/#!Synapse:syn10212437/files/ (10.7303/syn10212"
"2994","16","pmc:PMC6737052","syn10212437","10212437/files/ (10.7303/syn10212437). Competing Interests Th"
"2995","16","pmc:PMC6737594","syn18405991","ww.synapse.org/#!Synapse:syn18405991/wiki/589657 14. Ellrott"
"2996","16","pmc:PMC6739105","syn5609499","ww.synapse.org/#!Synapse:syn5609499 ) using Synapse Python c"
"2997","16","pmc:PMC6739105","syn2759792","ww.synapse.org/#!Synapse:syn2759792/wiki/69613 ). The normal"
"2998","16","pmc:PMC6741849","syn11801492","ww.synapse.org/#!Synapse:syn11801492 R/ Bayesian NMF Mutation"
"2999","16","pmc:PMC6744493","syn1688369","synapse.sagebase.org, ID syn1688369). The experimental proto"
"3000","16","pmc:PMC6744659","syn4977808","ww.synapse.org/#!Synapse:syn4977808 ). The copy number data"
"3001","16","pmc:PMC6750256","syn4587609","ttp://dx.doi.org/10.7303/syn4587609 ). Supplementary Materia"
"3002","16","pmc:PMC6750256","syn4587609","ttp://dx.doi.org/10.7303/syn4587609 ). Competing Interests S"
"3003","16","pmc:PMC6761727","syn5842535","under the accession code syn5842535 [ 55 ]. The homogenate R"
"3004","16","pmc:PMC6776068","syn3159438","ww.synapse.org/#!Synapse:syn3159438 ) and the .VCF file of W"
"3005","16","pmc:PMC6778520","syn20502314","ww.synapse.org/#!Synapse:syn20502314 ; additionally, we make"
"3006","16","pmc:PMC6778975","syn2580853","ww.synapse.org/#!Synapse:syn2580853/wiki/409840 The AMP-AD K"
"3007","16","pmc:PMC6789029","syn4993293","ribed in Synapse 10.7303/syn4993293. Author contributions Co"
"3008","16","pmc:PMC6789029","syn11623804","from Synapse at: 10.7303/syn11623804. To gain access to the m"
"3009","16","pmc:PMC6789029","syn4993293","ww.synapse.org/#!Synapse:syn4993293/wiki/247860 . This quali"
"3010","16","pmc:PMC6791127","syn7188631","available from synapse (syn7188631, syn7254151). GWAS-edQTL"
"3011","16","pmc:PMC6791127","syn7254151","rom synapse (syn7188631, syn7254151). GWAS-edQTL co-localiza"
"3012","16","pmc:PMC6791127","syn2759792","ttp://dx.doi.org/10.7303/syn2759792 . URLs. Human Brain Coll"
"3013","16","pmc:PMC6791882","syn4976369","Illumina HiSeq_RNASeqV2 syn4976369 generated by “The Cancer"
"3014","16","pmc:PMC6791882","syn4976369","Illumina HiSeq_RNASeqV2 syn4976369 generated by The Cancer"
"3015","16","pmc:PMC6791882","syn4976739","Illumina HiSeq_RNA SeqV2 syn4976739, generated by TCGA, was"
"3016","16","pmc:PMC6797798","syn7477310","able in Synapse: 10.7303/syn7477310 41 . The final table of"
"3017","16","pmc:PMC6797798","syn7440367","is available at 10.7303/syn7440367.1 42 , and ADNIGO/2 is a"
"3018","16","pmc:PMC6797798","syn12179110","O/2 is available 10.7303/syn12179110.1 43 . Data Records Onli"
"3019","16","pmc:PMC6797798","syn5592519","ttp://dx.doi.org/10.7303/syn5592519 Top Level ADNI2-GO Page"
"3020","16","pmc:PMC6797798","syn9705278","ttp://dx.doi.org/10.7303/syn9705278 Primary Metabolomics Fil"
"3021","16","pmc:PMC6797798","syn12036817","ttp://dx.doi.org/10.7303/syn12036817.1 ADMCBA_DICT.csv 29 ADN"
"3022","16","pmc:PMC6797798","syn12036821","ttp://dx.doi.org/10.7303/syn12036821.1 ADNI_ADMC_Bile_Acids_M"
"3023","16","pmc:PMC6797798","syn12036820","ttp://dx.doi.org/10.7303/syn12036820.1 ADNI_ADMCM2OVEBA.csv 3"
"3024","16","pmc:PMC6797798","syn9779093","ttp://dx.doi.org/10.7303/syn9779093.1 ADNI_ADMCM2OVEBA_DICT."
"3025","16","pmc:PMC6797798","syn9779094","ttp://dx.doi.org/10.7303/syn9779094.1 ADMC_ADNIGO2_Bile_Acid"
"3026","16","pmc:PMC6797798","syn9779078","ttp://dx.doi.org/10.7303/syn9779078.1 Supplemental Metabolom"
"3027","16","pmc:PMC6797798","syn12036815","ttp://dx.doi.org/10.7303/syn12036815 4226_Bile_Acids_NIST_and"
"3028","16","pmc:PMC6797798","syn9779088","ttp://dx.doi.org/10.7303/syn9779088.1 ADNI1 BA LOD values.cs"
"3029","16","pmc:PMC6797798","syn12046012","ttp://dx.doi.org/10.7303/syn12046012.1 4543_Bile_Acids_QC_and"
"3030","16","pmc:PMC6797798","syn9779088","ttp://dx.doi.org/10.7303/syn9779088.1 BILEACIDSLODvalues.csv"
"3031","16","pmc:PMC6797798","syn9779079","ttp://dx.doi.org/10.7303/syn9779079.1 BileAcidRatios_revised"
"3032","16","pmc:PMC6797798","syn12046208","ttp://dx.doi.org/10.7303/syn12046208.1 Fasting Status-ADNI1.t"
"3033","16","pmc:PMC6797798","syn12046023","ttp://dx.doi.org/10.7303/syn12046023.1 Clinical and Medicatio"
"3034","16","pmc:PMC6797798","syn7477271","ttp://dx.doi.org/10.7303/syn7477271.1 RECCMEDS.csv 45 Origin"
"3035","16","pmc:PMC6797798","syn7829508","ttp://dx.doi.org/10.7303/syn7829508.1 Medication mapping pip"
"3036","16","pmc:PMC6797798","syn7477310","ttp://dx.doi.org/10.7303/syn7477310 ADMCADNI1SCPATIENTDRUGCL"
"3037","16","pmc:PMC6797798","syn7440367","ttp://dx.doi.org/10.7303/syn7440367.1 Patient drug classes f"
"3038","16","pmc:PMC6797798","syn12179110","ttp://dx.doi.org/10.7303/syn12179110.1 Online-only Table 2 Bi"
"3039","16","pmc:PMC6797798","syn2580853","nowledge Portal (10.7303/syn2580853). Funding for ADMC (Alzh"
"3040","16","pmc:PMC6797798","syn5592519","I1 study Synapse 10.7303/syn5592519 27. 2017 ADMC ADNI2 GO s"
"3041","16","pmc:PMC6797798","syn9705278","GO study Synapse 10.7303/syn9705278 28. 2018 ADMC ADNI1 Bile"
"3042","16","pmc:PMC6797798","syn12036817","ids Data Synapse 10.7303/syn12036817.1 29. 2018 ADMC ADNI1 Bi"
"3043","16","pmc:PMC6797798","syn12036821","ctionary Synapse 10.7303/syn12036821.1 30. 2018 ADMC ADNI1 Bi"
"3044","16","pmc:PMC6797798","syn12036820","Methods Synapse 10.7303/syn12036820.1 31. 2017 ADNI2-GO Bile"
"3045","16","pmc:PMC6797798","syn9779093","ids Data Synapse 10.7303/syn9779093.1 32. 2017 ADNI2-GO Bile"
"3046","16","pmc:PMC6797798","syn9779094","ctionary Synapse 10.7303/syn9779094.1 33. 2017 ADMC ADNIGO2"
"3047","16","pmc:PMC6797798","syn9779078","cription Synapse 10.7303/syn9779078.1 34. 2018 Pipeline Stru"
"3048","16","pmc:PMC6797798","syn12036815","tructure Synapse 10.7303/syn12036815 35. 2017 Bile Acids QC a"
"3049","16","pmc:PMC6797798","syn9779088","IST Data Synapse 10.7303/syn9779088.1 36. 2018 ADNI1 BA LOD"
"3050","16","pmc:PMC6797798","syn12046012","D values Synapse 10.7303/syn12046012.1 37. 2017 ADNI GO 2 Bil"
"3051","16","pmc:PMC6797798","syn9779088","IST Data Synapse 10.7303/syn9779088.1 38. 2017 ADNI GO 2 Bil"
"3052","16","pmc:PMC6797798","syn9779079","D values Synapse 10.7303/syn9779079.1 39. 2018 ADNI 1 Bile A"
"3053","16","pmc:PMC6797798","syn12046208","d Ratios Synapse 10.7303/syn12046208.1 40. 2018 ADNI Fasting"
"3054","16","pmc:PMC6797798","syn12046023","g Status Synapse 10.7303/syn12046023.1 41. 2016 ADNI 1 partic"
"3055","16","pmc:PMC6797798","syn7440367","classes Synapse 10.7303/syn7440367.1 42. 2017 ADMC Duke ADN"
"3056","16","pmc:PMC6797798","syn12179110","Classes Synapse 10.7303/syn12179110.1 43. 2018 Medication ma"
"3057","16","pmc:PMC6797798","syn7477310","pipeline Synapse 10.7303/syn7477310 44. 2016 ADNI Clinical V"
"3058","16","pmc:PMC6797798","syn7477271","ariables Synapse 10.7303/syn7477271.1 45. 2016 ADNI Medicati"
"3059","16","pmc:PMC6797798","syn7829508","ion Data Synapse 10.7303/syn7829508.1 46. Pham HT Inter-Labo"
"3060","16","pmc:PMC6802108","syn20697344","ww.synapse.org/#!Synapse:syn20697344/files/ . Ethics approval"
"3061","16","pmc:PMC6802642","syn4961785","ww.synapse.org/#!Synapse:syn4961785 ) to stratify the CRC pa"
"3062","16","pmc:PMC6819083","syn18904024","e at www.doi.org/10.7303/syn18904024 . Funding Information Th"
"3063","16","pmc:PMC6819083","syn18904024","https://doi.org/10.7303/syn18904024 . The following dataset"
"3064","16","pmc:PMC6819083","syn18904024","s type 1 Synapse 10.7303/syn18904024 References Anastasaki C"
"3065","16","pmc:PMC6820900","syn18880256","ww.synapse.org/#!Synapse:syn18880256/files/ . To access the d"
"3066","16","pmc:PMC6823902","syn6112317","ww.synapse.org/#!Synapse:syn6112317 . Extended data Within t"
"3067","16","pmc:PMC6823902","syn6131484","sed: 2018-02-03. 10.7303/syn6131484 19 Waardenberg AJ Homan"
"3068","16","pmc:PMC6826490","syn16779040","ww.synapse.org/#!Synapse:syn16779040 , but there is no effici"
"3069","16","pmc:PMC6829597","syn18796452","free use with project ID syn18796452. Online supplemental mat"
"3070","16","pmc:PMC6832919","syn2873386","ww.synapse.org/#!Synapse:syn2873386/wiki/ (accessed on 1 Oct"
"3071","16","pmc:PMC6832919","syn2873386","ww.synapse.org/#!Synapse:syn2873386/wiki/391432 (accessed on"
"3072","16","pmc:PMC6834789","syn3219045","ssion number is Synapse: syn3219045 [ https://doi.org/10.730"
"3073","16","pmc:PMC6834789","syn3219045","https://doi.org/10.7303/syn3219045 ]. Ethics Statement The"
"3074","16","pmc:PMC6834789","syn2580853","dge Portal (doi: 10.7303/syn2580853 ). Study data were provi"
"3075","16","pmc:PMC6842090","syn5479902","ww.synapse.org/#!Synapse:syn5479902 . Splicing junction anal"
"3076","16","pmc:PMC6851285","syn18824984","ntifier or accession no. syn18824984) ( https://www.synapse.o"
"3077","16","pmc:PMC6851285","syn18824984","NDIGO_MTB ) (doi:10.7303/syn18824984). The data reported in t"
"3078","16","pmc:PMC6853976","syn2790911","ed from Synapse (10.7303/syn2790911). Funding support for th"
"3079","16","pmc:PMC6853976","syn5550404","ed from Synapse (10.7303/syn5550404). The MESA study was sup"
"3080","16","pmc:PMC6853976","syn3219045","ed from Synapse (10.7303/syn3219045). The TGEN study was sup"
"3081","16","pmc:PMC6853976","syn2580853","rtal accessed at 10.7303/syn2580853. D.S. research is suppor"
"3082","16","pmc:PMC6857918","syn1688369","ww.synapse.org/#!Synapse:syn1688369/wiki/27311 41 https://gi"
"3083","16","pmc:PMC6858549","syn3157743","ain Bank (MSBB) dataset (syn3157743) 26 . In brief, the MSBB"
"3084","16","pmc:PMC6858549","syn3157743","from the Synapse portal (syn3157743, accessed May 2018) from"
"3085","16","pmc:PMC6858549","syn12178045","and RNA-seq covariates (syn12178045), whole genome sequencin"
"3086","16","pmc:PMC6858549","syn10901600","e sequencing (WGS) data (syn10901600), and quality control re"
"3087","16","pmc:PMC6858549","syn12178045","control remapping data (syn12178045) from the Synapse portal"
"3088","16","pmc:PMC6858549","syn12178047","control remapping data (syn12178047) file. We excluded sampl"
"3089","16","pmc:PMC6858549","syn3157743","the Synapse web portal (syn3157743), we used Picard tools’"
"3090","16","pmc:PMC6858549","syn3159438","ww.synapse.org/#!Synapse:syn3159438 Supplementary Material 1"
"3091","16","pmc:PMC6858549","syn3159438","ng00083 ) MSBB Dataset - syn3159438 ( https://www.synapse.or"
"3092","16","pmc:PMC6858549","syn3159438","ww.synapse.org/#!Synapse:syn3159438 ) References 1. Barrett"
"3093","16","pmc:PMC6873877","syn1701558","DNA methylation subtype (syn1701558) (cluster 1 to 6, the lo"
"3094","16","pmc:PMC6873877","syn1701558","DNA methylation subtype (syn1701558) (cluster 1–6, the lowes"
"3095","16","pmc:PMC6873986","syn1688369","ww.synapse.org/#!Synapse:syn1688369/ ) with institutional re"
"3096","16","pmc:PMC6876100","syn18485159","repository, DOI: 10.7303/syn18485159; https://www.synapse.org"
"3097","16","pmc:PMC6876100","syn18485159","ww.synapse.org/#!Synapse:syn18485159/files/ . Ethics approval"
"3098","16","pmc:PMC6882162","syn4961785","ww.synapse.org/#!Synapse:syn4961785 ) R package [ 8 ] was us"
"3099","16","pmc:PMC6882183","syn3157743","ww.synapse.org/#!Synapse:syn3157743 ) [ 20 ]. Differential g"
"3100","16","pmc:PMC6882784","syn7214402","ed from synapse (10.7303/syn7214402). The mapping between sa"
"3101","16","pmc:PMC6885670","syn2580853","ww.synapse.org/#!Synapse:syn2580853/wiki/ https://www.nia.ni"
"3102","16","pmc:PMC6885670","syn4921369","w.synapse. org/#!Synapse:syn4921369 PEC Capstone Collection:"
"3103","16","pmc:PMC6885670","syn3219045","ww.synapse.org/#!Synapse:syn3219045 De Jager et al. , 2018 a"
"3104","16","pmc:PMC6887544","syn11801488","ww.synapse.org/#!Synapse:syn11801488 ) 16 , 17 . Because of t"
"3105","16","pmc:PMC6887557","syn11935058","s://www.synapse.org/ (id syn11935058) 20 . These epitopes wer"
"3106","16","pmc:PMC6892367","syn8228304","ww.synapse.org/#!Synapse:syn8228304/wiki/413428 ), to solve"
"3107","16","pmc:PMC6893853","syn3219045","ww.synapse.org/#!Synapse:syn3219045 CommonMind Consortium co"
"3108","16","pmc:PMC6893853","syn2759792","ww.synapse.org/#!Synapse:syn2759792 Gibbs cohort. Brain samp"
"3109","16","pmc:PMC6893853","syn3388564","ww.synapse.org/#!Synapse:syn3388564 . CommonMind Consortium"
"3110","16","pmc:PMC6893853","syn3157743","ww.synapse.org/#!Synapse:syn3157743 . C. elegans day 2. Libr"
"3111","16","pmc:PMC6893853","syn3388564","ww.synapse.org/#!Synapse:syn3388564 ). Reads were obtained f"
"3112","16","pmc:PMC6893853","syn3346749","ww.synapse.org/#!Synapse:syn3346749 C. elegans day 2 and day"
"3113","16","pmc:PMC6899779","syn17016211","ww.synapse.org/#!Synapse:syn17016211 ). Strain averaged behav"
"3114","16","pmc:PMC6904423","syn2580853","ww.synapse.org/#!Synapse:syn2580853/wiki/493203 . 4 Barron A"
"3115","16","pmc:PMC6905859","syn3388564","synapse.org ; SynapseID: syn3388564). Data from 621 ROS and"
"3116","16","pmc:PMC6905859","syn3388564","synapse.org ; SynapseID: syn3388564) pending scientific revi"
"3117","16","pmc:PMC6914664","syn1446183","omas (BRCA) {Synapse ID: syn1446183; [ 37 ]}, renal clear ce"
"3118","16","pmc:PMC6914664","syn1446226","nomas (RCC) {Synapse ID: syn1446226; [ 38 ]}, and head and n"
"3119","16","pmc:PMC6914664","syn1461156","mas (HNSCC) {Synapse ID: syn1461156; [ 39 ]}. Moreover, RNA-"
"3120","16","pmc:PMC6916105","syn11726602","ww.synapse.org/#!Synapse:syn11726602 [ 23 ]. The PCAWG Platin"
"3121","16","pmc:PMC6917801","syn17865732","Sage Bionetworks 10.7303/syn17865732 29 . We organized the da"
"3122","16","pmc:PMC6917801","syn17865732","APSE repository. 10.7303/syn17865732 The “rcpnl” folder conta"
"3123","16","pmc:PMC6917801","syn17865732","sed on a work at 10.7303/syn17865732. Online-only Tables Onli"
"3124","16","pmc:PMC6917801","syn17865732","g cancer Synapse 10.7303/syn17865732"
"3125","16","pmc:PMC6919331","syn2580853","https://doi.org/10.7303/syn2580853 ). ROSMAP clinicopatholo"
"3126","16","pmc:PMC6923881","syn11522015","ww.synapse.org/#!Synapse:syn11522015/wiki/496744 . The winnin"
"3127","16","pmc:PMC6923881","syn8228304","ww.synapse.org/#!Synapse:syn8228304/files/ . Code is availab"
"3128","16","pmc:PMC6929375","syn8228304","ww.synapse.org/#!Synapse:syn8228304/wiki/448379 . Accessed 1"
"3129","16","pmc:PMC6933017","syn2820440","w.synapse.org/#!Synapse:syn2820440/wiki/ ). The DREAM chall"
"3130","16","pmc:PMC6933017","syn2820440","w.synapse.org//#!Synapse:syn2820440/wiki/ , https://www.ebi."
"3131","16","pmc:PMC6933629","syn3049712","pse.org/#protectSynapse:syn3049712/files/, and the datasets"
"3132","16","pmc:PMC6933629","syn2787209","pse.org/#protectSynapse:syn2787209/files/. Ethics approval"
"3133","16","pmc:PMC6933917","syn11932957","om Synapse (DOI: 10.7303/syn11932957.1). The human co-express"
"3134","16","pmc:PMC6933917","syn10309369","r batch effects (10.7303/syn10309369.1). A total of 660 co-ex"
"3135","16","pmc:PMC6933917","syn11914606","red to controls (10.7303/syn11914606). Finally, multiple co-e"
"3136","16","pmc:PMC6933917","syn11180450","ww.synapse.org/#!Synapse:syn11180450 ). Correlation coefficie"
"3137","16","pmc:PMC6933917","syn2580853","edge Portal (doi:10.7303/syn2580853). ROSMAP Study data were"
"3138","16","pmc:PMC6936209","syn11459638","ww.synapse.org/#!Synapse:syn11459638 . Both data and reproduc"
"3139","16","pmc:PMC6936209","syn11459638","ww.synapse.org/#!Synapse:syn11459638 Includes: Data and docke"
"3140","16","pmc:PMC6941958","syn7824274","icly available MAF file (syn7824274, https://gdc.cancer.gov/"
"3141","16","pmc:PMC6963468","syn4224222","ww.synapse.org/#!Synapse:syn4224222/wiki/401743 (accessed on"
"3142","16","pmc:PMC6970436","syn3219045","om Synapse platform (ID: syn3219045) with approval. RNA samp"
"3143","16","pmc:PMC6970436","syn9702085","using standard pipeline (syn9702085) ( Mostafavi et al., 201"
"3144","16","pmc:PMC6970436","syn3219045","ww.synapse.org/#!Synapse:syn3219045 ). Source code and compr"
"3145","16","pmc:PMC6970436","syn2580853","edge Portal (doi:10.7303/syn2580853). Study data were provid"
"3146","16","pmc:PMC6972869","syn3157699","ww.synapse.org/#!Synapse:syn3157699 . The RNA samples from 1"
"3147","16","pmc:PMC6980445","syn3219045","MP-AD) Knowledge Portal (syn3219045). Neuropsychological com"
"3148","16","pmc:PMC6980445","syn14237651","AMP-AD Knowledge Portal (syn14237651), the MayoRNAseq study ("
"3149","16","pmc:PMC6980445","syn5550404","), the MayoRNAseq study (syn5550404), and the Mount Sinai Br"
"3150","16","pmc:PMC6980445","syn3159438","Brain Bank (MSBB) study (syn3159438), were leveraged for rep"
"3151","16","pmc:PMC6980445","syn2580853","nowledge Portal (10.7303/syn2580853). MSBB data were generat"
"3152","16","pmc:PMC6980793","syn21125841","ww.synapse.org/#!Synapse:syn21125841/wiki/ ). All requests fo"
"3153","16","pmc:PMC6983270","syn18460092","ww.synapse.org/#!Synapse:syn18460092 . Mouse-Human Mixed Data"
"3154","16","pmc:PMC6983270","syn18459941","ww.synapse.org/#!Synapse:syn18459941 ). Evaluation Parameters"
"3155","16","pmc:PMC6983270","syn18459941","ww.synapse.org/#!Synapse:syn18459941 ) and Gene Expression Om"
"3156","16","pmc:PMC7000455","syn8690904","collected from Synapse (syn8690904), ArrayExpress (E-TABM-1"
"3157","16","pmc:PMC7000455","syn17010685","ww.synapse.org/#!Synapse:syn17010685 , https://www.ebi.ac.uk/"
"3158","16","pmc:PMC7002524","syn7596712","ww.synapse.org/#!Synapse:syn7596712 ). For copy number, the"
"3159","16","pmc:PMC7002524","syn5553991","ww.synapse.org/#!Synapse:syn5553991). Where a patient had mu"
"3160","16","pmc:PMC7002524","syn7596712","ww.synapse.org/#!Synapse:syn7596712 ). Copy number data are"
"3161","16","pmc:PMC7002524","syn2364727","ww.synapse.org/#!Synapse:syn2364727 ). The gene expression d"
"3162","16","pmc:PMC7002524","syn5553991","ww.synapse.org/#!Synapse:syn5553991 ). Code availability R s"
"3163","16","pmc:PMC7002525","syn7596712","ww.synapse.org/#!Synapse:syn7596712 (consensus SVs) https://"
"3164","16","pmc:PMC7002525","syn7357330","ww.synapse.org/#!Synapse:syn7357330 (consensus SNVs and INDE"
"3165","16","pmc:PMC7002525","syn8042880","ww.synapse.org/#!Synapse:syn8042880 (consensus copy-numbers)"
"3166","16","pmc:PMC7002574","syn8494939","ensus driver p -values ( syn8494939 ) from the PCAWG Drivers"
"3167","16","pmc:PMC7002574","syn7201027","s with ≤ 5 gene targets (syn7201027), which covered 89% of e"
"3168","16","pmc:PMC7002574","syn7364923","ons from the PCAWG MAF ( syn7364923 ) on the same genomic el"
"3169","16","pmc:PMC7002574","syn7894281","th over 30 mutations/MB (syn7894281, syn7814911). We also re"
"3170","16","pmc:PMC7002574","syn7814911","utations/MB (syn7894281, syn7814911). We also removed mutati"
"3171","16","pmc:PMC7002574","syn8103141","levance of our results ( syn8103141 , syn9684700 ). Pathway"
"3172","16","pmc:PMC7002574","syn9684700","r results ( syn8103141 , syn9684700 ). Pathway and network d"
"3173","16","pmc:PMC7002574","syn3164548","e 42 , and Reactome 43 ( syn3164548 , syn11426307 ), where s"
"3174","16","pmc:PMC7002574","syn11426307","actome 43 ( syn3164548 , syn11426307 ), where small (<3 genes"
"3175","16","pmc:PMC7002574","syn3254781","interaction network 44 ( syn3254781 ) with high-confidence ("
"3176","16","pmc:PMC7002574","syn10903761","GG pathway database 41 ( syn10903761 ). The BioGRID interacti"
"3177","16","pmc:PMC7002574","syn3164609","interaction network 46 ( syn3164609 ) was also used to evalu"
"3178","16","pmc:PMC7002574","syn5553991","3 gene expression data ( syn5553991 ), which was averaged fr"
"3179","16","pmc:PMC7002574","syn8494939","d) PCAWG driver p-values syn8494939 https://dcc.icgc.org/rel"
"3180","16","pmc:PMC7002574","syn7201027","n Enhancer-gene mappings syn7201027 https://dcc.icgc.org/rel"
"3181","16","pmc:PMC7002574","syn7364923","gz Open Somatic MAF file syn7364923 https://dcc.icgc.org/rel"
"3182","16","pmc:PMC7002574","syn7894281","lled Hypermutated donors syn7894281 https://dcc.icgc.org/rel"
"3183","16","pmc:PMC7002574","syn7814911","pen Hypermutated samples syn7814911 https://dcc.icgc.org/rel"
"3184","16","pmc:PMC7002574","syn8103141","g and noncoding elements syn8103141 https://dcc.icgc.org/rel"
"3185","16","pmc:PMC7002574","syn9684700","ntrolled Mutation matrix syn9684700 https://dcc.icgc.org/rel"
"3186","16","pmc:PMC7002574","syn3164548","rimary pathway databases syn3164548 https://dcc.icgc.org/rel"
"3187","16","pmc:PMC7002574","syn11426307","ondary pathway databases syn11426307 https://dcc.icgc.org/rel"
"3188","16","pmc:PMC7002574","syn3254781","ReactomeFI 2015 network syn3254781 https://dcc.icgc.org/rel"
"3189","16","pmc:PMC7002574","syn10903761","Open iRefIndex14 network syn10903761 https://dcc.icgc.org/rel"
"3190","16","pmc:PMC7002574","syn3164609",".gz Open BioGRID network syn3164609 https://dcc.icgc.org/rel"
"3191","16","pmc:PMC7002574","syn11712027","Open STRING v10 network syn11712027 https://dcc.icgc.org/rel"
"3192","16","pmc:PMC7002574","syn5553991","AWG gene expression data syn5553991 https://dcc.icgc.org/rel"
"3193","16","pmc:PMC7002574","syn21413360","d network method results syn21413360 https://dcc.icgc.org/rel"
"3194","16","pmc:PMC7002574","syn11654843","etwork consensus results syn11654843 https://dcc.icgc.org/rel"
"3195","16","pmc:PMC7002574","syn21416282","g and noncoding elements syn21416282 https://dcc.icgc.org/rel"
"3196","16","pmc:PMC7002574","syn7536588","expression data (Counts) syn7536588 https://dcc.icgc.org/rel"
"3197","16","pmc:PMC7002574","syn7536589","t expression data (FPKM) syn7536589 https://dcc.icgc.org/rel"
"3198","16","pmc:PMC7002574","syn17096221",".gz Controlled eQTL data syn17096221 https://dcc.icgc.org/rel"
"3199","16","pmc:PMC7002574","syn8291899","e-level copy-number data syn8291899 https://dcc.icgc.org/rel"
"3200","16","pmc:PMC7002574","syn7536587","CAWG Ensembl transcripts syn7536587 https://dcc.icgc.org/rel"
"3201","16","pmc:PMC7002574","syn7596599","GTEx Ensembl transcripts syn7596599 https://dcc.icgc.org/rel"
"3202","16","pmc:PMC7002574","syn7416381","t filtered PCAWG samples syn7416381 https://dcc.icgc.org/rel"
"3203","16","pmc:PMC7002574","syn7596611","et filtered GTEx samples syn7596611 https://dcc.icgc.org/rel"
"3204","16","pmc:PMC7002574","syn10245952","protein–protein isoforms syn10245952 https://dcc.icgc.org/rel"
"3205","16","pmc:PMC7002574","syn9770515","et shortest path results syn9770515 https://dcc.icgc.org/rel"
"3206","16","pmc:PMC7002574","syn7345646","soNet functional regions syn7345646 https://dcc.icgc.org/rel"
"3207","16","pmc:PMC7002574","syn9765614","sults (noncoding region) syn9765614 CanIsoNet results (nonco"
"3208","16","pmc:PMC7002574","syn9765615","results (coding region) syn9765615 CanIsoNet results (codin"
"3209","16","pmc:PMC7002586","syn1038916","d hierarchical ontology (syn1038916); driver mutations for e"
"3210","16","pmc:PMC7002586","syn11639581","rsus non-coding drivers (syn11639581); clinical data from eac"
"3211","16","pmc:PMC7002586","syn10389158","stage and vital status (syn10389158); inferred purity and pl"
"3212","16","pmc:PMC7002586","syn8272483","for each tumour sample (syn8272483). The independent metast"
"3213","16","pmc:PMC7002665","syn8494939",") PCAWG driver P -values syn8494939 https://dcc.icgc.org/rel"
"3214","16","pmc:PMC7002665","syn21413360","d network method results syn21413360 https://dcc.icgc.org/rel"
"3215","16","pmc:PMC7002665","syn11654843","etwork consensus results syn11654843 https://dcc.icgc.org/rel"
"3216","16","pmc:PMC7002665","syn7201027","n Enhancer-gene mappings syn7201027 https://dcc.icgc.org/rel"
"3217","16","pmc:PMC7002665","syn21416282","and non-coding elements syn21416282 https://dcc.icgc.org/rel"
"3218","16","pmc:PMC7002710","syn7364923","ensus calls (Synapse IDs syn7364923, syn7596712, and syn8042"
"3219","16","pmc:PMC7002710","syn7596712","(Synapse IDs syn7364923, syn7596712, and syn8042992, respect"
"3220","16","pmc:PMC7002710","syn8042992","7364923, syn7596712, and syn8042992, respectively). Structur"
"3221","16","pmc:PMC7002710","syn7364923","(SNV) calls (Synapse ID syn7364923). If multiple of these T"
"3222","16","pmc:PMC7002710","syn8042992","iation calls (Synapse ID syn8042992). In short, six copy num"
"3223","16","pmc:PMC7002710","syn8042992","sensus calls (Synapse ID syn8042992). Copy numbers reveal ga"
"3224","16","pmc:PMC7002710","syn7596712","sensus calls (Synapse ID syn7596712), which was based on dis"
"3225","16","pmc:PMC7002710","syn7364923","imple nucleotide calls ( syn7364923 ): and [ https://dcc.icg"
"3226","16","pmc:PMC7002710","syn7596712","ctural variation calls ( syn7596712 ): and [ https://dcc.icg"
"3227","16","pmc:PMC7002710","syn8042992","v ], copy number calls ( syn8042992 ): and [ https://dcc.icg"
"3228","16","pmc:PMC7002750","syn10389164","d hierarchical ontology (syn10389164); consensus somatic SNVs"
"3229","16","pmc:PMC7002750","syn7364923","c SNVs, MNVs and indels (syn7364923); gene expression profil"
"3230","16","pmc:PMC7002750","syn5553991","rom RNA-sequencing data (syn5553991); genomic intervals used"
"3231","16","pmc:PMC7002750","syn5259890","in driver region calls (syn5259890); driver region calls by"
"3232","16","pmc:PMC7002750","syn7359546","each individual methods (syn7359546); consensus gene-level s"
"3233","16","pmc:PMC7002750","syn8239175","matic copy number calls (syn8239175); three simulation data"
"3234","16","pmc:PMC7002750","syn7187923","s for somatic mutations (syn7187923, syn7436065 and syn71526"
"3235","16","pmc:PMC7002750","syn7436065","c mutations (syn7187923, syn7436065 and syn7152699). Competi"
"3236","16","pmc:PMC7002750","syn7152699","n7187923, syn7436065 and syn7152699). Competing interests Th"
"3237","16","pmc:PMC7002770","syn10389158","ation about age and sex (syn10389158, dcc.icgc.org/releases/P"
"3238","16","pmc:PMC7002770","syn10389164","gy data for each tumour (syn10389164, dcc.icgc.org/releases/P"
"3239","16","pmc:PMC7002770","syn5553991","ce data for each tumour (syn5553991, dcc.icgc.org/releases/P"
"3240","16","pmc:PMC7002770","syn11639581","all classes of variants (syn11639581, dcc.icgc.org/releases/P"
"3241","16","pmc:PMC7002770","syn8366024","posures for each tumour (syn8366024, dcc.icgc.org/releases/P"
"3242","16","pmc:PMC7002770","syn8272483","ty data for each tumour (syn8272483, dcc.icgc.org/releases/P"
"3243","16","pmc:PMC7004995","syn3219045","ww.synapse.org/#!Synapse/syn3219045 . Estimate of brain cell"
"3244","16","pmc:PMC7004995","syn3219045","ww.synapse.org/#!Synapse/syn3219045 . ROS/MAP Clinical and P"
"3245","16","pmc:PMC7004995","syn3606086","ww.synapse.org/#!Synapse:syn3606086 . Competing interests Th"
"3246","16","pmc:PMC7005540","syn1688369","http://www.synapse.org (syn1688369/METABRIC Data for Use in"
"3247","16","pmc:PMC7006120","syn4486837","w.synapse.org/#!Synapse: syn4486837, sample ID:256520). This"
"3248","16","pmc:PMC7007675","syn15665609","ww.synapse.org/#!Synapse:syn15665609/wiki/582909 Publisher’s"
"3249","16","pmc:PMC7017322","syn2759792","ww.synapse.org/#!Synapse:syn2759792/wiki/ (accessed on 17 Ja"
"3250","16","pmc:PMC7025898","syn10389158","stage and vital status (syn10389158); harmonized tumour hist"
"3251","16","pmc:PMC7025898","syn1038916","d hierarchical ontology (syn1038916); inferred purity and pl"
"3252","16","pmc:PMC7025898","syn8272483","for each tumour sample (syn8272483); driver mutations for e"
"3253","16","pmc:PMC7025898","syn11639581","rsus non-coding drivers (syn11639581); mutational signatures"
"3254","16","pmc:PMC7025898","syn11804065","erred from PCAWG donors (syn11804065), including APOBEC mutag"
"3255","16","pmc:PMC7025898","syn7437313","ding APOBEC mutagenesis (syn7437313); and transcriptional da"
"3256","16","pmc:PMC7025898","syn5553985","gene expression levels (syn5553985, syn5553991, syn8105922)"
"3257","16","pmc:PMC7025898","syn5553991","sion levels (syn5553985, syn5553991, syn8105922) and gene fu"
"3258","16","pmc:PMC7025898","syn8105922","(syn5553985, syn5553991, syn8105922) and gene fusions (syn10"
"3259","16","pmc:PMC7025898","syn10003873","05922) and gene fusions (syn10003873, syn7221157). Code avail"
"3260","16","pmc:PMC7025898","syn7221157","ne fusions (syn10003873, syn7221157). Code availability Comp"
"3261","16","pmc:PMC7026051","syn4993293","ibed in Synapse [10.7303/syn4993293]. MyHeartCounts study da"
"3262","16","pmc:PMC7026051","syn11269541","ibed in Synapse [10.7303/syn11269541]. Asthma study data were"
"3263","16","pmc:PMC7026051","syn8361748","ibed in Synapse [10.7303/syn8361748]. We would like to thank"
"3264","16","pmc:PMC7026051","syn20715364","ugh the Synapse (10.7303/syn20715364). Code availability The"
"3265","16","pmc:PMC7029360","syn8717496","ww.synapse.org/#!Synapse:syn8717496 , Accessed September 19."
"3266","16","pmc:PMC7031924","syn20833047","ng Synapse repositories: syn20833047 (midbrain RNA-seq and Hi"
"3267","16","pmc:PMC7031924","syn20545534","iC datasets) [ 110 ] and syn20545534 and https://genome.ucsc."
"3268","16","pmc:PMC7031924","syn12979101","downloaded for analyses: syn12979101 ( https://www.synapse.or"
"3269","16","pmc:PMC7031924","syn12979101","ww.synapse.org/#!Synapse:syn12979101 , registration required)"
"3270","16","pmc:PMC7031924","syn20833047","HiC and midbrain RNAseq. syn20833047, URL: https://www.synaps"
"3271","16","pmc:PMC7031924","syn20833047","ww.synapse.org/#!Synapse:syn20833047 , registration required;"
"3272","16","pmc:PMC7031924","syn20545534","Medicine PFC/ACC RNAseq. syn20545534 , https://www.synapse.or"
"3273","16","pmc:PMC7031924","syn20545534","ww.synapse.org/#!Synapse:syn20545534 , registration required."
"3274","16","pmc:PMC7031924","syn12979101","Cs, Astrocytes and Ngn2 (syn12979101, https://www.synapse.org"
"3275","16","pmc:PMC7031924","syn12979101","ww.synapse.org/#!Synapse:syn12979101 , registration required."
"3276","16","pmc:PMC7032692","syn1710250","org/Portal.html#!Synapse:syn1710250/wiki/27348 ). Study was"
"3277","16","pmc:PMC7043350","syn4622659","ww.synapse.org/#!Synapse:syn4622659 , and GTEx eQTLs [ 30 ]"
"3278","16","pmc:PMC7049100","syn3157268","ot RNAseq study (AMP-AD: syn3157268) ( 6 ). The Mayo Clinic"
"3279","16","pmc:PMC7052223","syn2580853","nowledge Portal (10.7303/syn2580853). As such, the investiga"
"3280","16","pmc:PMC7052223","syn2580853","nowledge Portal (10.7303/syn2580853) and can be accessed at"
"3281","16","pmc:PMC7052223","syn5592519","n be accessed at 10.7303/syn5592519 (ADNI-1), 10.7303/syn970"
"3282","16","pmc:PMC7052223","syn9705278","592519 (ADNI-1), 10.7303/syn9705278 (ADNI-GO/-2), and 10.730"
"3283","16","pmc:PMC7052223","syn10235592","ADNI-GO/-2), and 10.7303/syn10235592 (ROS/MAP). The full comp"
"3284","16","pmc:PMC7054213","syn11801889","genomes (accession code syn11801889, available at https://ww"
"3285","16","pmc:PMC7054213","syn11801889","ww.synapse.org/#!Synapse:syn11801889 ), present a notable opp"
"3286","16","pmc:PMC7054213","syn11801889","y of which we are aware (syn11801889) 6 . We developed classi"
"3287","16","pmc:PMC7054213","syn11801889","ach analysed separately (syn11801889) 2 . Signatures were ext"
"3288","16","pmc:PMC7054213","syn12016215","d using the two methods (syn12016215). However, there were al"
"3289","16","pmc:PMC7054213","syn12169204","(Extended Data Fig. 1 ) (syn12169204 and syn12177011) and att"
"3290","16","pmc:PMC7054213","syn12177011","ig. 1 ) (syn12169204 and syn12177011) and attributions to fla"
"3291","16","pmc:PMC7054213","syn12169204","ended Data Fig. 2a, b ) (syn12169204). The DBS and indel sign"
"3292","16","pmc:PMC7054213","syn11738307","Data Figs. 3 , 4 and at syn11738307. Single-base substitutio"
"3293","16","pmc:PMC7054213","syn12025148","th the x axis labels) at syn12025148. Thirteen of the SBS sig"
"3294","16","pmc:PMC7054213","syn12169204","three in the PCAWG set (syn12169204). The assigned signature"
"3295","16","pmc:PMC7054213","syn11801938","plet base substitutions (syn11801938 and syn11726620) were ob"
"3296","16","pmc:PMC7054213","syn11726620","tutions (syn11801938 and syn11726620) were observed at about"
"3297","16","pmc:PMC7054213","syn12177057","andom adjacency of SBSs (syn12177057), indicating the existen"
"3298","16","pmc:PMC7054213","syn12177063","ith damage to cytosines (syn12177063) and is a known conseque"
"3299","16","pmc:PMC7054213","syn12177064","ative of guanine damage (syn12177064) and was associated with"
"3300","16","pmc:PMC7054213","syn12177065","pair of damaged guanine (syn12177065 and syn12177066). The nu"
"3301","16","pmc:PMC7054213","syn12177066","guanine (syn12177065 and syn12177066). The numbers of ID3 mut"
"3302","16","pmc:PMC7054213","syn11738668","ndels attributed to ID7 (syn11738668), and rare samples showe"
"3303","16","pmc:PMC7054213","syn12030687","e ( q values provided in syn12030687, syn20317940 and syn1221"
"3304","16","pmc:PMC7054213","syn20317940","provided in syn12030687, syn20317940 and syn12217988). SBS40"
"3305","16","pmc:PMC7054213","syn12217988","2030687, syn20317940 and syn12217988). SBS40 also correlated"
"3306","16","pmc:PMC7054213","syn12016215","d by a single signature (syn12016215). This analysis includes"
"3307","16","pmc:PMC7054213","syn11738314","and TMZ-exposed samples (syn11738314). In both groups, signat"
"3308","16","pmc:PMC7054213","syn12030687","Results are available at syn12030687 and syn20317940. Reporti"
"3309","16","pmc:PMC7054213","syn20317940","lable at syn12030687 and syn20317940. Reporting summary Furth"
"3310","16","pmc:PMC7054213","syn11738314","omas (156) are listed at syn11738314. Extended Data Fig. 2 Co"
"3311","16","pmc:PMC7054213","syn11726601","ww.synapse.org/#!Synapse:syn11726601/wiki/513478 ), and are d"
"3312","16","pmc:PMC7054213","syn11801889","to signature extraction (syn11801889), (2) CSV files and plot"
"3313","16","pmc:PMC7054213","syn11738306","xtracted by SigProfiler (syn11738306) and SignatureAnalyzer ("
"3314","16","pmc:PMC7054213","syn11738307",") and SignatureAnalyzer (syn11738307), (3) CSV files with est"
"3315","16","pmc:PMC7054213","syn11804065","e in individual tumours (syn11804065), (4) estimates of the p"
"3316","16","pmc:PMC7054213","syn11804068",") in individual tumours (syn11804068) and (5) synthetic test"
"3317","16","pmc:PMC7054213","syn18497223","the synthetic test data (syn18497223). All derived datasets a"
"3318","16","pmc:PMC7054216","syn10389164","umour IDs (synapse entry syn10389164). For patients with mult"
"3319","16","pmc:PMC7054216","syn7850427","t for hidden covariates (syn7850427; https://dcc.icgc.org/re"
"3320","16","pmc:PMC7054216","syn7253568","per patient covariates; syn7253568 and syn7253569 for sex a"
"3321","16","pmc:PMC7054216","syn7253569","variates; syn7253568 and syn7253569 for sex and project code"
"3322","16","pmc:PMC7054216","syn9661460","r sex and project codes; syn9661460 for per gene copy number"
"3323","16","pmc:PMC7054216","syn8042988","gene boundaries based on syn8042988. The somatic eQTL, ASE a"
"3324","16","pmc:PMC7054216","syn7357330","calls provided by PCAWG (syn7357330) based on three core cal"
"3325","16","pmc:PMC7058536","syn21052009",", under accession number syn21052009, and in DCC portal at ht"
"3326","16","pmc:PMC7058537","syn7596712",") with accession number syn7596712. The SV classification a"
"3327","16","pmc:PMC7058537","syn7596712",") with accession number syn7596712. Hi-C data have been dep"
"3328","16","pmc:PMC7061310","syn20640275","NA methylation): Synapse syn20640275 ( http://www.synapse.org"
"3329","16","pmc:PMC7062043","syn5367752","se portal in March 2016 (syn5367752) and included measuremen"
"3330","16","pmc:PMC7062729","syn3280809","ww.synapse.org/#!Synapse:syn3280809/wiki/194735 and https://"
"3331","16","pmc:PMC7062729","syn3280809","ww.synapse.org/#!Synapse:syn3280809/wiki/194736 . Competing"
"3332","16","pmc:PMC7066173","syn11967914","ww.synapse.org/#!Synapse:syn11967914 ), except for signature"
"3333","16","pmc:PMC7066173","syn11967914","ww.synapse.org/#!Synapse:syn11967914 ] has been used for muta"
"3334","16","pmc:PMC7073563","syn21221980","e found using Synapse ID syn21221980 . Genomic variant data w"
"3335","16","pmc:PMC7073563","syn21266269","n be found in Table 2 or syn21266269. 2.3. Latent Variable Ca"
"3336","16","pmc:PMC7073563","syn21177277","aded to a Synapse table (syn21177277) that includes the tumor"
"3337","16","pmc:PMC7073563","syn21259610","to Synapse and stored at syn21259610 along with tumor-specifi"
"3338","16","pmc:PMC7078234","syn5652278","ww.synapse.org/#!Synapse:syn5652278 ) and transformed them i"
"3339","16","pmc:PMC7081234","syn21593960","le in Synapse at 10.7303/syn21593960. Code availability Code"
"3340","16","pmc:PMC7081358","syn6135075","ww.synapse.org/#!Synapse:syn6135075/wiki/470486 . The datase"
"3341","16","pmc:PMC7093163","syn14237651","from the AMP-AD portal (#syn14237651) selecting the “Diagnosi"
"3342","16","pmc:PMC7093163","syn14237651","ww.synapse.org/#!Synapse:syn14237651 . Briefly, library norma"
"3343","16","pmc:PMC7099620","syn2580853","ww.synapse.org/#!Synapse:syn2580853/wiki/409844 . Author Con"
"3344","16","pmc:PMC7104481","syn6131484","ww.synapse.org/#!Synapse:syn6131484 ). The challenge involve"
"3345","16","pmc:PMC7104481","syn6112317","ww.synapse.org/#!Synapse:syn6112317 ). The predictions and l"
"3346","16","pmc:PMC7106600","syn20048270","spreadsheet. Synapse ID: syn20048270 DOI:10.7303/syn20048270."
"3347","16","pmc:PMC7106600","syn20048270","syn20048270 DOI:10.7303/syn20048270.1. Conditions for use: C"
"3348","16","pmc:PMC7111521","syn4587609","der the accession number syn4587609, which included 236 post"
"3349","16","pmc:PMC7111525","syn5553985","and UTR microsatellites (syn5553985) ( The ICGC/TCGA Pan-Can"
"3350","16","pmc:PMC7113080","syn17394041","ww.synapse.org/#!Synapse:syn17394041 . Coordinates from the r"
"3351","16","pmc:PMC7116048","syn1688369","ww.synapse.org/#!Synapse:syn1688369 (METABRIC Data for Use i"
"3352","16","pmc:PMC7118095","syn1688370","ynapse platform, 10.7303/syn1688370. Gene expression informa"
"3353","16","pmc:PMC7118822","syn2580853","edge Portal (doi:10.7303/syn2580853). Study data were provid"
"3354","16","pmc:PMC7125213","syn5609491","ww.synapse.org/#!Synapse:syn5609491 . The file name is ‘CMC_"
"3355","16","pmc:PMC7125213","syn3275211","w.synapse.org//#!Synapse:syn3275211 . Code availability Sour"
"3356","16","pmc:PMC7127986","syn7222066","ww.synapse.org/#!Synapse:syn7222066/files/ . Variants were e"
"3357","16","pmc:PMC7131892","syn4921369","der the accession number syn4921369. Methods Hi-C Fetal brai"
"3358","16","pmc:PMC7136599","syn20698242","found here DOI: 10.7303/syn20698242. The ex vivo patient dat"
"3359","16","pmc:PMC7136599","syn9758131","found here DOI: 10.7303/syn9758131. 2.5 Statistical analysi"
"3360","16","pmc:PMC7138305","syn3388564","RNA-seq data (SynapseID: syn3388564), we log-transformed the"
"3361","16","pmc:PMC7138305","syn4896408","IP-seq data (Synapse ID: syn4896408), we used the number of"
"3362","16","pmc:PMC7138305","syn3157275","lation data (Synapse ID: syn3157275) contained methylation v"
"3363","16","pmc:PMC7138305","syn10468856","articipants (Synapse ID: syn10468856). The targeted proteins"
"3364","16","pmc:PMC7154096","syn2813589","ww.synapse.org/#!Synapse:syn2813589/wiki/401435 ) ( 109 ). A"
"3365","16","pmc:PMC7157186","syn1695394","ww.synapse.org/#!Synapse:syn1695394 . In this proof of conce"
"3366","16","pmc:PMC7157186","syn1695394","ww.synapse.org/#!Synapse:syn1695394 . The region of interest"
"3367","16","pmc:PMC7181686","syn2580853","nowledge Portal (10.7303/syn2580853). Study data were provid"
"3368","16","pmc:PMC7181686","syn3219045","able on Synapse (10.7303/syn3219045). Single-nucleus RNA-seq"
"3369","16","pmc:PMC7181686","syn16780177","ww.synapse.org/#!Synapse:syn16780177 ), bulk RNA-seq data ( h"
"3370","16","pmc:PMC7181686","syn3388564","ww.synapse.org/#!Synapse:syn3388564 ), and phenotypes ( http"
"3371","16","pmc:PMC7181686","syn3191087","ww.synapse.org/#!Synapse:syn3191087 ) are available under co"
"3372","16","pmc:PMC7186427","syn21788916","ww.synapse.org/#!Synapse:syn21788916/tables/ . There were two"
"3373","16","pmc:PMC7186427","syn21788916","ww.synapse.org/#!Synapse:syn21788916/tables/ , with the follo"
"3374","16","pmc:PMC7186427","syn21788916","following accession no: syn21788916 . Ethics Statement The s"
"3375","16","pmc:PMC7189550","syn7851250","apse.org/ ; synapse IDs: syn7851250, syn7851253, and syn7851"
"3376","16","pmc:PMC7189550","syn7851253","synapse IDs: syn7851250, syn7851253, and syn7851246). In tot"
"3377","16","pmc:PMC7189550","syn7851246","7851250, syn7851253, and syn7851246). In total, 43 PANET sam"
"3378","16","pmc:PMC7190659","syn15665609","enge through Synapse ID (syn15665609) 10 . The files “bdtnp.t"
"3379","16","pmc:PMC7190659","syn15665609","enge through Synapse ID (syn15665609) 10 ; (4) mouse visual c"
"3380","16","pmc:PMC7194340","syn15665609","ww.synapse.org/#!Synapse:syn15665609/wiki . Data for this Cha"
"3381","16","pmc:PMC7206797","syn20933797","napse Web Portal 10.7303/syn20933797) and are shown in Fig. 5"
"3382","16","pmc:PMC7206797","syn20933797","napse Web Portal 10.7303/syn20933797) and are shown in Supple"
"3383","16","pmc:PMC7206797","syn20933797","napse Web Portal 10.7303/syn20933797) [ 40 ] and are shown in"
"3384","16","pmc:PMC7212865","syn18477440","“analysis_coverage” (id: syn18477440, last modified March 27,"
"3385","16","pmc:PMC7212865","syn21599128","ariants_ssm2_count” (id: syn21599128, last modified February"
"3386","16","pmc:PMC7212865","syn17038081","ww.synapse.org/#!Synapse:syn17038081/tables/ . To perform the"
"3387","16","pmc:PMC7217663","syn21904732","tigators at synapse.org (syn21904732). Results Discrete immun"
"3388","16","pmc:PMC7224214","syn3049712","napse.org/ , Synapse ID: syn3049712), which were used for DR"
"3389","16","pmc:PMC7236490","syn5550404","ogy (DLDH)” (doi:10.7303/syn5550404). Table 1 Demographics o"
"3390","16","pmc:PMC7236490","syn5550404","Repository (doi:10.7303/syn5550404). Genomic and RNA-seq da"
"3391","16","pmc:PMC7236490","syn5550404","ww.synapse.org/#!Synapse:syn5550404 ). Subsequent analyses n"
"3392","16","pmc:PMC7241104","syn21041850","from Synapse (accession syn21041850) ( 101 ). For validation"
"3393","16","pmc:PMC7257173","syn21541022","ww.synapse.org/#!Synapse:syn21541022 . Ethics approval and co"
"3394","16","pmc:PMC7259876","syn7416143","ww.synapse.org/#!Synapse:syn7416143 25. Cibulskis K Lawrence"
"3395","16","pmc:PMC7268362","syn14237651","ww.synapse.org/#!Synapse:syn14237651 . We downloaded the diff"
"3396","16","pmc:PMC7269838","syn2580853","ww.synapse.org/#!Synapse:syn2580853/wiki/409853 . Proteomic"
"3397","16","pmc:PMC7269838","syn9884368","ww.synapse.org/#!Synapse:syn9884368 Reporting Summary Furthe"
"3398","16","pmc:PMC7269838","syn9884368","ww.synapse.org/#!Synapse:syn9884368 References 1. Qureshi AI"
"3399","16","pmc:PMC7270112","syn12299750","Synapse.org at accession syn12299750 (refs. 19 , 20 ). These"
"3400","16","pmc:PMC7271548","syn21555930","ww.synapse.org/#!Synapse:syn21555930 [ 5 ] Data set 2 rl_muni"
"3401","16","pmc:PMC7271548","syn21552452","ww.synapse.org/#!Synapse:syn21552452 [ 5 ] Data set 3 tb_regs"
"3402","16","pmc:PMC7271548","syn21552453","ww.synapse.org/#!Synapse:syn21552453 [ 5 ] Data file 1 data_i"
"3403","16","pmc:PMC7271548","syn21555551","ww.synapse.org/#!Synapse:syn21555551 [ 5 ] Data file 2 dictio"
"3404","16","pmc:PMC7271548","syn21555933","ww.synapse.org/#!Synapse:syn21555933 [ 5 ] Data file 3 dicion"
"3405","16","pmc:PMC7271548","syn21555932","ww.synapse.org/#!Synapse:syn21555932 [ 5 ] Data file 4 scheme"
"3406","16","pmc:PMC7271548","syn21568686","ww.synapse.org/#!Synapse:syn21568686 [ 5 ] Data file 5 explor"
"3407","16","pmc:PMC7271548","syn21585579","ww.synapse.org/#!Synapse:syn21585579 [ 5 ] Data file 6 integr"
"3408","16","pmc:PMC7271548","syn21585580","ww.synapse.org/#!Synapse:syn21585580 [ 5 ] Limitations Person"
"3409","16","pmc:PMC7271548","syn21585580","ww.synapse.org/#!Synapse:syn21585580 , https://www.synapse.or"
"3410","16","pmc:PMC7271548","syn21555551","ww.synapse.org/#!Synapse:syn21555551 . 4 https://www.synapse."
"3411","16","pmc:PMC7271548","syn21585579","ww.synapse.org/#!Synapse:syn21585579 . Lais Baroni, Marcel Pe"
"3412","16","pmc:PMC7271548","syn21552203","https://doi.org/10.7303/syn21552203 [ 5 ]. The authors are c"
"3413","16","pmc:PMC7271548","syn21552203","on Tech Rep 2020 10.7303/syn21552203 6. Obenshain MK Applicat"
"3414","16","pmc:PMC7278076","syn16780177","ww.synapse.org/#!Synapse:syn16780177 [ 5 ]. The placenta data"
"3415","16","pmc:PMC7290024","syn4975060","www.synapse.org/#Synapse:syn4975060syn4975060 ), Paul et al."
"3416","16","pmc:PMC7293301","syn22000731","lExpression.csv: 10.7303/syn22000731.1. CMC_MSSM-Penn-Pitt_DL"
"3417","16","pmc:PMC7293301","syn22000700","lExpression.csv: 10.7303/syn22000700.1. CMC_Human_rnaSeq_meta"
"3418","16","pmc:PMC7293301","syn18358379","eq_metadata.csv: 10.7303/syn18358379.4. WGS: CMC_MSSM-Penn-Pi"
"3419","16","pmc:PMC7293301","syn21914156","20180426.vcf.gz: 10.7303/syn21914156.2. CMC_Human_WGS_metadat"
"3420","16","pmc:PMC7293301","syn22005337","GS_metadata.csv: 10.7303/syn22005337.2. Samples_passingQC.csv"
"3421","16","pmc:PMC7293301","syn22005423","s_passingQC.csv: 10.7303/syn22005423.1. Clinical/Demographic:"
"3422","16","pmc:PMC7293301","syn3354385","al_metadata.csv: 10.7303/syn3354385.5. Code availability Cod"
"3423","16","pmc:PMC7295160","syn21557948","ENCODE Knowledge Portal: syn21557948 on Synapse.org ( https:/"
"3424","16","pmc:PMC7295160","syn4921369","ww.synapse.org/#!Synapse:syn4921369 ). Supplementary Materia"
"3425","16","pmc:PMC7295244","syn11932957","odules ( doi.org/10.7303/syn11932957.1 ) that were harmonized"
"3426","16","pmc:PMC7295244","syn10901601","portal ( doi.org/10.7303/syn10901601 ). We then applied a var"
"3427","16","pmc:PMC7295244","syn5550404","[ 13 ] ( doi.org/10.7303/syn5550404 ). The Mount Sinai Brain"
"3428","16","pmc:PMC7295244","syn3159438","(MCI) ( doi.org/10.7303/syn3159438 ). The Rush University's"
"3429","16","pmc:PMC7295244","syn3219045",", 45 ] ( doi.org/10.7303/syn3219045 ). A summary of samples"
"3430","16","pmc:PMC7295244","syn11932957","ynapse ( doi.org/10.7303/syn11932957.1 ). A recent study has"
"3431","16","pmc:PMC7295244","syn2580853","ohorts ( doi.org/10.7303/syn2580853 ), 26 of which correspon"
"3432","16","pmc:PMC7295244","syn2580853","dge Portal ( doi:10.7303/syn2580853 ). Study data were provi"
"3433","16","pmc:PMC7295244","syn17114455","bioRxiv . 2019 ; 10.7303/syn17114455 16 Greenfest-Allen E , C"
"3434","16","pmc:PMC7296033","syn4231880","ww.synapse.org/#!Synapse:syn4231880/wiki/235645 30 NCI ALMAN"
"3435","16","pmc:PMC7299292","syn8507133","flow Execution Challenge—syn8507133 https://www.synapse.org/"
"3436","16","pmc:PMC7299292","syn8507133","ww.synapse.org/#!Synapse:syn8507133/wiki/415976 ( 19 July 20"
"3437","16","pmc:PMC7299377","syn9702085","ww.synapse.org/#!Synapse:syn9702085/ ). Protein expression d"
"3438","16","pmc:PMC7299377","syn8456629","ww.synapse.org/#!Synapse:syn8456629 ). Using the regression"
"3439","16","pmc:PMC7305302","syn19522967","w counts Synapse 10.7303/syn19522967 17. Pollard K 2020 JHU B"
"3440","16","pmc:PMC7305302","syn20812185","metadata Synapse 10.7303/syn20812185.1 18. Gosline, S. B., J;"
"3441","16","pmc:PMC7305302","syn4939902","with NF1 Synapse 10.7303/syn4939902 20. Kourea HP Orlow I Sc"
"3442","16","pmc:PMC7306512","syn6131484","ww.synapse.org/#!Synapse:syn6131484/wiki/402031 ). 4.5.2 Dee"
"3443","16","pmc:PMC7309364","syn21165370",": http://doi.org/10.7303/syn21165370 . Author Contributions T"
"3444","16","pmc:PMC7314543","syn12299750","e1 DLPFC Synapse 10.7303/syn12299750 References Aceti M Creso"
"3445","16","pmc:PMC7315320","syn7888354","the accession number of syn7888354 [ 19 ]. In the original"
"3446","16","pmc:PMC7320606","syn18659335","ww.synapse.org/#!Synapse:syn18659335 . 3 Results To improve t"
"3447","16","pmc:PMC7320625","syn7349492","w.synapse.org/# !Synapse:syn7349492/wiki/407359. 2.2 M1: top"
"3448","16","pmc:PMC7320625","syn7352969","w.synapse.org/# !Synapse:syn7352969/wiki/407384. 2.3 R1: top"
"3449","16","pmc:PMC7320625","syn7286597","w.synapse.org/# !Synapse:syn7286597/wiki/406659. 3 Performan"
"3450","16","pmc:PMC7327722","syn17009517","ained through Synapse ID syn17009517 and with support from th"
"3451","16","pmc:PMC7331093","syn8228304","ww.synapse.org/#!Synapse:syn8228304/wiki/413428 ). Only thos"
"3452","16","pmc:PMC7331601","syn2319855","oaded from SAGE synapse (syn2319855). Assignment of MIBC sub"
"3453","16","pmc:PMC7334101","syn11726620","d the data from Synapse (syn11726620, November 8, 2018). In t"
"3454","16","pmc:PMC7340153","syn3157743","( www.synapse.org ) are syn3157743 for MSBB and syn3388564"
"3455","16","pmc:PMC7340153","syn3388564","syn3157743 for MSBB and syn3388564 for ROSMAP. The reads we"
"3456","16","pmc:PMC7340159","syn2759792","onMind data doi: 10.7303/syn2759792. Ethics Statement The st"
"3457","16","pmc:PMC7341584","syn21835200",". Synapse. 2020. 10.7303/syn21835200.1. Accessed 28 Mar 2020."
"3458","16","pmc:PMC7341584","syn21834798",". Synapse. 2019. 10.7303/syn21834798."
"3459","16","pmc:PMC7347869","syn2370773","ww.synapse.org/#!Synapse:syn2370773 database. PDX were ranke"
"3460","16","pmc:PMC7347884","syn1757053","ps://www.synapse.org/ ) (syn1757053) for METABRIC dataset an"
"3461","16","pmc:PMC7347884","syn1757053","ps://www.synapse.org/ ) (syn1757053) for METABRIC dataset. F"
"3462","16","pmc:PMC7350980","syn21438134","in the Synapse with ID: syn21438134 [ 44 ]. Snapshots of our"
"3463","16","pmc:PMC7350980","syn21438134","ww.synapse.org/#!Synapse:syn21438134 . 45. Zhou X , Chai H ,"
"3464","16","pmc:PMC7352777","syn7222066","ww.synapse.org/#!Synapse:syn7222066 . 5. Conclusions We have"
"3465","16","pmc:PMC7359236","syn8691134","ledge Portal on Synapse (syn8691134 and syn8691099). We furt"
"3466","16","pmc:PMC7359236","syn8691099","Synapse (syn8691134 and syn8691099). We further filtered ou"
"3467","16","pmc:PMC7359236","syn22228843","https://doi.org/10.7303/syn22228843 . Dataset Data Type Desc"
"3468","16","pmc:PMC7359236","syn22248440","d, CQN normalized counts syn22248440 na Mayo RNAseq TCX Metad"
"3469","16","pmc:PMC7359236","syn3817650","ividual human and RNAseq syn3817650 na Mayo RNAseq TCX Metad"
"3470","16","pmc:PMC7359236","syn6126114","Metadata Quality Control syn6126114 na ROSMAP RNASeq Express"
"3471","16","pmc:PMC7359236","syn8691134","cessed RNASeq raw counts syn8691134 10/2/2019 ROSMAP Metadat"
"3472","16","pmc:PMC7359236","syn3382527","9 ROSMAP Metadata ID Key syn3382527 10/2/2019 ROSMAP Metadat"
"3473","16","pmc:PMC7359236","syn3191087","etadata Individual human syn3191087 10/2/2019 ROSMAP Metadat"
"3474","16","pmc:PMC7359236","syn21088596","AP Metadata Assay RNAseq syn21088596 1/2/2020 MSBB RNASeq Exp"
"3475","16","pmc:PMC7359236","syn8691099","cessed RNASeq raw counts syn8691099 10/2/2019 MSBB Metadata"
"3476","16","pmc:PMC7359236","syn6101474","etadata Individual human syn6101474 11/22/2019 MSBB Metadata"
"3477","16","pmc:PMC7359236","syn6100548","BB Metadata Assay RNAseq syn6100548 10/2/2019 snRNAseqPFC_BA"
"3478","16","pmc:PMC7359236","syn18686381","Expression Count matrix syn18686381 11/1/2019 snRNAseqPFC_BA"
"3479","16","pmc:PMC7359236","syn18686372","Metadata Column metadata syn18686372 11/1/2019 snRNAseqPFC_BA"
"3480","16","pmc:PMC7359236","syn18686382","Metadata Gene row names syn18686382 11/1/2019 snRNAseqPFC_BA"
"3481","16","pmc:PMC7359236","syn18642936","ata Biospecimen metadata syn18642936 11/1/2910 DoD = Date of"
"3482","16","pmc:PMC7359236","syn22239771","nalyses are available on syn22239771 and syn22239768. Ethics"
"3483","16","pmc:PMC7359236","syn22239768","lable on syn22239771 and syn22239768. Ethics approval and con"
"3484","16","pmc:PMC7359337","syn1688369","napse software platform (syn1688369; Sage Bionetworks, Seatt"
"3485","16","pmc:PMC7359369","syn3049712","ww.synapse.org/#!Synapse:syn3049712/wiki/74630 . • Simulated"
"3486","16","pmc:PMC7359369","syn3049712","ww.synapse.org/#!Synapse:syn3049712/wiki/ (2015). 40. Pinna"
"3487","16","pmc:PMC7375444","syn4993293","ww.synapse.org/#!Synapse:syn4993293/wiki/247859 . Collection"
"3488","16","pmc:PMC7375444","syn10849965","ww.synapse.org/#!Synapse:syn10849965/wiki/470064 2020 18 Bot"
"3489","16","pmc:PMC7375671","syn4224222","ww.synapse.org/#!Synapse:syn4224222/wiki/401745 2019 2 IBM a"
"3490","16","pmc:PMC7382148","syn21638690","vailable through 10.7303/syn21638690. The Mount Sinai Brain B"
"3491","16","pmc:PMC7382148","syn21347564","cessible through 10.7303/syn21347564, and additional informat"
"3492","16","pmc:PMC7382148","syn7392158","can be found at 10.7303/syn7392158. The mouse CSF TMT prote"
"3493","16","pmc:PMC7386360","syn22237139","onductor and Synapse (ID syn22237139) with protected dbGaP da"
"3494","16","pmc:PMC7389383","syn21625611","ww.synapse.org/#!Synapse:syn21625611/files/ ). Ethics approva"
"3495","16","pmc:PMC7393126","syn7357283","ynapse.org ; Synapse ID: syn7357283) and the following probe"
"3496","16","pmc:PMC7393331","syn21162899","repository, [Synapse ID: syn21162899]. Ethics approval and co"
"3497","16","pmc:PMC7393490","syn2177211","ww.synapse.org/#!Synapse:syn2177211 . We further collected f"
"3498","16","pmc:PMC7393869","syn3505720","ateral prefrontal cortex syn3505720 [ 32 ] AD-PHG AD (Braak"
"3499","16","pmc:PMC7393869","syn5898488","eq Parahippocampal gyrus syn5898488 [ 33 ] AD-astro1 AD (Bra"
"3500","16","pmc:PMC7400312","syn22242698","ww.synapse.org/#!Synapse:syn22242698 ). 2.3. Experimental Set"
"3501","16","pmc:PMC7407276","syn4976369","from Synapse (synapse ID syn4976369) [ 57 ]. Clinical data o"
"3502","16","pmc:PMC7407276","syn4976369","ww.synapse.org/#!Synapse:syn4976369.2 . Accessed 1 Sept embe"
"3503","16","pmc:PMC7407276","syn4976369","CGA PancanAtlas Data, ID syn4976369.2. https://www.synapse.o"
"3504","16","pmc:PMC7407276","syn4976369","ww.synapse.org/#!Synapse:syn4976369.2 . Accessed 1 July 2020"
"3505","16","pmc:PMC7408716","syn3242754","ww.synapse.org/#!Synapse:syn3242754 ). Next, the unbiased sa"
"3506","16","pmc:PMC7414858","syn2580853","ww.synapse.org/#!Synapse:syn2580853/wiki/409840 ) on a popul"
"3507","16","pmc:PMC7414858","syn9702085","ww.synapse.org/#!Synapse:syn9702085 , where their generation"
"3508","16","pmc:PMC7414858","syn10901595","ww.synapse.org/#!Synapse:syn10901595 , where its generation a"
"3509","16","pmc:PMC7414858","syn2580853","ww.synapse.org/#!Synapse:syn2580853/wiki/409853 . RNA-seq pr"
"3510","16","pmc:PMC7414858","syn3159438","tudies/DetailsPage?Study=syn3159438 ) via the AD Knowledge P"
"3511","16","pmc:PMC7414858","syn3219045","tudies/DetailsPage?Study=syn3219045 ) via the AD Knowledge P"
"3512","16","pmc:PMC7419335","syn22240254","https://doi.org/10.7303/syn22240254 Related research article"
"3513","16","pmc:PMC7422733","syn18485175","btained from AD tissues (syn18485175 at synapse.org ) ( Mathy"
"3514","16","pmc:PMC7422733","syn18485175","r Mathys et al. (2019) ( syn18485175 , human AD snRNA-Seq), c"
"3515","16","pmc:PMC7424531","syn7214402","ww.synapse.org/#!Synapse:syn7214402/files ) were freely avai"
"3516","16","pmc:PMC7428328","syn2580853","https://doi.org/10.7303/syn2580853 ). The complete list of"
"3517","16","pmc:PMC7428328","syn5550383","AMP-AD Knowledge portal (syn5550383) (6 studies), and throug"
"3518","16","pmc:PMC7428328","syn2580853","https://doi.org/10.7303/syn2580853 ). ROSMAP study data wer"
"3519","16","pmc:PMC7433658","syn17016211","on Synapse.org (10.7303/syn17016211). Code for Bayesian mode"
"3520","16","pmc:PMC7433658","syn2910187","at Synapse.org (10.7303/syn2910187) ( Tasaki et al. 2015 )."
"3521","16","pmc:PMC7439569","syn3219045","loaded from Synapse (ID: syn3219045). The bulk RNA-seq data"
"3522","16","pmc:PMC7441317","syn10235592","ww.synapse.org/#!Synapse:syn10235592 ). Study data provided b"
"3523","16","pmc:PMC7441317","syn10235594","n be accessed at 10.7303/syn10235594. The full complement of"
"3524","16","pmc:PMC7442395","syn4590909","ww.synapse.org/#!Synapse:syn4590909 . Capstone Collection To"
"3525","16","pmc:PMC7442395","syn12080241","w.synapse.org/ #!Synapse:syn12080241). We examined the expres"
"3526","16","pmc:PMC7442395","syn4590909","ww.synapse.org/#!Synapse:syn4590909 The subjects with SZ sho"
"3527","16","pmc:PMC7442395","syn12080241","ww.synapse.org/#!Synapse:syn12080241 ). The number of subject"
"3528","16","pmc:PMC7447518","syn2580853","edge Portal (doi:10.7303/syn2580853). MSBB data were generat"
"3529","16","pmc:PMC7449007","syn5647810","ww.synapse.org/#!Synapse:syn5647810/wiki/399108 ). The aim w"
"3530","16","pmc:PMC7449007","syn5647810","ww.synapse.org/#!Synapse:syn5647810/wiki/402364 ), some comm"
"3531","16","pmc:PMC7449007","syn5647810","ww.synapse.org/#!Synapse:syn5647810/wiki/402364 ) (note that"
"3532","16","pmc:PMC7449007","syn5647810","enge through Synapse ID [syn5647810]. And we thank all membe"
"3533","16","pmc:PMC7453705","syn5612563","rtal accessed at 10.7303/syn5612563. Ethics approval and con"
"3534","16","pmc:PMC7455744","syn11639581","cused on driver events ( syn11639581 ) described by the PCAWG"
"3535","16","pmc:PMC7455744","syn8532460","ownloaded from Synapse ( syn8532460 ). Subclonal structure d"
"3536","16","pmc:PMC7455744","syn7357330","ownloaded from Synapse ( syn7357330 ). Overall SNV density p"
"3537","16","pmc:PMC7455744","syn8042988","obtained from Synapse ( syn8042988 ). Ploidy-adjusted calls"
"3538","16","pmc:PMC7455744","syn8042988","ensus copy number data ( syn8042988 ) were processed to gain"
"3539","16","pmc:PMC7455744","syn11738669","attributed to each SBS ( syn11738669 ), DBS ( syn11738667 ) a"
"3540","16","pmc:PMC7455744","syn11738667","S ( syn11738669 ), DBS ( syn11738667 ) and ID ( syn11738668 )"
"3541","16","pmc:PMC7455744","syn11738668","( syn11738667 ) and ID ( syn11738668 ) signature 16 per sampl"
"3542","16","pmc:PMC7455744","syn10389158","p (annotation version 9; syn10389158 , syn10389164 ). Ancestr"
"3543","16","pmc:PMC7455744","syn10389164","version 9; syn10389158 , syn10389164 ). Ancestry imputation w"
"3544","16","pmc:PMC7455744","syn7357330","somatic SNV and indel ( syn7357330 ) file covers 2778 white"
"3545","16","pmc:PMC7455744","syn11639581","l Interpretation Group ( syn11639581 ). Consensus CNA calls f"
"3546","16","pmc:PMC7455744","syn8042988","wnloaded in VCF format ( syn8042988 ). Subclonal reconstruct"
"3547","16","pmc:PMC7455744","syn8532460","ogeneity Working Group ( syn8532460 ). SigProfiler mutation"
"3548","16","pmc:PMC7455744","syn11738669","ngle base substitution ( syn11738669 ), doublet base substitu"
"3549","16","pmc:PMC7455744","syn11738667","blet base substitution ( syn11738667 ) and indel ( syn1173866"
"3550","16","pmc:PMC7455744","syn11738668","yn11738667 ) and indel ( syn11738668 ) signatures. Code avail"
"3551","16","pmc:PMC7463652","syn4976369","ww.synapse.org/#!Synapse:syn4976369.3 ). 3.4. Copy Number Al"
"3552","16","pmc:PMC7467356","syn21559596","ww.synapse.org/ under ID syn21559596. Supplementary Material"
"3553","16","pmc:PMC7468103","syn7536587","Genomes (PCAWG) samples (syn7536587) and 3,249 Genotype-Tiss"
"3554","16","pmc:PMC7468103","syn7596599","n (GTEx, V4) 26 samples (syn7596599). Expression levels were"
"3555","16","pmc:PMC7468103","syn7416381","he RNAseq metadata file (syn7416381). 2,232 GTEx samples rem"
"3556","16","pmc:PMC7468103","syn7596611","etadata on GTEx samples (syn7596611) (see Table S1 ). Coding"
"3557","16","pmc:PMC7468103","syn7118450","downloaded from Synapse (syn7118450). Only mutations located"
"3558","16","pmc:PMC7468103","syn7345646","downloaded from Synapse (syn7345646). Constructing an isofor"
"3559","16","pmc:PMC7473811","syn4961785","ww.synapse.org/#!Synapse:syn4961785 ) [ 4 ]. Differential ge"
"3560","16","pmc:PMC7474063","syn3163039","downloaded from [10.7303/syn3163039] alongside subject infor"
"3561","16","pmc:PMC7477886","syn3219045","ww.synapse.org/#!Synapse:syn3219045 . In ROSMAP, Alzheimer’s"
"3562","16","pmc:PMC7477886","syn2580853","edge Portal (doi:10.7303/syn2580853). We are grateful to the"
"3563","16","pmc:PMC7477886","syn3219045","ww.synapse.org/#!Synapse:syn3219045 ). The code of MCC-SP is"
"3564","16","pmc:PMC7478963","syn2813581","ww.synapse.org/#!Synapse:syn2813581/wiki/303141 (2015). 36."
"3565","16","pmc:PMC7481177","syn21985690","ugh synapse (Synapse ID: syn21985690). Ambulatory dataset was"
"3566","16","pmc:PMC7490879","syn22236751","ww.synapse.org/#!Synapse:syn22236751 , DOI: 10.7303/syn222367"
"3567","16","pmc:PMC7490879","syn22236751","n22236751 , DOI: 10.7303/syn22236751.1, 10.7303/syn22236751.1"
"3568","16","pmc:PMC7490879","syn22236751","3/syn22236751.1, 10.7303/syn22236751.1 Ethics approval and co"
"3569","16","pmc:PMC7496548","syn4587609","RNA‐seq dataset (Synapse:syn4587609). This data was derived"
"3570","16","pmc:PMC7497786","syn22274616","ww.synapse.org/#!Synapse:syn22274616/tables/ . Statistical An"
"3571","16","pmc:PMC7502175","syn14237651","AMP-AD Knowledge portal:syn14237651 ( https://www.synapse.or"
"3572","16","pmc:PMC7502175","syn14237651","ww.synapse.org/#!Synapse:syn14237651 ). The accession number"
"3573","16","pmc:PMC7502175","syn5550404","AMP-AD Knowledge portal: syn5550404 ( https://www.synapse.or"
"3574","16","pmc:PMC7502175","syn5550404","ww.synapse.org/#!Synapse:syn5550404 ). The accession number"
"3575","16","pmc:PMC7502175","syn3159438","AMP-AD Knowledge Portal: syn3159438 ( https://adknowledgepor"
"3576","16","pmc:PMC7502175","syn3159438","tudies/DetailsPage?Study=syn3159438 ). The accession number"
"3577","16","pmc:PMC7502175","syn5550404","ww.synapse.org/#!Synapse:syn5550404 ) and the Mount Sinai Br"
"3578","16","pmc:PMC7502175","syn3159438","tudies/DetailsPage?Study=syn3159438 ) were leveraged for rep"
"3579","16","pmc:PMC7502175","syn14237651","ww.synapse.org/#!Synapse:syn14237651 ) was used for replicati"
"3580","16","pmc:PMC7503200","syn3388564","ssion number is Synapse: syn3388564 [ https://doi.org/10.730"
"3581","16","pmc:PMC7503200","syn3388564","https://doi.org/10.7303/syn3388564 ]. Additional data can b"
"3582","16","pmc:PMC7505971","syn7364923","ww.synapse.org/#!Synapse:syn7364923 ), bed files used for ex"
"3583","16","pmc:PMC7505971","syn21785741","ww.synapse.org/#!Synapse:syn21785741 ), wiggle files PCAWG ("
"3584","16","pmc:PMC7505971","syn8492850","ww.synapse.org/#!Synapse:syn8492850 ), clonality files MC3 ("
"3585","16","pmc:PMC7505971","syn7870168","ww.synapse.org/#!Synapse:syn7870168 ), clonality files PCAWG"
"3586","16","pmc:PMC7505971","syn8532460","ww.synapse.org/#!Synapse:syn8532460 ), cancer subtypes and h"
"3587","16","pmc:PMC7505971","syn4983466","ww.synapse.org/#!Synapse:syn4983466 ), MAFit online comparis"
"3588","16","pmc:PMC7505971","syn21041380","ww.synapse.org/#!Synapse:syn21041380 ). The remaining data is"
"3589","16","pmc:PMC7514788","syn2812961","ww.synapse.org/#!Synapse:syn2812961 ). In fact, the original"
"3590","16","pmc:PMC7519165","syn8104916","ww.synapse.org/#!Synapse:syn8104916 ). We mapped reads from"
"3591","16","pmc:PMC7519165","syn10248174","ynapse accession number: syn10248174 for NeuN-, syn10248215 f"
"3592","16","pmc:PMC7519165","syn10248215",": syn10248174 for NeuN-, syn10248215 for NeuN+). For eQTL dat"
"3593","16","pmc:PMC7519165","syn11242290","Synapse accession number syn11242290). We mapped sequencing r"
"3594","16","pmc:PMC7519165","syn4587609","pse.org accession number syn4587609), Gencode [ https://www."
"3595","16","pmc:PMC7519165","syn10248174","se.org accession number: syn10248174 for NeuN-, syn10248215 f"
"3596","16","pmc:PMC7519165","syn10248215",": syn10248174 for NeuN-, syn10248215 for NeuN+), LD-score reg"
"3597","16","pmc:PMC7519165","syn11242290","pse.org accession number syn11242290). All other relevant dat"
"3598","16","pmc:PMC7520714","syn17009517","veillance 9 , Synapse ID syn17009517 . Data underlying the re"
"3599","16","pmc:PMC7520714","syn18344812","ubmission . 2019 10.7303/syn18344812 12 Shaw L : Representing"
"3600","16","pmc:PMC7522715","syn20820455","as deposited on Synapse (syn20820455). The SEQUEST HT search"
"3601","16","pmc:PMC7522715","syn20820456","traits. Synapse 10.7303/syn20820456 30. Ping L Duong DM Seyf"
"3602","16","pmc:PMC7522715","syn20820454","W files. Synapse 10.7303/syn20820454 31. UniProt: a worldwide"
"3603","16","pmc:PMC7522715","syn20820455","atabase. Synapse 10.7303/syn20820455 35. Dai J Effects of APO"
"3604","16","pmc:PMC7522715","syn20820472","result. Synapse 10.7303/syn20820472 39. Ping L 2020 Global q"
"3605","16","pmc:PMC7522715","syn20820053","disease. Synapse 10.7303/syn20820053 40. Ping L Duong DM Seyf"
"3606","16","pmc:PMC7522715","syn21986491","nalysis. Synapse 10.7303/syn21986491 41. Ping L 2020 Global q"
"3607","16","pmc:PMC7526226","syn7274101","rg/ampad ) (doi: 10.7303/syn7274101). Detailed results of ou"
"3608","16","pmc:PMC7528467","syn22364283","ww.synapse.org/#!Synapse:syn22364283/files/ . Ethics approval"
"3609","16","pmc:PMC7530048","syn6131484","ww.synapse.org/#!Synapse:syn6131484/wiki/402026 . ENCODE Pro"
"3610","16","pmc:PMC7532365","syn21817969","ww.synapse.org/#!Synapse:syn21817969/files/ .Additionally, th"
"3611","16","pmc:PMC7537393","syn2321865","ww.synapse.org/#!Synapse:syn2321865 ). CMS classification wa"
"3612","16","pmc:PMC7537393","syn2634742","ww.synapse.org/#!Synapse:syn2634742 ). Annotation with Entre"
"3613","16","pmc:PMC7538782","syn2623706","e platform (doi: 10.7303/syn2623706 ) ( 25 ). The data was s"
"3614","16","pmc:PMC7546737","syn2785787","ww.synapse.org/#!Synapse:syn2785787 ). To assess PLD in the"
"3615","16","pmc:PMC7546737","syn2785787","ediction Synapse 10.7303/syn2785787 References Al-Lazikani B"
"3616","16","pmc:PMC7550587","syn17015233","ww.synapse.org/#!Synapse:syn17015233 ). Analyses proceeded se"
"3617","16","pmc:PMC7550587","syn2580853","edge Portal (doi:10.7303/syn2580853). ROSMAP study data were"
"3618","16","pmc:PMC7550587","syn2759792","e Portal Synapse 10.7303/syn2759792 24. Fromer M Gene expres"
"3619","16","pmc:PMC7550587","syn2580853","a Portal Synapse 10.7303/syn2580853 32. Allen M Novel late-o"
"3620","16","pmc:PMC7550587","syn3219045","AP Study Synapse 10.7303/syn3219045 38. Allen M Conserved br"
"3621","16","pmc:PMC7550587","syn5550404","eq Study Synapse 10.7303/syn5550404 41. Leek JT Storey JD Ca"
"3622","16","pmc:PMC7550587","syn16984409","PFC eQTL Synapse 10.7303/syn16984409.1 79. Sieberts S 2019 Ma"
"3623","16","pmc:PMC7550587","syn16984410","tex eQTL Synapse 10.7303/syn16984410.1 80. Sieberts S 2019 Ma"
"3624","16","pmc:PMC7550587","syn16984411","lum eQTL Synapse 10.7303/syn16984411.1 81. Sieberts S 2019 Co"
"3625","16","pmc:PMC7550587","syn16984815","analysis Synapse 10.7303/syn16984815.1"
"3626","16","pmc:PMC7560866","syn1715755","nCan12.3602-corrected-v3_syn1715755&host=https%3A%2F%2Flegac"
"3627","16","pmc:PMC7565356","syn21038562","ww.synapse.org/#!Synapse:syn21038562/wiki/597169 ), GitHub ("
"3628","16","pmc:PMC7565356","syn21038562","ww.synapse.org/#!Synapse:syn21038562/wiki/597169 ) and are lo"
"3629","16","pmc:PMC7565356","syn21038618","e following synapse IDs: syn21038618 (FCS files), syn22314373"
"3630","16","pmc:PMC7565356","syn22314373","syn21038618 (FCS files), syn22314373 (combined CSV file), syn"
"3631","16","pmc:PMC7565356","syn22263977","373 (combined CSV file), syn22263977 (antigen expression boxp"
"3632","16","pmc:PMC7565356","syn22249852","en expression boxplots), syn22249852 (SYLARAS dashboards), sy"
"3633","16","pmc:PMC7565356","syn22249837","52 (SYLARAS dashboards), syn22249837 (t-CyCIF data). SYLARAS"
"3634","16","pmc:PMC7565356","syn21038618","ww.synapse.org/#!Synapse:syn21038618 ) and a combined CSV tab"
"3635","16","pmc:PMC7565356","syn22314373","ww.synapse.org/#!Synapse:syn22314373 ) which served as input"
"3636","16","pmc:PMC7566321","syn5550404","(syn) IDs- Mayo RNA-seq (syn5550404), Mount Sinai Brain Bank"
"3637","16","pmc:PMC7566321","syn3159438","Sinai Brain Bank (MSBB) (syn3159438) and ROSMAP (syn3219045)"
"3638","16","pmc:PMC7566321","syn3219045","(syn3159438) and ROSMAP (syn3219045). Single-cell data can b"
"3639","16","pmc:PMC7566321","syn18915937","pse website using synID# syn18915937. Additionally, we have c"
"3640","16","pmc:PMC7566321","syn5550404","(syn) IDs—Mayo RNA-seq (syn5550404), MSBB (syn3159438) and"
"3641","16","pmc:PMC7566321","syn3159438","-seq (syn5550404), MSBB (syn3159438) and ROSMAP (syn3219045)"
"3642","16","pmc:PMC7566321","syn3219045","(syn3159438) and ROSMAP (syn3219045). Other published datase"
"3643","16","pmc:PMC7566321","syn20933797","ed from synapse website (syn20933797). Consensus AD transcrip"
"3644","16","pmc:PMC7566321","syn2580853","edge Portal (doi:10.7303/syn2580853). For Mayo dataset, the"
"3645","16","pmc:PMC7566321","syn2580853","edge Portal (doi:10.7303/syn2580853). For MSSM dataset, the"
"3646","16","pmc:PMC7566321","syn2580853","edge Portal (doi:10.7303/syn2580853). In addition, we are gr"
"3647","16","pmc:PMC7566852","syn11313722","ww.synapse.org/#!Synapse:syn11313722 ). References 1 Siegel R"
"3648","16","pmc:PMC7567798","syn4587615","from PsychENCODE portal (syn4587615). RNA-seq datasets of he"
"3649","16","pmc:PMC7568208","syn22240254","https://doi.org/10.7303/syn22240254 . 2 Despite some congeni"
"3650","16","pmc:PMC7576303","syn8612203","al (MAYO TCX synapse ID: syn8612203, MAYO MC‐CAA: syn9779506"
"3651","16","pmc:PMC7576303","syn9779506","syn8612203, MAYO MC‐CAA: syn9779506). MAYO TCX cohort sample"
"3652","16","pmc:PMC7577700","syn22146555","le on Synapse (accession syn22146555). Scripts reproducing th"
"3653","16","pmc:PMC7577712","syn20821165","://synapse.org/#!Synapse:syn20821165/wiki/596086 ) in accorda"
"3654","16","pmc:PMC7582367","syn2580853","edge Portal (doi:10.7303/syn2580853). Study data were provid"
"3655","16","pmc:PMC7582367","syn2580853","edge Portal (doi:10.7303/syn2580853). These data were genera"
"3656","16","pmc:PMC7582925","syn20801188","edge Portal (synapse ID: syn20801188) with multiple brain reg"
"3657","16","pmc:PMC7587039","syn11346063","se get ‐q 'SELECT * FROM syn11346063 WHERE (('study' = 'MC‐CA"
"3658","16","pmc:PMC7587039","syn2580853","ww.synapse.org/#!Synapse:syn2580853/discussion/default ) whe"
"3659","16","pmc:PMC7594515","syn3219045","ww.synapse.org/#!Synapse:syn3219045 ). Author Contributions"
"3660","16","pmc:PMC7600398","syn18930922","ww.synapse.org/#!Synapse:syn18930922 ) to predict signatures."
"3661","16","pmc:PMC7600398","syn11726616","ww.synapse.org/#!Synapse:syn11726616 ). The original data con"
"3662","16","pmc:PMC7604487","syn6040928","ynapse.org (DOI: 10.7303/syn6040928.1 and DOI: 10.7303/syn21"
"3663","16","pmc:PMC7604487","syn21975628","40928.1 and DOI: 10.7303/syn21975628.2 [lectin microarray] an"
"3664","16","pmc:PMC7604487","syn22005444","oarray] and DOI: 10.7303/syn22005444 [transcriptome]). 1 A. D"
"3665","16","pmc:PMC7605331","syn22295368","19 Pandemic. Synapse ID: syn22295368. Username: @NourAmmar. E"
"3666","16","pmc:PMC7606471","syn22213200","ww.synapse.org/#!Synapse:syn22213200 ]. This has now been cor"
"3667","16","pmc:PMC7608683","syn22307008","manuscript see [10.7303/syn22307008]. Source data are provid"
"3668","16","pmc:PMC7609715","syn2351328","ww.synapse.org/#!Synapse:syn2351328/wiki/62351 , https://www"
"3669","16","pmc:PMC7609715","syn11288411","ww.synapse.org/#!Synapse:syn11288411 ) was downloaded and vis"
"3670","16","pmc:PMC7610386","syn16984815","ww.synapse.org/#!Synapse:syn16984815 Primary microglia eQTL s"
"3671","16","pmc:PMC7611134","syn11801497","CAWG7 TCGA exome cohort (syn11801497.7). This was done by sel"
"3672","16","pmc:PMC7611134","syn12026190","er exome SBS signatures (syn12026190) using whichSignatures i"
"3673","16","pmc:PMC7611134","syn11801497","le exome cohort (n=496) (syn11801497.7). All signatures in th"
"3674","16","pmc:PMC7612106","syn22297877","ww.synapse.org/#!Synapse:syn22297877 . Code Availability The"
"3675","16","pmc:PMC7612260","syn17009517","ww.synapse.org/#!Synapse:syn17009517/wiki/584218 Synapse Well"
"3676","16","pmc:PMC7612260","syn16788291","ww.synapse.org/#!Synapse:syn16788291/wiki/583310"
"3677","16","pmc:PMC7612746","syn2623706","ww.synapse.org/#!Synapse:syn2623706/wiki/67246 ). In each da"
"3678","16","pmc:PMC7615255","syn32148000","https://doi.org/10.7303/syn32148000 , https://github.com/cha"
"3679","16","pmc:PMC7615255","syn32148000","https://doi.org/10.7303/syn32148000 Disclosure statement TV"
"3680","16","pmc:PMC7615296","syn21041850","ww.synapse.org/#!Synapse:syn21041850/files/ 30 , EGAS00001002"
"3681","16","pmc:PMC7615776","syn3193805","ww.synapse.org/#!Synapse:syn3193805/wiki/217789 , n.d.): We"
"3682","16","pmc:PMC7615776","syn3193805","ww.synapse.org/#!Synapse:syn3193805/wiki/217789 . Huang H Li"
"3683","16","pmc:PMC7616986","syn35000645","re available at Synapse (syn35000645). Source data are provid"
"3684","16","pmc:PMC7642382","syn7118450","ww.synapse.org/#!Synapse:syn7118450 (version 12-Oct-2016). W"
"3685","16","pmc:PMC7643171","syn5584622","ww.synapse.org/#!Synapse:syn5584622 , https://www.ncbi.nlm.n"
"3686","16","pmc:PMC7652884","syn22250947","T cells Synapse 10.7303/syn22250947 19. Chen L 2016 Blueprin"
"3687","16","pmc:PMC7655470","syn22005477","2020 2020-10-10 10.7303/syn22005477 54 Synapse 2020-10-10 ht"
"3688","16","pmc:PMC7655470","syn22006660","Active Test Performance (syn22006660.2) 2020 2020-05-01 Seatt"
"3689","16","pmc:PMC7655470","syn22006660","Sage Bionetworks 10.7303/syn22006660.2 56 Synapse - Neuro-QoL"
"3690","16","pmc:PMC7655470","syn22008560","Active Test Performance (syn22008560.3) 2020 2020-05-01 Seatt"
"3691","16","pmc:PMC7655470","syn22008560","Sage Bionetworks 10.7303/syn22008560.3 57 Synapse - Weather v"
"3692","16","pmc:PMC7655470","syn22033185","Active Test Performance (syn22033185.1) 2020 2020-05-01 Seatt"
"3693","16","pmc:PMC7655470","syn22033185","Sage Bionetworks 10.7303/syn22033185.1 58 Synapse - Weather v"
"3694","16","pmc:PMC7655470","syn22033192","ther vs Daily Check-ins (syn22033192.2) 2020 2020-05-01 Seatt"
"3695","16","pmc:PMC7655470","syn22033192","Sage Bionetworks 10.7303/syn22033192.2 59 Synapse - Weather v"
"3696","16","pmc:PMC7655470","syn22033187","+ Sensitivity Analysis (syn22033187.2) 2020 2020-05-01 Seatt"
"3697","16","pmc:PMC7655470","syn22033187","Sage Bionetworks 10.7303/syn22033187.2 60 Dilokthornsakul P V"
"3698","16","pmc:PMC7656729","syn11932957","ww.synapse.org/#!Synapse:syn11932957/tables/; SynapseID: syn1"
"3699","16","pmc:PMC7656729","syn11932957","2957/tables/; SynapseID: syn11932957). The modules derive fro"
"3700","16","pmc:PMC7656729","syn10309369","all tissues (DOI:10.7303/syn10309369.1), 660 modules were sel"
"3701","16","pmc:PMC7656729","syn11914606","ta-analysis (DOI:10.7303/syn11914606) in cases compared to co"
"3702","16","pmc:PMC7656729","syn11870970","ww.synapse.org/#!Synapse:syn11870970/tables/ ). To prioritize"
"3703","16","pmc:PMC7656729","syn2580853","P-AD consortium (10.7303/syn2580853). A total of 30 AMP-AD d"
"3704","16","pmc:PMC7656729","syn11180450","ww.synapse.org/#!Synapse:syn11180450 ). Differential expressi"
"3705","16","pmc:PMC7656729","syn14237651","ww.synapse.org/#!Synapse:syn14237651 ). We filtered to orthol"
"3706","16","pmc:PMC7656729","syn2580853","edge Portal (doi:10.7303/syn2580853). ROSMAP Study data were"
"3707","16","pmc:PMC7656729","syn17095980","ww.synapse.org/#!Synapse:syn17095980 ). Ethics approval All e"
"3708","16","pmc:PMC7658217","syn21041850","ww.synapse.org/#!Synapse:syn21041850/wiki/600865 ). Cells wer"
"3709","16","pmc:PMC7666177","syn2580853","sed via synapse (10.7303/syn2580853). Briefly, 650 ng of gen"
"3710","16","pmc:PMC7666177","syn10901595","nowledge portal (10.7303/syn10901595). Single variant associa"
"3711","16","pmc:PMC7666177","syn8456638","e ROS/MAP study (10.7303/syn8456638.22) and RNA-seq data fro"
"3712","16","pmc:PMC7666177","syn8466816","he Mayo RNA-seq (10.7303/syn8466816.19) run through the same"
"3713","16","pmc:PMC7666177","syn3617054","re available at: 10.7303/syn3617054.1. Pseudotimes for ROS/M"
"3714","16","pmc:PMC7666177","syn23446661","s, respectively (10.7303/syn23446661.2, 10.7303/syn22822695.1"
"3715","16","pmc:PMC7666177","syn22822695","3/syn23446661.2, 10.7303/syn22822695.1, 10.7303/syn23446654.3"
"3716","16","pmc:PMC7666177","syn23446654","3/syn22822695.1, 10.7303/syn23446654.3). Pseudotimes for Mayo"
"3717","16","pmc:PMC7666177","syn23446689","s, respectively (10.7303/syn23446689.1, 10.7303/syn22822691.1"
"3718","16","pmc:PMC7666177","syn22822691","3/syn23446689.1, 10.7303/syn22822691.1, 10.7303/syn23446688.1"
"3719","16","pmc:PMC7666177","syn23446688","3/syn22822691.1, 10.7303/syn23446688.1). Pseudotimes for fema"
"3720","16","pmc:PMC7666177","syn22822690","s are available (10.7303/syn22822690.1). Source data for Fig."
"3721","16","pmc:PMC7666177","syn23246577","ata for Fig. 2c (10.7303/syn23246577.1), Fig. 2d (10.7303/syn"
"3722","16","pmc:PMC7666177","syn23246583","577.1), Fig. 2d (10.7303/syn23246583.1), Fig. 3b (10.7303/syn"
"3723","16","pmc:PMC7666177","syn23246585","583.1), Fig. 3b (10.7303/syn23246585.1), Fig. 5b (10.7303/syn"
"3724","16","pmc:PMC7666177","syn22822693","585.1), Fig. 5b (10.7303/syn22822693.1), and Supplementary Fi"
"3725","16","pmc:PMC7666177","syn23445580","mentary Fig. 6A (10.7303/syn23445580.2), Supplementary Fig. 6"
"3726","16","pmc:PMC7666177","syn23445582","mentary Fig. 6B (10.7303/syn23445582.3), Supplementary Fig. 6"
"3727","16","pmc:PMC7666177","syn23445583","mentary Fig. 6C (10.7303/syn23445583.2), Supplementary Fig. 6"
"3728","16","pmc:PMC7666177","syn23445584","mentary Fig. 6D (10.7303/syn23445584.2), Supplementary Fig. 7"
"3729","16","pmc:PMC7666177","syn23246588","mentary Fig. 7B (10.7303/syn23246588.1), Supplementary Fig. 8"
"3730","16","pmc:PMC7666177","syn23446680","mentary Fig. 8C (10.7303/syn23446680.1), Supplementary Fig. 8"
"3731","16","pmc:PMC7666177","syn23446682","mentary Fig. 8D (10.7303/syn23446682.3), Supplementary Fig. 9"
"3732","16","pmc:PMC7666177","syn23448900","ntary Fig. 9D–F (10.7303/syn23448900.1), Supplementary Fig. 1"
"3733","16","pmc:PMC7666177","syn23446681","entary Fig. 10C (10.7303/syn23446681.1), Supplementary Fig. 1"
"3734","16","pmc:PMC7666177","syn23446691","entary Fig. 10D (10.7303/syn23446691.1), Supplementary Fig. 1"
"3735","16","pmc:PMC7666177","syn23448904","tary Fig. 11D–F (10.7303/syn23448904.1), Supplementary Fig. 1"
"3736","16","pmc:PMC7666177","syn23446257","entary Fig. 12A (10.7303/syn23446257.3), Supplementary Fig. 1"
"3737","16","pmc:PMC7666177","syn23446326","entary Fig. 12B (10.7303/syn23446326.2), Supplementary Fig. 1"
"3738","16","pmc:PMC7666177","syn23446331","entary Fig. 12C (10.7303/syn23446331.1), Supplementary Fig. 1"
"3739","16","pmc:PMC7666177","syn23446332","entary Fig. 12D (10.7303/syn23446332.1), Supplementary Fig. 1"
"3740","16","pmc:PMC7666177","syn23450641","entary Fig. 13B (10.7303/syn23450641.1), Supplementary Fig. 1"
"3741","16","pmc:PMC7666177","syn23448918","entary Fig. 13D (10.7303/syn23448918.1), Supplementary Fig. 1"
"3742","16","pmc:PMC7666177","syn23452920","entary Fig. 13E (10.7303/syn23452920.1), Supplementary Fig. 1"
"3743","16","pmc:PMC7666177","syn23468302","entary Fig. 14B (10.7303/syn23468302.1), Supplementary Fig. 1"
"3744","16","pmc:PMC7666177","syn23505161","entary Fig. 17C (10.7303/syn23505161.1), Supplementary Fig. 1"
"3745","16","pmc:PMC7666177","syn23505539","entary Fig. 17D (10.7303/syn23505539.1), Supplementary Fig. 1"
"3746","16","pmc:PMC7666177","syn23508896","tary Fig. 18D–F (10.7303/syn23508896.1), Supplementary Fig. 2"
"3747","16","pmc:PMC7666177","syn23246590","mentary Fig. 24 (10.7303/syn23246590.1), Supplementary Fig. 2"
"3748","16","pmc:PMC7666177","syn23246594","mentary Fig. 25 (10.7303/syn23246594.1), Supplementary Fig. 2"
"3749","16","pmc:PMC7666177","syn23246595","mentary Fig. 28 (10.7303/syn23246595.1) are also available. C"
"3750","16","pmc:PMC7668098","syn12034263","https://doi.org/10.7303/syn12034263 ). All other study data"
"3751","16","pmc:PMC7673985","syn21560510","Synapse under accessions syn21560510 and syn21560511. Code av"
"3752","16","pmc:PMC7673985","syn21560511","cessions syn21560510 and syn21560511. Code availability Code"
"3753","16","pmc:PMC7673995","syn4231880","enge through Synapse ID [syn4231880]. This study was support"
"3754","16","pmc:PMC7673995","syn18468836","_OI_matrices_final.zip” [syn18468836] and “OI_combinations_sy"
"3755","16","pmc:PMC7673995","syn18435126","nergy_scores_final.txt” [syn18435126] files from Synapse.org"
"3756","16","pmc:PMC7674819","syn4993293","https://doi.org/10.7303/syn4993293 ). Conflict of Interest"
"3757","16","pmc:PMC7674819","syn4993293","ww.synapse.org/#!Synapse:syn4993293/wiki/247859 14 Bot BM Su"
"3758","16","pmc:PMC7678316","syn6131484","ww.synapse.org/#!Synapse:syn6131484/wiki/402026 ) at predict"
"3759","16","pmc:PMC7691449","syn10235594","ww.synapse.org/#!Synapse:syn10235594 ) ( Table S2 ). Although"
"3760","16","pmc:PMC7691449","syn2580853","ww.synapse.org/#!Synapse:syn2580853/ Metabolomics data Synap"
"3761","16","pmc:PMC7691449","syn10235594","ww.synapse.org/#!Synapse:syn10235594/ Software and Algorithms"
"3762","16","pmc:PMC7691449","syn2580853","ww.synapse.org/#!Synapse:syn2580853 . The targeted metabolom"
"3763","16","pmc:PMC7691449","syn10235594","ww.synapse.org/#!Synapse:syn10235594 . The code used for reco"
"3764","16","pmc:PMC7691449","syn2580853","ww.synapse.org/#!Synapse:syn2580853/ ). We performed two-tai"
"3765","16","pmc:PMC7691449","syn10235594","ww.synapse.org/#!Synapse:syn10235594 . We calculated the rati"
"3766","16","pmc:PMC7691449","syn2580853","ww.synapse.org/#!Synapse:syn2580853/ ) derived from post-mor"
"3767","16","pmc:PMC7691500","syn11541569","bject identifier 10.7303/syn11541569) 67 distributed to the p"
"3768","16","pmc:PMC7695360","syn3157225","ww.synapse.org/#!Synapse:syn3157225 ) [ 25 ]) and the whole"
"3769","16","pmc:PMC7695372","syn4231880","enge through Synapse ID [syn4231880]. AUTHOR CONTRIBUTIONS:"
"3770","16","pmc:PMC7695828","syn22264195","ex, height, age) 10.7303/syn22264195.1 37 7,250 8,130 About M"
"3771","16","pmc:PMC7695828","syn22264269","phic information 10.7303/syn22264269.1 38 3,262 3,448 Sleep H"
"3772","16","pmc:PMC7695828","syn22264326","tion and quality 10.7303/syn22264326.1 39 3,155 3,303 My Fami"
"3773","16","pmc:PMC7695828","syn21966449","medical history 10.7303/syn21966449.1 40 2,760 3,003 Sleep A"
"3774","16","pmc:PMC7695828","syn21966546","daytime function 10.7303/syn21966546.1 41 2,228 2,325 Researc"
"3775","16","pmc:PMC7695828","syn21966541","pate in research 10.7303/syn21966541.1 42 2,192 2,359 My Heal"
"3776","16","pmc:PMC7695828","syn22264395","dical conditions 10.7303/syn22264395.1 43 1,478 1,551 This ta"
"3777","16","pmc:PMC7695828","syn22264398","or night’s sleep 10.7303/syn22264398.1 44 5,266 49,480 PM Che"
"3778","16","pmc:PMC7695828","syn22264410","bout current day 10.7303/syn22264410.1 45 4,313 27,380 Sleep"
"3779","16","pmc:PMC7695828","syn22264412","leep Diary (CSD) 10.7303/syn22264412.1 46 4,566 42,567 Sleepi"
"3780","16","pmc:PMC7695828","syn22264418","ness Scale (KSS) 10.7303/syn22264418.1 47 4,636 49,188 Nap Tr"
"3781","16","pmc:PMC7695828","syn22264428","quality of naps 10.7303/syn22264428.1 48 592 2,093 Alertness"
"3782","16","pmc:PMC7695828","syn22271040","nce Task (PVT-B) 10.7303/syn22271040.1 49 4,031 18,915 This t"
"3783","16","pmc:PMC7695828","syn21963204","Count Step count 10.7303/syn21963204.1 50 2,592 16,825 Health"
"3784","16","pmc:PMC7695828","syn21963203","it.Height Height 10.7303/syn21963203.1 51 1,933 2,037 HealthK"
"3785","16","pmc:PMC7695828","syn21963196","tRate Heart rate 10.7303/syn21963196.1 52 2,012 14,646 Health"
"3786","16","pmc:PMC7695828","syn21963195","f stairs climbed 10.7303/syn21963195.1 53 1,537 3,896 HealthK"
"3787","16","pmc:PMC7695828","syn21962791","ce walked or ran 10.7303/syn21962791.1 54 2,480 17,108 Health"
"3788","16","pmc:PMC7695828","syn21962784","dyMass Body mass 10.7303/syn21962784.1 55 2,014 2,575 HealthK"
"3789","16","pmc:PMC7695828","syn21962783","al energy burned 10.7303/syn21962783.1 56 752 6,412 HealthKit"
"3790","16","pmc:PMC7695828","syn21962782","e Time exercised 10.7303/syn21962782.1 57 467 1,591 HealthKit"
"3791","16","pmc:PMC7695828","syn21962781","ve energy burned 10.7303/syn21962781.1 58 563 9,828 This tabl"
"3792","16","pmc:PMC7695828","syn22264195","g S 2020 Synapse 10.7303/syn22264195.1 38. Deering S 2020 Syn"
"3793","16","pmc:PMC7695828","syn22264269","g S 2020 Synapse 10.7303/syn22264269.1 39. Deering S 2020 Syn"
"3794","16","pmc:PMC7695828","syn22264326","g S 2020 Synapse 10.7303/syn22264326.1 40. Deering S 2020 Syn"
"3795","16","pmc:PMC7695828","syn21966449","g S 2020 Synapse 10.7303/syn21966449.1 41. Deering S 2020 Syn"
"3796","16","pmc:PMC7695828","syn21966546","g S 2020 Synapse 10.7303/syn21966546.1 42. Deering S 2020 Syn"
"3797","16","pmc:PMC7695828","syn21966541","g S 2020 Synapse 10.7303/syn21966541.1 43. Deering S 2020 Syn"
"3798","16","pmc:PMC7695828","syn22264395","g S 2020 Synapse 10.7303/syn22264395.1 44. Deering S 2020 Syn"
"3799","16","pmc:PMC7695828","syn22264398","g S 2020 Synapse 10.7303/syn22264398.1 45. Deering S 2020 Syn"
"3800","16","pmc:PMC7695828","syn22264410","g S 2020 Synapse 10.7303/syn22264410.1 46. Deering S 2020 Syn"
"3801","16","pmc:PMC7695828","syn22264412","g S 2020 Synapse 10.7303/syn22264412.1 47. Deering S 2020 Syn"
"3802","16","pmc:PMC7695828","syn22264418","g S 2020 Synapse 10.7303/syn22264418.1 48. Deering S 2020 Syn"
"3803","16","pmc:PMC7695828","syn22264428","g S 2020 Synapse 10.7303/syn22264428.1 49. Deering S 2020 Syn"
"3804","16","pmc:PMC7695828","syn22271040","g S 2020 Synapse 10.7303/syn22271040.1 50. Deering S 2020 Syn"
"3805","16","pmc:PMC7695828","syn21963204","g S 2020 Synapse 10.7303/syn21963204.1 51. Deering S 2020 Syn"
"3806","16","pmc:PMC7695828","syn21963203","g S 2020 Synapse 10.7303/syn21963203.1 52. Deering S 2020 Syn"
"3807","16","pmc:PMC7695828","syn21963196","g S 2020 Synapse 10.7303/syn21963196.1 53. Deering S 2020 Syn"
"3808","16","pmc:PMC7695828","syn21963195","g S 2020 Synapse 10.7303/syn21963195.1 54. Deering S 2020 Syn"
"3809","16","pmc:PMC7695828","syn21962791","g S 2020 Synapse 10.7303/syn21962791.1 55. Deering S 2020 Syn"
"3810","16","pmc:PMC7695828","syn21962784","g S 2020 Synapse 10.7303/syn21962784.1 56. Deering S 2020 Syn"
"3811","16","pmc:PMC7695828","syn21962783","g S 2020 Synapse 10.7303/syn21962783.1 57. Deering S 2020 Syn"
"3812","16","pmc:PMC7695828","syn21962782","g S 2020 Synapse 10.7303/syn21962782.1 58. Deering S 2020 Syn"
"3813","16","pmc:PMC7695828","syn21962781","g S 2020 Synapse 10.7303/syn21962781.1"
"3814","16","pmc:PMC7703791","syn18911550","n the Synapse repository syn18911550. RNA-seq datasets were t"
"3815","16","pmc:PMC7703791","syn18911550","n the Synapse repository syn18911550. Code for performing log"
"3816","16","pmc:PMC7703791","syn18911550","n the Synapse repository syn18911550. Code for calculating no"
"3817","16","pmc:PMC7704697","syn21041850","ww.synapse.org/#!Synapse:syn21041850 ). The data can be explo"
"3818","16","pmc:PMC7704703","syn21438358","ww.synapse.org/#!Synapse:syn21438358 ). The counts matrices a"
"3819","16","pmc:PMC7704703","syn18485175","ww.synapse.org/#!Synapse:syn18485175 ) under the doi 10.7303/"
"3820","16","pmc:PMC7704703","syn18485175",") under the doi 10.7303/syn18485175). For each of these data"
"3821","16","pmc:PMC7704703","syn18485175",") under the doi 10.7303/syn18485175). We appended the single"
"3822","16","pmc:PMC7704703","syn21438358","ww.synapse.org/#!Synapse:syn21438358 ). The raw data of the S"
"3823","16","pmc:PMC7704703","syn18485175",") under the doi 10.7303/syn18485175. Source data are provide"
"3824","16","pmc:PMC7704686","syn3157275",".0%) 86.3 (4.8) Synapse: syn3157275 (2) Mt. Sinai cohort PFC"
"3825","16","pmc:PMC7704686","syn3388564","edge Portal (Synapse ID: syn3388564). Next, for each signifi"
"3826","16","pmc:PMC7704686","syn3157325","downloaded from AMP-AD (syn3157325) and imputed to the Hapl"
"3827","16","pmc:PMC7704686","syn3157275","1 ) and Synapse (10.7303/syn3157275). Source data are provid"
"3828","16","pmc:PMC7708619","syn21998881","rug-design.de or 10.7303/syn21998881. Background & Summary Sk"
"3829","16","pmc:PMC7708619","syn21998881","” (huskinDB 25 , 10.7303/syn21998881). As of April 2020, husk"
"3830","16","pmc:PMC7708619","syn21998881","huskinDB Synapse 10.7303/syn21998881 26. Anderson BD Higuchi"
"3831","16","pmc:PMC7713645","syn23262875","ructions ). See: 10.7303/syn23262875.’"
"3832","16","pmc:PMC7714474","syn3159438","ww.synapse.org/#!Synapse:syn3159438 ) in June 2018. As part"
"3833","16","pmc:PMC7714474","syn2580853","edge Portal (doi:10.7303/syn2580853). These data were genera"
"3834","16","pmc:PMC7714474","syn3159438","ww.synapse.org/#!Synapse:syn3159438 GSE104704: https://www.n"
"3835","16","pmc:PMC7714954","syn5550382","ww.synapse.org/#!Synapse:syn5550382 . 2.2. Clustering AD Pat"
"3836","16","pmc:PMC7714954","syn2580853","ww.synapse.org/#!Synapse:syn2580853 . Author Contributions G"
"3837","16","pmc:PMC7714954","syn2580853","dge Portal (doi: 10.7303/syn2580853 ). We appreciate their g"
"3838","16","pmc:PMC7733460","syn21676145","ww.synapse.org/#!Synapse:syn21676145 . Source data are provid"
"3839","16","pmc:PMC7733508","syn4976369","ww.synapse.org/#!Synapse:syn4976369.2 . The independent lung"
"3840","16","pmc:PMC7738685","syn1710680","extracted from Synapse (syn1710680), and GISTIC2 output CNA"
"3841","16","pmc:PMC7745771","syn21654780","workflow at Synapse ID: syn21654780, have important implicat"
"3842","16","pmc:PMC7745771","syn21654780","ript and Synapse project syn21654780. Data used for this stud"
"3843","16","pmc:PMC7752919","syn2623706","ed by Guinney et al. 70 (syn2623706), and used to complete m"
"3844","16","pmc:PMC7752919","syn2623706","obtained from Synapse ID syn2623706 . All the other data sup"
"3845","16","pmc:PMC7753688","syn23532584","via Synapse (synapse ID: syn23532584). Pathological slides ca"
"3846","16","pmc:PMC7756021","syn3163039","ge Portal with accession syn3163039 ( Allen et al., 2016 )."
"3847","16","pmc:PMC7756021","syn3163039",".synapse.org/#!Synapse : syn3163039 Human Bulk AD + Normal R"
"3848","16","pmc:PMC7756021","syn3163039","ww.synapse.org/#!Synapse:syn3163039 ; Nativio dataset – GEO"
"3849","16","pmc:PMC7758335","syn22216071",".Synapse.org (accession: syn22216071), and the method is also"
"3850","16","pmc:PMC7758481","syn2374375","ynapse (accession number syn2374375). A-to-I RE sites of 12"
"3851","16","pmc:PMC7761949","syn11738319","ww.synapse.org/#!Synapse:syn11738319 ) ( Table S2 ). We forma"
"3852","16","pmc:PMC7768085","syn22914762","th identification number syn22914762. The data are available"
"3853","16","pmc:PMC7768085","syn22914762","be found below: Synapse/syn22914762 . Ethics Statement In th"
"3854","16","pmc:PMC7778917","syn18360482","ww.synapse.org/#!Synapse:syn18360482/files/ ) for the distrib"
"3855","16","pmc:PMC7782551","syn21041850","snowlab/HLCA ) (Synapse #syn21041850) 44 , and from the Tissu"
"3856","16","pmc:PMC7782551","syn21041850","Human Lung Cell Atlas (#syn21041850), Tissue Stability Cell"
"3857","16","pmc:PMC7782705","syn3388564","MSBB RNAseq 3 : 10.7303/syn3388564; ROSMAP RNAseq 4 : 10.73"
"3858","16","pmc:PMC7782705","syn3157743","OSMAP RNAseq 4 : 10.7303/syn3157743; MAYO RNAseq 2 : 10.7303"
"3859","16","pmc:PMC7782705","syn5550404","MAYO RNAseq 2 : 10.7303/syn5550404. Code availability Codes"
"3860","16","pmc:PMC7785685","syn3388564","P study (Synapse 10.7303/syn3388564). miRNAs that had a call"
"3861","16","pmc:PMC7785685","syn3388564","P study (Synapse 10.7303/syn3388564). Genes with at least 1"
"3862","16","pmc:PMC7785685","syn5856115","ww.synapse.org/#!Synapse:syn5856115 and https://www.synapse."
"3863","16","pmc:PMC7785685","syn3505720","ww.synapse.org/#!Synapse:syn3505720 ). The AD Knowledge Port"
"3864","16","pmc:PMC7785685","syn22123695","ww.synapse.org/#!Synapse:syn22123695 ). Compliance with ethic"
"3865","16","pmc:PMC7787497","syn23521805","https://doi.org/10.7303/syn23521805 . In addition, all data"
"3866","16","pmc:PMC7788824","syn6131484","ww.synapse.org/#!Synapse:syn6131484/wiki/402026 . The chromo"
"3867","16","pmc:PMC7788918","syn1688369","napse.org/ , Synapse ID: syn1688369), following IRB approval"
"3868","16","pmc:PMC7794223","syn4874822","on synapse. Synapse ID: syn4874822. File name: unc.edu_PANC"
"3869","16","pmc:PMC7794223","syn4874822","/node/905/ ; synapse ID: syn4874822). TERT promoter mutation"
"3870","16","pmc:PMC7805211","syn4939902","ata were downloaded from syn4939902. Sequencing lanes were m"
"3871","16","pmc:PMC7805211","syn4939910","available from Synapse: syn4939910. Raw RNA-seq fastq data"
"3872","16","pmc:PMC7805211","syn4939902","ata were downloaded from syn4939902. Statistical methods Pai"
"3873","16","pmc:PMC7805663","syn11737848","t: synapse.org/#!Synapse:syn11737848 Cortes C. Vapnik V. ( 19"
"3874","16","pmc:PMC7807136","syn3193805","ww.synapse.org/#!Synapse:syn3193805/wiki/89480 ). 11 Researc"
"3875","16","pmc:PMC7807228","syn22909530","tory, unique DOI 10.7303/syn22909530 [ 38 ]. The website link"
"3876","16","pmc:PMC7807228","syn22909530","ww.synapse.org/#!Synapse:syn22909530/files/ . The files are r"
"3877","16","pmc:PMC7807228","syn22909530","y dataset. 2020. 10.7303/syn22909530 Synapse: https://www.syn"
"3878","16","pmc:PMC7807228","syn22909530","ww.synapse.org/#!Synapse:syn22909530/files/ ."
"3879","16","pmc:PMC7809035","syn3388564","ww.synapse.org/#!Synapse:syn3388564 . For normalization, we"
"3880","16","pmc:PMC7809035","syn2580853","ww.synapse.org/#!Synapse:syn2580853/wiki/409844 ) to identif"
"3881","16","pmc:PMC7809035","syn5550404","ww.synapse.org/#!Synapse:syn5550404 . We TMM normalized the"
"3882","16","pmc:PMC7809035","syn18485175","ww.synapse.org/#!Synapse:syn18485175 . The authors provided b"
"3883","16","pmc:PMC7809035","syn2580853","ww.synapse.org/#!Synapse:syn2580853/wiki/409840 ). Of the fi"
"3884","16","pmc:PMC7814832","syn21560510","Synapse under accessions syn21560510 and syn21560511. Code fo"
"3885","16","pmc:PMC7814832","syn21560511","cessions syn21560510 and syn21560511. Code for the differenti"
"3886","16","pmc:PMC7815963","syn22891469","ww.synapse.org/#!Synapse:syn22891469/ . Code for reproducing"
"3887","16","pmc:PMC7817020","syn6090802","gene levels (Synapse ID syn6090802). RNA sequencing and pro"
"3888","16","pmc:PMC7824175","syn16782360","ww.synapse.org/#!Synapse:syn16782360 after registration at Sy"
"3889","16","pmc:PMC7839675","syn2759792","ttps://www.synapse.org/ (syn2759792) and mapped to hg19 usin"
"3890","16","pmc:PMC7842189","syn2580853","https://doi.org/10.7303/syn2580853 ) ( Wang et al., 2018 )."
"3891","16","pmc:PMC7842189","syn2580853","https://doi.org/10.7303/syn2580853 ) ( Wang et al., 2018 ),"
"3892","16","pmc:PMC7842189","syn2580853","https://doi.org/10.7303/syn2580853 ). We thank Eli Lilly an"
"3893","16","pmc:PMC7843956","syn8118403","ynapse.org . Synapse ID: syn8118403; DOI: https://doi.org/10"
"3894","16","pmc:PMC7843956","syn8118403","https://doi.org/10.7303/syn8118403 . The authors report no"
"3895","16","pmc:PMC7849410","syn6181337","ww.synapse.org/#!Synapse:syn6181337 (conservative peaks) and"
"3896","16","pmc:PMC7849410","syn6176232","ww.synapse.org/#!Synapse:syn6176232 . The data were processe"
"3897","16","pmc:PMC7849410","syn6131484","ww.synapse.org/#!Synapse:syn6131484/wiki/402033 , accessed N"
"3898","16","pmc:PMC7852092","syn6131484","ww.synapse.org/#!Synapse:syn6131484/ . For all TF and cell-t"
"3899","16","pmc:PMC7854528","syn18485175","edge Portal (Synapse ID: syn18485175). The experimental and c"
"3900","16","pmc:PMC7854528","syn21788402","at under the Synapse ID syn21788402 ( https://www.synapse.or"
"3901","16","pmc:PMC7854528","syn21788402","ww.synapse.org/#!Synapse:syn21788402 ). Post- quality control"
"3902","16","pmc:PMC7854528","syn18485175","Synapse under Synapse ID syn18485175 ( https://www.synapse.or"
"3903","16","pmc:PMC7854528","syn18485175","ww.synapse.org/#!Synapse:syn18485175 ). CODE AVAILABILITY We"
"3904","16","pmc:PMC7854528","syn21788402","EO): GSE147528. Synapse: syn21788402, syn18485175. COMPETING"
"3905","16","pmc:PMC7854528","syn18485175","8. Synapse: syn21788402, syn18485175. COMPETING INTERESTS The"
"3906","16","pmc:PMC7859804","syn2623706","tained from doi: 10.7303/syn2623706. Evaluations of Th1, Th2"
"3907","16","pmc:PMC7864964","syn20681023","d documentation (10.7303/syn20681023) 20 . Technical Validati"
"3908","16","pmc:PMC7864964","syn20681023","ww.synapse.org/#!Synapse:syn20681023/wiki . Generic documenta"
"3909","16","pmc:PMC7864964","syn20681023","se Study Synapse 10.7303/syn20681023 21. Thomaz, E., Essa, I."
"3910","16","pmc:PMC7865022","syn20681023","e following URL: 10.7303/syn20681023 Technical Validation The"
"3911","16","pmc:PMC7865022","syn20681023","ww.synapse.org/#!Synapse:syn20681023/wiki . Generic documenta"
"3912","16","pmc:PMC7865022","syn20681023","se Study Synapse 10.7303/syn20681023 37. Esliger DW Validatio"
"3913","16","pmc:PMC7865011","syn22324937","napse.org, see 1 10.7303/syn22324937 and complete access is p"
"3914","16","pmc:PMC7865011","syn22324937","lize the data at 10.7303/syn22324937. To download them you ne"
"3915","16","pmc:PMC7865011","syn22324937","t/CHBMP-Code and 10.7303/syn22324937. The codes are: 1) Anomp"
"3916","16","pmc:PMC7865011","syn22324937","database Synapse 10.7303/syn22324937 4. Hernandez-Gonzalez G"
"3917","16","pmc:PMC7870974","syn11738669","ww.synapse.org/#!Synapse:syn11738669 and mutation calls from"
"3918","16","pmc:PMC7871574","syn22241002","https://doi.org/10.7303/syn22241002 [ 7 ] Dataset 2 NM_Count"
"3919","16","pmc:PMC7871574","syn22241002","https://doi.org/10.7303/syn22241002 [ 7 ] Data file 1 Dict_N"
"3920","16","pmc:PMC7871574","syn22241002","https://doi.org/10.7303/syn22241002 [ 7 ] Data file 2 Data_c"
"3921","16","pmc:PMC7871574","syn22241002","https://doi.org/10.7303/syn22241002 [ 7 ] Data file 3 Data_v"
"3922","16","pmc:PMC7871574","syn22241002","https://doi.org/10.7303/syn22241002 [ 7 ] Data file 4 Munici"
"3923","16","pmc:PMC7871574","syn22241002","https://doi.org/10.7303/syn22241002 [ 7 ] Data file 5 Data_c"
"3924","16","pmc:PMC7871574","syn22241002","https://doi.org/10.7303/syn22241002 [ 7 ] Data file 6 ETLTMN"
"3925","16","pmc:PMC7871574","syn22241002","https://doi.org/10.7303/syn22241002 [ 7 ] Data file 7 ETLTMN"
"3926","16","pmc:PMC7871574","syn22241002","https://doi.org/10.7303/syn22241002 [ 7 ] Data file 8 Data_t"
"3927","16","pmc:PMC7871574","syn22241002","https://doi.org/10.7303/syn22241002 [ 7 ] Data construction"
"3928","16","pmc:PMC7871574","syn22288740","ww.synapse.org/#!Synapse:syn22288740 2 Available at ftp://ftp"
"3929","16","pmc:PMC7871574","syn22241065","ww.synapse.org/#!Synapse:syn22241065 . 4 The timestamp format"
"3930","16","pmc:PMC7871574","syn22241002","https://doi.org/10.7303/syn22241002 [ 7 ]. Ethics approval a"
"3931","16","pmc:PMC7871574","syn22241002","palities Synapse 10.7303/syn22241002"
"3932","16","pmc:PMC7876141","syn7214402","ww.synapse.org/#!Synapse:syn7214402 ; we used variants calle"
"3933","16","pmc:PMC7878838","syn23593358","https://doi.org/10.7303/syn23593358 . Data are available for"
"3934","16","pmc:PMC7881244","syn2623706","ww.synapse.org/#!Synapse:syn2623706/files/ ). For a list of"
"3935","16","pmc:PMC7883323","syn5607607","downloaded from Synapse: syn5607607 ) included 279 controls"
"3936","16","pmc:PMC7883575","syn21392931","hENCODE ( synapse.org id syn21392931) was previously processe"
"3937","16","pmc:PMC7883575","syn21392931","able from synapse.org id syn21392931. GZ TADS were previously"
"3938","16","pmc:PMC7884393","syn2580853","nowledge Portal (10.7303/syn2580853). These data were genera"
"3939","16","pmc:PMC7884393","syn18488020","ynapse.org/DRIAD 10.7303/syn18488020 (2021). 88. Rodriguez, S"
"3940","16","pmc:PMC7891028","syn23521994","gnant women. Synapse ID: syn23521994. User name: @may.adham."
"3941","16","pmc:PMC7896635","syn22855256","ww.synapse.org/#!Synapse:syn22855256 , https://doi.org/10.730"
"3942","16","pmc:PMC7896635","syn22855256","https://doi.org/10.7303/syn22855256 ) upon publication. 3 RE"
"3943","16","pmc:PMC7902847","syn23530650","data repository (10.7303/syn23530650) 29 . See “Usage Notes”"
"3944","16","pmc:PMC7902847","syn23530650","erms at Synapse (10.7303/syn23530650). Users of the DecNef da"
"3945","16","pmc:PMC7902847","syn23530650","Dataset Synapse 10.7303/syn23530650 30. Bischoff-Grethe A A"
"3946","16","pmc:PMC7902946","syn22252881","https://doi.org/10.7303/syn22252881 ). It is fully interoper"
"3947","16","pmc:PMC7902946","syn22252881","https://doi.org/10.7303/syn22252881 . To ensure data privacy"
"3948","16","pmc:PMC7902946","syn22252881","https://doi.org/10.7303/syn22252881 ACKNOWLEDGMENTS The auth"
"3949","16","pmc:PMC7904832","syn2580853","rtal accessed at 10.7303/syn2580853. We thank the Internatio"
"3950","16","pmc:PMC7904919","syn3219045","tudies/DetailsPage?Study=syn3219045 . Conflict of interest T"
"3951","16","pmc:PMC7918753","syn2623706","tained from Synapse (ID: syn2623706). The final combined dat"
"3952","16","pmc:PMC7921390","syn3219045","ww.synapse.org/#!Synapse:syn3219045 ). RNA-Seq data was from"
"3953","16","pmc:PMC7925562","syn23702728","C_3Y_REDCAP_V03 (10.7303/syn23702728) and NCANDA_PUBLIC_3Y_ST"
"3954","16","pmc:PMC7925562","syn22213272","_STRUCTURAL_V01 (10.7303/syn22213272) distributed to the publ"
"3955","16","pmc:PMC7933824","syn7222066","he GENIE Synapse portal (syn7222066), https://www.synapse.or"
"3956","16","pmc:PMC7933938","syn23567519","ww.synapse.org/#!Synapse:syn23567519 . 2.2 Collection of bloo"
"3957","16","pmc:PMC7933938","syn23567519","ww.synapse.org/#!Synapse:syn23567519 ), and the data are avai"
"3958","16","pmc:PMC7951565","syn21041850","from Synapse (accession #syn21041850) as a processed cell-by-"
"3959","16","pmc:PMC7952602","syn7214402","ww.synapse.org/#!Synapse:syn7214402/wiki/405297 ] (The resul"
"3960","16","pmc:PMC7953736","syn11738319","ww.synapse.org/#!Synapse:syn11738319 . De novo nonnegative ma"
"3961","16","pmc:PMC7962264","syn2580853","al.synapse.org , 10.7303/syn2580853). The AD Knowledge Porta"
"3962","16","pmc:PMC7962264","syn11714444","ww.synapse.org/#!Synapse:syn11714444 . Genotypes were extract"
"3963","16","pmc:PMC7962264","syn2580853","al.synapse.org , 10.7303/syn2580853). Declarations Ethics ap"
"3964","16","pmc:PMC7962955","syn20640275","et al., 2020 ; Synapse: syn20640275), we first computed the"
"3965","16","pmc:PMC7962955","syn20640275","as et al., 2020 Synapse: syn20640275 SARS-CoV-2 reference gen"
"3966","16","pmc:PMC7962955","syn20640275","downloaded from Synapse: syn20640275. Hydro-tRNaseq of HeLa,"
"3967","16","pmc:PMC7979890","syn2580853","AMP-AD) project (10.7303/syn2580853): the Mayo Clinic 18 , t"
"3968","16","pmc:PMC7979890","syn5049298","Clinic (synapse id, CER: syn5049298 and TCX: syn3163039), th"
"3969","16","pmc:PMC7979890","syn3163039","CER: syn5049298 and TCX: syn3163039), the ROS and MAP (ROSMA"
"3970","16","pmc:PMC7979890","syn3388564","nd MAP (ROSMAP) studies (syn3388564), and the Mount Sinai Br"
"3971","16","pmc:PMC7979890","syn7416949","Sinai Brain Bank (MSBB) (syn7416949). Detailed information o"
"3972","16","pmc:PMC7979890","syn11707419","ree cohorts (synapse id: syn11707419, accessed on 10 June 201"
"3973","16","pmc:PMC7979890","syn3387325","SMAP cohort (synapse id: syn3387325, accessed on 10 April 20"
"3974","16","pmc:PMC7979890","syn5049298","study: (1) Mayo Clinic: syn5049298 and syn3163039, (2) ROSM"
"3975","16","pmc:PMC7979890","syn3163039","o Clinic: syn5049298 and syn3163039, (2) ROSMAP: syn3157322,"
"3976","16","pmc:PMC7979890","syn3157322","syn3163039, (2) ROSMAP: syn3157322, and (3) MSBB: syn739215"
"3977","16","pmc:PMC7979890","syn7392158","yn3157322, and (3) MSBB: syn7392158. Users of ADAS -viewer m"
"3978","16","pmc:PMC7979890","syn5550404","ww.synapse.org/#!Synapse:syn5550404 18 ROSMAP dataset: https"
"3979","16","pmc:PMC7979890","syn3219045","ww.synapse.org/#!Synapse:syn3219045 19 MSBB dataset: https:/"
"3980","16","pmc:PMC7979890","syn3159438","ww.synapse.org/#!Synapse:syn3159438 20 miRTarBase: http://mi"
"3981","16","pmc:PMC7979931","syn4993293","ibed in Synapse [10.7303/syn4993293]. Resources and support"
"3982","16","pmc:PMC7979931","syn8717496","through Synapse (10.7303/syn8717496). The mPower (10.7303/sy"
"3983","16","pmc:PMC7979931","syn4993293","96). The mPower (10.7303/syn4993293) and MJFF Levodopa Respo"
"3984","16","pmc:PMC7979931","syn20681023","Response Study (10.7303/syn20681023) data are also available"
"3985","16","pmc:PMC7979931","syn8717496","through Synapse (10.7303/syn8717496). Competing interests J."
"3986","16","pmc:PMC7993407","syn16782375","ww.synapse.org/#!Synapse:syn16782375 Challenge documentation,"
"3987","16","pmc:PMC7993407","syn15665609","ww.synapse.org/#!Synapse:syn15665609/wiki/582909 Software ava"
"3988","16","pmc:PMC7997873","syn22975916","owing project accession: syn22975916 60 . HER2 immunohistoche"
"3989","16","pmc:PMC7997873","syn22975916","ww.synapse.org/#!Synapse:syn22975916/wiki/606342 . 61. Tatlow"
"3990","16","pmc:PMC7998091","syn24611029","nd material DOI. 10.7303/syn24611029. Declarations Conflict o"
"3991","16","pmc:PMC7998846","syn10463688","ww.synapse.org/#!Synapse:syn10463688/wiki/463140 , accessed o"
"3992","16","pmc:PMC7998846","syn10463688","ww.synapse.org/#!Synapse:syn10463688/wiki/463140 (accessed on"
"3993","16","pmc:PMC7999141","syn3219045","ww.synapse.org/#!Synapse:syn3219045 (accessed on 1 July 2018"
"3994","16","pmc:PMC8004462","syn2790911","ww.synapse.org/#!Synapse:syn2790911/wiki/235389 . Schizophre"
"3995","16","pmc:PMC8006362","syn22024464","ww.synapse.org/#!Synapse:syn22024464 . The PON mask was gener"
"3996","16","pmc:PMC8008150","syn21041850","from Synapse (accession syn21041850) (Travaglini et al., 202"
"3997","16","pmc:PMC8015851","syn6176232","ww.synapse.org/#!Synapse:syn6176232 ). We used raw filtered"
"3998","16","pmc:PMC8017764","syn2580853","ww.synapse.org/#!Synapse:syn2580853/files/ https://dss.niaga"
"3999","16","pmc:PMC8021700","syn15665609","enge through Synapse ID (syn15665609) ( Karaiskos et al., 201"
"4000","16","pmc:PMC8022294","syn22162934","ww.synapse.org/#!Synapse:syn22162934/files/ Declarations Ethi"
"4001","16","pmc:PMC8024253","syn4164376","ww.synapse.org/#!Synapse:syn4164376 ) for analysis. To quant"
"4002","16","pmc:PMC8024253","syn4164376","ww.synapse.org/#!Synapse:syn4164376 . OMIM API: http://api.o"
"4003","16","pmc:PMC8026176","syn24241492","ww.synapse.org/#!Synapse:syn24241492 and https://www.synapse."
"4004","16","pmc:PMC8026176","syn24241491","ww.synapse.org/#!Synapse:syn24241491 . Code availability Not"
"4005","16","pmc:PMC8026192","syn18634452","ww.synapse.org/#!Synapse:syn18634452 ). FISH. Interphase FISH"
"4006","16","pmc:PMC8026192","syn11638893","repository (doi:10.7303/syn11638893) and will be made availa"
"4007","16","pmc:PMC8027124","syn3388564","ww.synapse.org/#!Synapse:syn3388564 Supplementary Material T"
"4008","16","pmc:PMC8028071","syn23530651","ww.synapse.org/#!Synapse:syn23530651 . Plotting the Kaplan-Me"
"4009","16","pmc:PMC8028071","syn23530651","ww.synapse.org/#!Synapse:syn23530651 . Another datasets gener"
"4010","16","pmc:PMC8033412","syn3157743","22, 36, 44 (Synapse ID: syn3157743); Harvard Brain Tissue R"
"4011","16","pmc:PMC8033412","syn3159435","ebellum (CR; Synapse ID: syn3159435); and Religious Orders S"
"4012","16","pmc:PMC8033412","syn3219045","‐MAP) Study (Synapse ID: syn3219045) from dorsolateral prefr"
"4013","16","pmc:PMC8033412","syn3157743","ynapse.org , Synapse ID: syn3157743). The data were represen"
"4014","16","pmc:PMC8033412","syn3159438","tudies/DetailsPage?Study=syn3159438 ) via the AD Knowledge P"
"4015","16","pmc:PMC8033412","syn3219045","tudies/DetailsPage?Study=syn3219045 ) via the AD Knowledge P"
"4016","16","pmc:PMC8033412","syn3159435","tudies/DetailsPage?Study=syn3159435 ) via the AD Knowledge P"
"4017","16","pmc:PMC8034657","syn21861181","rocytes are available at syn21861181. TARDBP knockout mouse s"
"4018","16","pmc:PMC8037538","syn2759792","ww.synapse.org/#!Synapse:syn2759792/wiki/69613 ) accessed on"
"4019","16","pmc:PMC8042116","syn21903917","ing Room Synapse 10.7303/syn21903917 14. Ross T 2019 Endoscop"
"4020","16","pmc:PMC8042116","syn18779624","nge 2019 Synapse 10.7303/syn18779624 15. Dice LR Measures of"
"4021","16","pmc:PMC8042116","syn21898456","Data Set Synapse 10.7303/syn21898456 20. Wiesenfarth M Method"
"4022","16","pmc:PMC8043857","syn10901601","napse.org/ , Synapse ID: syn10901601. FastQ files from sequen"
"4023","16","pmc:PMC8046351","syn3219045","ww.synapse.org/#!Synapse:syn3219045 MayoClinicLOAD data, htt"
"4024","16","pmc:PMC8046351","syn2910256","ww.synapse.org/#!Synapse:syn2910256 GWAS catalog, https://ww"
"4025","16","pmc:PMC8046351","syn22316792","ww.synapse.org/#!Synapse:syn22316792 Supporting information S"
"4026","16","pmc:PMC8048495","syn2580853","on the Synapse platform (syn2580853). 50 , 51 , 52 On the AM"
"4027","16","pmc:PMC8048495","syn2580853","https://doi.org/10.7303/syn2580853 ). Study data were provi"
"4028","16","pmc:PMC8054235","syn22284997","apse.org and synapse ID: syn22284997. Also, for any additiona"
"4029","16","pmc:PMC8054830","syn11738318","ww.synapse.org/#!Synapse:syn11738318.4 ). Germline variant di"
"4030","16","pmc:PMC8054914","syn7118450","s and indels [Synapse ID syn7118450] and SVs [syn7596712]. W"
"4031","16","pmc:PMC8054914","syn7596712","ID syn7118450] and SVs [syn7596712]. We applied the 11 indi"
"4032","16","pmc:PMC8054914","syn8366024","res obtained from PCAWG [syn8366024]. Note that this approac"
"4033","16","pmc:PMC8055881","syn7824274","n annotation file (MAF) (syn7824274). These mutations were f"
"4034","16","pmc:PMC8055900","syn17010685","ynapse.org , Synapse ID: syn17010685) and by Wan et al. 95 ."
"4035","16","pmc:PMC8055900","syn17010685","apse.org/ , Synapse IDs: syn17010685, syn3163039, syn20801188"
"4036","16","pmc:PMC8055900","syn3163039","ynapse IDs: syn17010685, syn3163039, syn20801188). These dat"
"4037","16","pmc:PMC8055900","syn20801188","syn17010685, syn3163039, syn20801188). These data were genera"
"4038","16","pmc:PMC8058071","syn2623706","(accession doi: 10.7303/syn2623706). RNA sequencing and ana"
"4039","16","pmc:PMC8074512","syn3388564","edge Portal (Synapse ID: syn3388564). First, we linked signi"
"4040","16","pmc:PMC8074512","syn3157325","downloaded from AMP-AD (syn3157325) and imputed to the Hapl"
"4041","16","pmc:PMC8074512","syn3157275","https://doi.org/10.7303/syn3157275 ). The scripts for the a"
"4042","16","pmc:PMC8079392","syn3219045","ww.synapse.org/#!Synapse:syn3219045 ) ( https://www.synapse."
"4043","16","pmc:PMC8081343","syn2384331","ww.synapse.org/#!Synapse:syn2384331/wiki/64760 for challenge"
"4044","16","pmc:PMC8081343","syn2664852","ww.synapse.org/#!Synapse:syn2664852/wiki/68499 for implement"
"4045","16","pmc:PMC8082058","syn22312989","repository, [Synapse ID: syn22312989]. Declarations Ethics ap"
"4046","16","pmc:PMC8082263","syn11801497","ww.synapse.org/#!Synapse:syn11801497 TCGA ABSOLUTE-estimated"
"4047","16","pmc:PMC8086316","syn23538614","ity of life. Synapse ID: syn23538614. User name: @may.adham."
"4048","16","pmc:PMC8088074","syn4921369","tal Synapse 2016 10.7303/syn4921369 53. Law CW Chen Y Shi W"
"4049","16","pmc:PMC8094491","syn22313785","tudies/DetailsPage?Study=syn22313785 ) Declarations Ethics ap"
"4050","16","pmc:PMC8094491","syn22163073","ww.synapse.org/#!Synapse:syn22163073 . [cited 2020 Jun 25] 18"
"4051","16","pmc:PMC8094983","syn23532550","ww.synapse.org/#!Synapse:syn23532550/ , under the Synapse ID"
"4052","16","pmc:PMC8094983","syn23532550",", under the Synapse ID ‘syn23532550’. Declarations Ethics ap"
"4053","16","pmc:PMC8095368","syn18485175","om Synapse at accession: syn18485175. We used the post-QC UMI"
"4054","16","pmc:PMC8097388","syn3219045","MAP project (Synapse ID: syn3219045) (Bennett et al , 2012 )"
"4055","16","pmc:PMC8097388","syn11468526","NA‐seq data (Synapse ID: syn11468526) from ROSMAP study was a"
"4056","16","pmc:PMC8097388","syn4896408","OSMAP study (Synapse ID: syn4896408) overlapping with tested"
"4057","16","pmc:PMC8097388","syn3219045","ledge Portal Synapse ID: syn3219045 (Bennett et al , 2012 )."
"4058","16","pmc:PMC8097820","syn4566010","ww.synapse.org/#!Synapse:syn4566010 . Differential regions b"
"4059","16","pmc:PMC8098013","syn2790911","rom Synapse (doi:10.7303/syn2790911). Authors’ contributions"
"4060","16","pmc:PMC8098004","syn16795934","Sinai Brain Bank (MSBB) (syn16795934, RNA-seq of tissue from"
"4061","16","pmc:PMC8098004","syn6126176","ts) and the Mayo Clinic (syn6126176, RNA-seq of tissue from"
"4062","16","pmc:PMC8101181","syn7214402","ww.synapse.org/#!Synapse:syn7214402 . 92. Ellrott K Bailey M"
"4063","16","pmc:PMC8102856","syn7214402","ww.synapse.org/#!Synapse:syn7214402/wiki/406007 ), we filter"
"4064","16","pmc:PMC8103631","syn3157182","rg/Explore/Studies?Study=syn3157182 . b Summary statistics i"
"4065","16","pmc:PMC8103631","syn5550404","rg/Explore/Studies?Study=syn5550404 . Specific files relevan"
"4066","16","pmc:PMC8103631","syn6090811","ww.synapse.org/#!Synapse:syn6090811 , https://www.synapse.or"
"4067","16","pmc:PMC8103631","syn6122276","ww.synapse.org/#!Synapse:syn6122276 , and https://www.synaps"
"4068","16","pmc:PMC8103631","syn9786290","ww.synapse.org/#!Synapse:syn9786290 . b Summary statistics i"
"4069","16","pmc:PMC8103631","syn3157182","om Synapse (doi: 10.7303/syn3157182). The gene count matrix"
"4070","16","pmc:PMC8103631","syn5550404","om Synapse (doi: 10.7303/syn5550404). Data for the moue stud"
"4071","16","pmc:PMC8103951","syn21821578","https://doi.org/10.7303/syn21821578 • For additional informa"
"4072","16","pmc:PMC8103951","syn9779506","rg/Explore/Studies?Study=syn9779506 ) CONFLICTS OF INTEREST"
"4073","16","pmc:PMC8113759","syn2580853","ase. 4 60 – 72 . 10.7303/syn2580853 Shannon P. Markiel A. Oz"
"4074","16","pmc:PMC8118081","syn12026747","e SAGE synapse database (syn12026747) and additional informat"
"4075","16","pmc:PMC8120261","syn21069604","ww.synapse.org/#!Synapse:syn21069604 . The Python codes for C"
"4076","16","pmc:PMC8120261","syn2580853","https://doi.org/10.7303/syn2580853 ). ROSMAP Study data wer"
"4077","16","pmc:PMC8130821","syn17015098","ww.synapse.org/#!Synapse:syn17015098 . Confirmation phenotypi"
"4078","16","pmc:PMC8130821","syn9884314","ww.synapse.org/#!Synapse:syn9884314 . Protein weights for th"
"4079","16","pmc:PMC8130821","syn23191787","ww.synapse.org/#!Synapse:syn23191787 . Transcript weights and"
"4080","16","pmc:PMC8130821","syn20803583","ww.synapse.org/#!Synapse:syn20803583 . Competing interests Th"
"4081","16","pmc:PMC8131595","syn4587609","isorder gene expression, syn4587609 , Human 15q duplication"
"4082","16","pmc:PMC8131595","syn4587609","lication gene expression syn4587609 , Mouse Neuron HiC GSE96"
"4083","16","pmc:PMC8131595","syn18485175","Disease gene expression syn18485175 , Human Down Syndrome ge"
"4084","16","pmc:PMC8136003","syn22168639","apse (accession numbers: syn22168639, syn22168625 and syn2216"
"4085","16","pmc:PMC8136003","syn22168625","on numbers: syn22168639, syn22168625 and syn22168622). S-Pred"
"4086","16","pmc:PMC8136003","syn22168622","2168639, syn22168625 and syn22168622). S-PrediXcan and S-Mult"
"4087","16","pmc:PMC8136734","syn3219045","loaded from synapse.org (syn3219045). Raw count data were no"
"4088","16","pmc:PMC8140091","syn21788402","al. 54 (Synapse: 10.7303/syn21788402; only data from entorhin"
"4089","16","pmc:PMC8140091","syn21125841","al. 51 (Synapse: 10.7303/syn21125841), Mathys et al. 52 ( htt"
"4090","16","pmc:PMC8140091","syn18485175","ww.synapse.org/#!Synapse:syn18485175 ), and Grubman et al. 53"
"4091","16","pmc:PMC8142040","syn24226662","tps://dx.doi.org/10.7303/syn24226662 and Pohl, K.M., Podhajsk"
"4092","16","pmc:PMC8142040","syn25671177","tps://dx.doi.org/10.7303/syn25671177 distributed to the publi"
"4093","16","pmc:PMC8147512","syn17010685","napse.org/ , Synapse ID: syn17010685) and elsewhere [ 55 ]. G"
"4094","16","pmc:PMC8147512","syn22228853","https://doi.org/10.7303/syn22228853 . Results Cerebral amylo"
"4095","16","pmc:PMC8147512","syn2580853","nowledge Portal (10.7303/syn2580853). The Mayo Clinic AD-CAA"
"4096","16","pmc:PMC8149887","syn5609493","ww.synapse.org/#!Synapse:syn5609493 ) 15 . GWAS summary stat"
"4097","16","pmc:PMC8155058","syn21261143","ww.synapse.org/#!Synapse:syn21261143 ). All cells and genes i"
"4098","16","pmc:PMC8155058","syn3157322","ww.synapse.org/#!Synapse:syn3157322 ). The 32-subject snRNA-"
"4099","16","pmc:PMC8155058","syn21670836","ww.synapse.org/#!Synapse:syn21670836 ). The original count ma"
"4100","16","pmc:PMC8155058","syn3219045","ww.synapse.org/#!Synapse:syn3219045 , https://www.synapse.or"
"4101","16","pmc:PMC8155058","syn21670836","ww.synapse.org/#!Synapse:syn21670836 , https://www.synapse.or"
"4102","16","pmc:PMC8155058","syn18485175","ww.synapse.org/#!Synapse:syn18485175 ) and dbGaP (accession n"
"4103","16","pmc:PMC8158920","syn18485175","ww.synapse.org/#!Synapse:syn18485175 ) under the doi 10.7303/"
"4104","16","pmc:PMC8158920","syn18485175",") under the doi 10.7303/syn18485175 ; code used to run analy"
"4105","16","pmc:PMC8160299","syn21438358","ww.synapse.org/#!Synapse:syn21438358 and http://shiny.maths.u"
"4106","16","pmc:PMC8170065","syn4301332","ww.synapse.org/#!Synapse:syn4301332 Foitong S, Rojanavasu P,"
"4107","16","pmc:PMC8178202","syn12080241","from www.doi.org/10.7303/syn12080241 . This consisted of unif"
"4108","16","pmc:PMC8178202","syn12080241","e at www.doi.org/10.7303/syn12080241 . Processed PsychENCODE"
"4109","16","pmc:PMC8186784","syn7824274","different cancer types (syn7824274, https://gdc.cancer.gov/"
"4110","16","pmc:PMC8191334","syn22150694","e.org/ with synapse IDs, syn22150694, syn22150851, and syn255"
"4111","16","pmc:PMC8191334","syn22150851","ynapse IDs, syn22150694, syn22150851, and syn25551492, respec"
"4112","16","pmc:PMC8191334","syn25551492","150694, syn22150851, and syn25551492, respectively. Supportin"
"4113","16","pmc:PMC8192123","syn2623706","nsortium Synapse 10.7303/syn2623706 References Aiello NM Mad"
"4114","16","pmc:PMC8195153","syn21301852","https://doi.org/10.7303/syn21301852 ). Subject-level data fo"
"4115","16","pmc:PMC8196847","syn25328722","ww.synapse.org/#!Synapse:syn25328722 (accessed on 21 May 2021"
"4116","16","pmc:PMC8201123","syn23583473","stionnaire (DOI: 10.7303/syn23583473.1), questions validated"
"4117","16","pmc:PMC8206957","syn25567929","per Synapse (Synapse ID: syn25567929) Mouse single-cell RNase"
"4118","16","pmc:PMC8206957","syn25567929","ted in Synapse (Synapse: syn25567929). Experimental model and"
"4119","16","pmc:PMC8212145","syn17014378","ww.synapse.org/#!Synapse:syn17014378 . An alternative URL for"
"4120","16","pmc:PMC8214186","syn22107959","gh Synapse (DOI: 10.7303/syn22107959). Authors' Contributions"
"4121","16","pmc:PMC8218198","syn8507133","www.synapse.org/!Synapse:syn8507133/wiki/415976 ). The latte"
"4122","16","pmc:PMC8219045","syn3163039","portal under Synapse ID: syn3163039: Study data were provide"
"4123","16","pmc:PMC8221021","syn5759376",".synapse.org/ Synapse ID:syn5759376. The accession number fo"
"4124","16","pmc:PMC8221021","syn3159438",".synapse.org/ Synapse ID:syn3159438. The accession number fo"
"4125","16","pmc:PMC8221021","syn7170616",".synapse.org/ Synapse ID:syn7170616. The accession number fo"
"4126","16","pmc:PMC8221021","syn5550404",".synapse.org/ Synapse ID:syn5550404. The accession number fo"
"4127","16","pmc:PMC8221021","syn21411742","l.synapse.org Synapse ID:syn21411742. Code is available on Gi"
"4128","16","pmc:PMC8226229","syn2701943","ww.synapse.org/#!Synapse:syn2701943 ) was obtained ( 18 , 19"
"4129","16","pmc:PMC8226229","syn2701943","ples from PCBC database (syn2701943); b) map Ensembl IDs to"
"4130","16","pmc:PMC8228534","syn17008936","ww.synapse.org/#!Synapse:syn17008936 , accessed on 16 March 2"
"4131","16","pmc:PMC8228534","syn8456704","ww.synapse.org/#!Synapse:syn8456704 , accessed on 16 March 2"
"4132","16","pmc:PMC8228534","syn17015098","ww.synapse.org/#!Synapse:syn17015098 , accessed on 16 March 2"
"4133","16","pmc:PMC8233376","syn21760712","th the accession code of syn21760712 . H3K27ac, ATAC-seq, and"
"4134","16","pmc:PMC8233376","syn4566010","ls are available through syn4566010 , GSE83345 , and syn2054"
"4135","16","pmc:PMC8233376","syn20545534","4566010 , GSE83345 , and syn20545534 , respectively. H3K27ac"
"4136","16","pmc:PMC8233376","syn12034263","ns are available through syn12034263 . Human reference genome"
"4137","16","pmc:PMC8233692","syn20684755","ww.synapse.org/#!Synapse:syn20684755 Predictive modeling; Sub"
"4138","16","pmc:PMC8233692","syn21443858","ww.synapse.org/#!Synapse:syn21443858 MSigDB curated gene sets"
"4139","16","pmc:PMC8235576","syn11612204","ll rawfiles (Synapse ID: syn11612204; ProteomeXchange ID: PXD"
"4140","16","pmc:PMC8235576","syn11612204","ynapse.org ; Synapse ID: syn11612204). The mass spectrometry"
"4141","16","pmc:PMC8239004","syn22418021","research Synapse 10.7303/syn22418021 40. Kahneman D Krueger A"
"4142","16","pmc:PMC8240593","syn2812961","ww.synapse.org/#!Synapse:syn2812961 ) for survival analysis"
"4143","16","pmc:PMC8240593","syn2812961","ww.synapse.org/#!Synapse:syn2812961 ) and used for survival"
"4144","16","pmc:PMC8247413","syn2580853","https://doi.org/10.7303/syn2580853 ; see Acknowledgments),"
"4145","16","pmc:PMC8247413","syn8484987","the following datasets: syn8484987, syn8466812, syn8456629"
"4146","16","pmc:PMC8247413","syn8466812","ng datasets: syn8484987, syn8466812, syn8456629 for the brai"
"4147","16","pmc:PMC8247413","syn8456629","syn8484987, syn8466812, syn8456629 for the brain region–spe"
"4148","16","pmc:PMC8247413","syn11914606","riptome, we used dataset syn11914606. 86 The brain samples ar"
"4149","16","pmc:PMC8248162","syn4894912","ww.synapse.org/#!Synapse:syn4894912 . For all our analysis ("
"4150","16","pmc:PMC8248162","syn20801227","ww.synapse.org/#!Synapse:syn20801227 . For differential expre"
"4151","16","pmc:PMC8248162","syn3157182","ww.synapse.org/#!Synapse:syn3157182 . For all the constructi"
"4152","16","pmc:PMC8248162","syn5759470","ww.synapse.org/#!Synapse:syn5759470 ). Briefly, brain‐derive"
"4153","16","pmc:PMC8248162","syn10845773","ww.synapse.org/#!Synapse:syn10845773 . We obtained this data"
"4154","16","pmc:PMC8248162","syn5759470","ww.synapse.org/#!Synapse:syn5759470 ) from the Mount Sinai B"
"4155","16","pmc:PMC8254302","syn8690904","]. The counts for Mayo (syn8690904, syn8690799) and MSBB (s"
"4156","16","pmc:PMC8254302","syn8690799","ts for Mayo (syn8690904, syn8690799) and MSBB (syn8691099) w"
"4157","16","pmc:PMC8254302","syn8691099","4, syn8690799) and MSBB (syn8691099) were downloaded from th"
"4158","16","pmc:PMC8254789","syn5321694","er the accession number [syn5321694] https://www.synapse.org"
"4159","16","pmc:PMC8254789","syn5321694","ww.synapse.org/#!Synapse:syn5321694 16 . To calculate the ov"
"4160","16","pmc:PMC8254995","syn17015233","ww.synapse.org/#!Synapse:syn17015233 ) , representing RNA-seq"
"4161","16","pmc:PMC8254995","syn11914606","ww.synapse.org/#!Synapse:syn11914606 ), restricted to the met"
"4162","16","pmc:PMC8254995","syn17015233","ww.synapse.org/#!Synapse:syn17015233 . Legend: Position = GRC"
"4163","16","pmc:PMC8254995","syn17015233","repository, Synapse ID: syn17015233, https://www.synapse.org"
"4164","16","pmc:PMC8254995","syn17015233","ww.synapse.org/#!Synapse:syn17015233 . Legend: Chr = chromoso"
"4165","16","pmc:PMC8254995","syn11914606","repository, Synapse ID: syn11914606, https://www.synapse.org"
"4166","16","pmc:PMC8254995","syn11914606","ww.synapse.org/#!Synapse:syn11914606 , file meta.anlz.ad_cntr"
"4167","16","pmc:PMC8256330","syn4961785","ww.synapse.org/#!Synapse:syn4961785 ) [ 1 ] and classified i"
"4168","16","pmc:PMC8260784","syn23747212","set 37 (website: 10.7303/syn23747212), and is organized in th"
"4169","16","pmc:PMC8260784","syn23747212","set 37 (website: 10.7303/syn23747212). Competing interests Th"
"4170","16","pmc:PMC8260784","syn23747212","set FeTA Synapse 10.7303/syn23747212 38. Cabezas M Oliver A L"
"4171","16","pmc:PMC8260877","syn21849255","ww.synapse.org/#!Synapse:syn21849255/wiki/ 2020 Shamout F. Zh"
"4172","16","pmc:PMC8263768","syn22162155","tworks Synapse platform (syn22162155) ( https://www.synapse.o"
"4173","16","pmc:PMC8263768","syn22162155","ww.synapse.org/#!Synapse:syn22162155/files/ ). Conflicts of i"
"4174","16","pmc:PMC8268805","syn2160410","tained from synapse.org (syn2160410, accessed on 26 April 20"
"4175","16","pmc:PMC8276764","syn17037372","annotation (doi:10.7303/syn17037372) that used RNA-seq, prot"
"4176","16","pmc:PMC8276764","syn22969187","e (synapse.org), with ID syn22969187 . This includes our revi"
"4177","16","pmc:PMC8281595","syn1688369","ww.synapse.org/#!Synapse:syn1688369 , and used the provided"
"4178","16","pmc:PMC8285498","syn7222066","ww.synapse.org/#!Synapse:syn7222066/wiki/405659 ) 35 . Found"
"4179","16","pmc:PMC8285498","syn7222066","sion 8.0 under accession syn7222066 (10.7303/syn22228642) 35"
"4180","16","pmc:PMC8285498","syn22228642","sion syn7222066 (10.7303/syn22228642) 35 . For the FMAD cohor"
"4181","16","pmc:PMC8289709","syn17796423","ww.synapse.org/#!Synapse:syn17796423 ) ( 20 ). The channels s"
"4182","16","pmc:PMC8295977","syn22496218","ww.synapse.org/#!Synapse:syn22496218/files/ . Declarations Et"
"4183","16","pmc:PMC8298578","syn7357283","pse website (Synapse ID: syn7357283) and removed probes anno"
"4184","16","pmc:PMC8298578","syn25832093","ww.synapse.org/#!Synapse:syn25832093 ). Source data are provi"
"4185","16","pmc:PMC8302572","syn17112456","downloaded from Synapse (syn17112456, https://www.synapse.org"
"4186","16","pmc:PMC8302572","syn17112456",".org , reference number [syn17112456] 21 . . All data generat"
"4187","16","pmc:PMC8302638","syn18497223","ww.synapse.org/#!Synapse:syn18497223 ) 7 . Concordance was co"
"4188","16","pmc:PMC8302655","syn2942337","ww.synapse.org/#!Synapse:syn2942337/wiki/390658 ), at dbGaP"
"4189","16","pmc:PMC8302739","syn3191087","ttps://www.synapse.org : syn3191087, syn10901595, syn6101474"
"4190","16","pmc:PMC8302739","syn10901595","ynapse.org : syn3191087, syn10901595, syn6101474, syn10901600"
"4191","16","pmc:PMC8302739","syn6101474","syn3191087, syn10901595, syn6101474, syn10901600, syn3817650"
"4192","16","pmc:PMC8302739","syn10901600","syn10901595, syn6101474, syn10901600, syn3817650, syn10901601"
"4193","16","pmc:PMC8302739","syn3817650","syn6101474, syn10901600, syn3817650, syn10901601) and https:"
"4194","16","pmc:PMC8302739","syn10901601","syn10901600, syn3817650, syn10901601) and https://www.radc.ru"
"4195","16","pmc:PMC8305611","syn4978511","age Bionetworks Synapse (syn4978511) in April 2020, along wi"
"4196","16","pmc:PMC8321657","syn11738306","e PCAWG-7 group (Synapse:syn11738306: SignatureAnalyzer_COMPO"
"4197","16","pmc:PMC8321657","syn8042988","PCAWG-11 group (Synapse:syn8042988 and syn8293244: amp_gene"
"4198","16","pmc:PMC8321657","syn8293244","(Synapse:syn8042988 and syn8293244: amp_genes.conf_95.rmcnv"
"4199","16","pmc:PMC8321657","syn9758012","g/ ): somatic mutations (syn9758012), RNA-seq data (syn55539"
"4200","16","pmc:PMC8321657","syn5553991","n9758012), RNA-seq data (syn5553991), mutational signatures"
"4201","16","pmc:PMC8321657","syn11738306",", mutational signatures (syn11738306), and somatic copy numbe"
"4202","16","pmc:PMC8321657","syn8042988","and somatic copy number (syn8042988 and syn8293244). The ann"
"4203","16","pmc:PMC8321657","syn8293244","y number (syn8042988 and syn8293244). The annotation data ar"
"4204","16","pmc:PMC8321667","syn3157182","dge Portal (doi: 10.7303/syn3157182). Experimental details a"
"4205","16","pmc:PMC8321667","syn25006578",": http://doi.org/10.7303/syn25006578 . Interactive data porta"
"4206","16","pmc:PMC8333422","syn2351328","ww.synapse.org/#!Synapse:syn2351328/wiki/62351 ). SNV, Indel"
"4207","16","pmc:PMC8336959","syn11801497","://synapse.org/#!Synapse:syn11801497 . Acknowledgments We tha"
"4208","16","pmc:PMC8346252","syn23638028","https://doi.org/10.7303/syn23638028 . Ethics Statement The a"
"4209","16","pmc:PMC8353357","syn22313650","https://doi.org/10.7303/syn22313650 Experimental models: Org"
"4210","16","pmc:PMC8353357","syn22313650","https://doi.org/10.7303/syn22313650 . Graphical abstract was"
"4211","16","pmc:PMC8361065","syn23623067","available at doi:10.7303/syn23623067 . S.P.R.’s current addre"
"4212","16","pmc:PMC8361396","syn5592519","ttp://dx.doi.org/10.7303/syn5592519 (ADNI-1; last accessed 6"
"4213","16","pmc:PMC8361396","syn9705278","ttp://dx.doi.org/10.7303/syn9705278 (ADNI-GO/-2; last access"
"4214","16","pmc:PMC8369053","syn4993293","https://doi.org/10.7303/syn4993293 ). Conflict of interest"
"4215","16","pmc:PMC8369053","syn4993293","ww.synapse.org/#!Synapse:syn4993293/wiki/247859 5 Sage Bione"
"4216","16","pmc:PMC8371260","syn7214402","trieved from the Synapse syn7214402 on July 2017 (v. 0.2.8)"
"4217","16","pmc:PMC8371260","syn7214402","ww.synapse.org/#!Synapse:syn7214402/wiki/405297 ). Gene expr"
"4218","16","pmc:PMC8373975","syn2623706","ww.synapse.org/#!Synapse:syn2623706/files/ , following login"
"4219","16","pmc:PMC8374979","syn21125841","https://doi.org/10.7303/syn21125841 Accessed 14 June 2021 )."
"4220","16","pmc:PMC8376151","syn2759792","ww.synapse.org/#!Synapse:syn2759792/wiki/197295 RNAseq, DNAs"
"4221","16","pmc:PMC8379159","syn3219045","ww.synapse.org/#!Synapse:syn3219045 ). A full set of PsychEn"
"4222","16","pmc:PMC8383344","syn25882533","n Synapse portal (handle syn25882533) at https://www.synapse."
"4223","16","pmc:PMC8383344","syn25882533","ww.synapse.org/#!Synapse:syn25882533/ . Notably, one of the 2"
"4224","16","pmc:PMC8383344","syn25882533","ww.synapse.org/#!Synapse:syn25882533/ . RNA-seq QC, alignment"
"4225","16","pmc:PMC8383430","syn21557948","ENCODE Knowledge Portal: syn21557948 on Synapse.org ( https:/"
"4226","16","pmc:PMC8383430","syn4921369","ww.synapse.org/#!Synapse:syn4921369 ) [ 33 ]. The BrainSpan"
"4227","16","pmc:PMC8383430","syn6136125","ENCODE Knowledge Portal: syn6136125 on Synapse.org ( https:/"
"4228","16","pmc:PMC8383430","syn6136125","ww.synapse.org/#!Synapse:syn6136125 ) [ 12 , 34 ]. Scripts u"
"4229","16","pmc:PMC8383438","syn20755767","ww.synapse.org/#!Synapse:syn20755767 ). The DOI for this data"
"4230","16","pmc:PMC8383438","syn20755767","this dataset is 10.7303/syn20755767. The data are available"
"4231","16","pmc:PMC8383438","syn3388564","ww.synapse.org/#!Synapse:syn3388564 . 45. McCarthy DJ Campbe"
"4232","16","pmc:PMC8385119","syn21048999","Synapse with identifier syn21048999. Under different selecti"
"4233","16","pmc:PMC8386049","syn2580853","nowledge Portal (10.7303/syn2580853). ROSMAP study data were"
"4234","16","pmc:PMC8390461","syn21560510","Synapse under accessions syn21560510 and syn21560511 . Source"
"4235","16","pmc:PMC8390461","syn21560511","cessions syn21560510 and syn21560511 . Source data are provid"
"4236","16","pmc:PMC8404906","syn21560510","Synapse under accessions syn21560510 and syn21560511. Supplem"
"4237","16","pmc:PMC8404906","syn21560511","cessions syn21560510 and syn21560511. Supplementary Material"
"4238","16","pmc:PMC8405782","syn22317076","on Synapse (Synapse ID: syn22317076) 18 – 21 . A summary of"
"4239","16","pmc:PMC8405782","syn22317076","t MRI Dataset Synapse ID syn22317076 Availability Application"
"4240","16","pmc:PMC8405782","syn22317078","ion required DOI 10.7303/syn22317078 10.7303/syn22317079 10.7"
"4241","16","pmc:PMC8405782","syn22317079","7303/syn22317078 10.7303/syn22317079 10.7303/syn22317081 10.7"
"4242","16","pmc:PMC8405782","syn22317081","7303/syn22317079 10.7303/syn22317081 10.7303/syn22317082 Summ"
"4243","16","pmc:PMC8405782","syn22317082","7303/syn22317081 10.7303/syn22317082 Summary of contents 1) R"
"4244","16","pmc:PMC8405782","syn22317076","roject site (Synapse ID: syn22317076) or the DecNef Project B"
"4245","16","pmc:PMC8405782","syn22317078","se project site (10.7303/syn22317078), and email the complete"
"4246","16","pmc:PMC8405782","syn22317079","se project site (10.7303/syn22317079), and email the complete"
"4247","16","pmc:PMC8405782","syn22317081","se project site (10.7303/syn22317081). The SRPBS Traveling Su"
"4248","16","pmc:PMC8405782","syn22317082","se project site (10.7303/syn22317082). From the DecNef Projec"
"4249","16","pmc:PMC8405782","syn22317078","Dataset Synapse 10.7303/syn22317078 19. Tanaka SC 2019 SRPBS"
"4250","16","pmc:PMC8405782","syn22317079","tricted) Synapse 10.7303/syn22317079 20. Tanaka SC 2020 SRPBS"
"4251","16","pmc:PMC8405782","syn22317081","tricted) Synapse 10.7303/syn22317081 21. Tanaka SC 2019 SRPBS"
"4252","16","pmc:PMC8405782","syn22317082","Dataset Synapse 10.7303/syn22317082 22. Sheehan DV The Mini-"
"4253","16","pmc:PMC8406195","syn22036882","(GSE150657) and synapse (syn22036882). RNA-Seq data that supp"
"4254","16","pmc:PMC8407952","syn7818379","osited under synapse ID: syn7818379. RNA-seq of lisinopril-"
"4255","16","pmc:PMC8408227","syn2346643","ww.synapse.org/#!Synapse:syn2346643/wiki/62255 99 . The FGA"
"4256","16","pmc:PMC8408227","syn2346643","w.synapse.org/ -!Synapse:syn2346643/wiki/62255 and MetMap da"
"4257","16","pmc:PMC8413445","syn25992404","manuscript see: 10.7303/syn25992404. Full results data sets"
"4258","16","pmc:PMC8417400","syn3388564","https://doi.org/10.7303/syn3388564 accession number: syn338"
"4259","16","pmc:PMC8417400","syn3388564","388564 accession number: syn3388564 MSSM cohorts https://git"
"4260","16","pmc:PMC8417400","syn3388564","using accession number: syn3388564 ( https://doi.org/10.730"
"4261","16","pmc:PMC8417400","syn3388564","https://doi.org/10.7303/syn3388564 ). A second validation d"
"4262","16","pmc:PMC8421403","syn18485175","se under the access code syn18485175. The Tabula Muris datase"
"4263","16","pmc:PMC8423259","syn3219045","ww.synapse.org/#!Synapse:syn3219045 . This data consists of"
"4264","16","pmc:PMC8423259","syn3800853","samples (With Synapse ID syn3800853) were obtained from the"
"4265","16","pmc:PMC8423259","syn3157699","ww.synapse.org/#!Synapse:syn3157699 . The synthetic and cros"
"4266","16","pmc:PMC8423625","syn12299750","EGA and ENA. BrainSeq ( syn12299750 ) RNA-seq data were down"
"4267","16","pmc:PMC8423625","syn3219045","ded from dbGaP. ROSMAP ( syn3219045 ) RNA-seq and genotype d"
"4268","16","pmc:PMC8423758","syn25946110","er synapse.org/#!Synapse:syn25946110/files/Yeang_1000G_progra"
"4269","16","pmc:PMC8423786","syn22301662","n the Synapse ID project syn22301662 . Raw sequences for huma"
"4270","16","pmc:PMC8423786","syn22302285","ble with the Synapse IDs syn22302285 and syn25189163 . Raw se"
"4271","16","pmc:PMC8423786","syn25189163","apse IDs syn22302285 and syn25189163 . Raw sequences for huma"
"4272","16","pmc:PMC8423786","syn22301836","ble with the Synapse IDs syn22301836 . Raw sequences for huma"
"4273","16","pmc:PMC8423786","syn22301667","ble with the Synapse IDs syn22301667 . Raw sequences for neur"
"4274","16","pmc:PMC8423786","syn22302605","n the Synapse ID project syn22302605 . Raw sequences for neur"
"4275","16","pmc:PMC8423786","syn22307346","ilable in the Synapse ID syn22307346 . Raw sequences for neur"
"4276","16","pmc:PMC8423786","syn22306928","ilable in the Synapse ID syn22306928 . Raw sequences for neur"
"4277","16","pmc:PMC8423786","syn22306349","ilable in the Synapse ID syn22306349 . Raw sequences for neur"
"4278","16","pmc:PMC8423786","syn22305928","ilable in the Synapse ID syn22305928 . Raw sequences for neur"
"4279","16","pmc:PMC8423786","syn22305408","ilable in the Synapse ID syn22305408 . Raw sequences for neur"
"4280","16","pmc:PMC8423786","syn22304935","ilable in the Synapse ID syn22304935 . Raw sequences for neur"
"4281","16","pmc:PMC8423786","syn22304482","ilable in the Synapse ID syn22304482 . Raw sequences for neur"
"4282","16","pmc:PMC8423786","syn22304038","ilable in the Synapse ID syn22304038 . Raw sequences for neur"
"4283","16","pmc:PMC8423786","syn22303649","ilable in the Synapse ID syn22303649 . Raw sequences for neur"
"4284","16","pmc:PMC8423786","syn22303256","ilable in the Synapse ID syn22303256 . Raw sequences for neur"
"4285","16","pmc:PMC8423786","syn22302820","ilable in the Synapse ID syn22302820 . Raw sequences for mous"
"4286","16","pmc:PMC8423786","syn22308005","n the Synapse ID project syn22308005 . Raw sequences for mous"
"4287","16","pmc:PMC8423786","syn22308008","ilable in the Synapse ID syn22308008 . Raw sequences for mous"
"4288","16","pmc:PMC8423786","syn22308616","ilable in the Synapse ID syn22308616 . Raw sequences for mous"
"4289","16","pmc:PMC8423786","syn22309301","ilable in the Synapse ID syn22309301 . Raw sequences for mous"
"4290","16","pmc:PMC8423786","syn22310231","ilable in the Synapse ID syn22310231 . Raw sequences for mous"
"4291","16","pmc:PMC8423786","syn22309843","ilable in the Synapse ID syn22309843 . The National Cancer In"
"4292","16","pmc:PMC8429716","syn11801497","er 26 from synapse table syn11801497. The resulting list was"
"4293","16","pmc:PMC8429716","syn2813581","se storage, accession ID syn2813581. Processed data includes"
"4294","16","pmc:PMC8429716","syn8042988","b52302136b2dfa2d2f4b2000 syn8042988 consensus.20170119.somat"
"4295","16","pmc:PMC8429716","syn8042988","9f07aed1c70c6ebbe1db9aad syn8042988 consensus.20170217.purit"
"4296","16","pmc:PMC8429716","syn8272483","0521b23b31a57b0a35379d8e syn8272483 final_consensus_passonly"
"4297","16","pmc:PMC8429716","syn7364923","ec10d07cf826174c3dea5b78 syn7364923 final_consensus_passonly"
"4298","16","pmc:PMC8429716","syn7364923","5e0ec4eab83cfe22b9adee73 syn7364923 Supplementary informatio"
"4299","16","pmc:PMC8429716","syn2813581","ww.synapse.org/#!Synapse:syn2813581/files/ , and the Phylogi"
"4300","16","pmc:PMC8429716","syn2813581","y and evolution, 10.7303/syn2813581 (2019). 22. Dentro, S. P"
"4301","16","pmc:PMC8433314","syn2580853","nowledge Portal (10.7303/syn2580853). ACT study data were ge"
"4302","16","pmc:PMC8433314","syn2580853","e platform (doi: 10.7303/syn2580853). Access to these datase"
"4303","16","pmc:PMC8433314","syn5759376","ynapse IDs; URLs): ACT ( syn5759376 ), ROSMAP ( syn3219045 ;"
"4304","16","pmc:PMC8433314","syn3219045","( syn5759376 ), ROSMAP ( syn3219045 ; 10.1038/s41593-018-015"
"4305","16","pmc:PMC8433314","syn3159438","), MSBB (RNA Sequencing: syn3159438 , Microarray: syn3157699"
"4306","16","pmc:PMC8433314","syn3157699","syn3159438 , Microarray: syn3157699 ), Mayo Clinic Brain Ban"
"4307","16","pmc:PMC8433314","syn5550404","Mayo Clinic Brain Bank ( syn5550404 ; 10.1038/sdata.2016.89)"
"4308","16","pmc:PMC8433536","syn11967914","ww.synapse.org/#!Synapse:syn11967914 ) were refitted to the o"
"4309","16","pmc:PMC8437376","syn12080241","https://doi.org/10.7303/syn12080241 . The processed summary-"
"4310","16","pmc:PMC8437376","syn8466658","Collection, Synapse ID: syn8466658 ( https://www.synapse.or"
"4311","16","pmc:PMC8437376","syn12080241","ww.synapse.org/#!Synapse:syn12080241 ). RNA-Seq from post-mor"
"4312","16","pmc:PMC8442328","syn3219045","MP-AD) Knowledge Portal (syn3219045). For both the NACC and"
"4313","16","pmc:PMC8442328","syn3219045","MP-AD) Knowledge Portal (syn3219045). ADGC data are availabl"
"4314","16","pmc:PMC8447692","syn23583521","ww.synapse.org/#!Synapse:syn23583521 ) on request from the co"
"4315","16","pmc:PMC8452114","syn18485175","AMP-AD; accession number syn18485175). The filtered dataset c"
"4316","16","pmc:PMC8455606","syn21041850","ww.synapse.org/#!Synapse:syn21041850 ). Allen Brain data is a"
"4317","16","pmc:PMC8458434","syn25982096","ase under accession code syn25982096 [DOI: 10.7303/syn2598209"
"4318","16","pmc:PMC8458434","syn25982096","yn25982096 [DOI: 10.7303/syn25982096]. All the data behind al"
"4319","16","pmc:PMC8458434","syn25982096","vailable at DOI: 10.7303/syn25982096. The associated data are"
"4320","16","pmc:PMC8460824","syn22344904","tructions ). See 10.7303/syn22344904. Targeted metabolomics w"
"4321","16","pmc:PMC8471326","syn11707419","ww.synapse.org/#!Synapse:syn11707419 (accessed on 1 September"
"4322","16","pmc:PMC8471326","syn4164376","ww.synapse.org/#!Synapse:syn4164376 (accessed on 1 September"
"4323","16","pmc:PMC8471326","syn7416949","ww.synapse.org/#!Synapse:syn7416949 (accessed on 1 September"
"4324","16","pmc:PMC8474442","syn2580853","edge Portal (doi:10.7303/syn2580853). Study data were provid"
"4325","16","pmc:PMC8474442","syn2580853","edge Portal (doi:10.7303/syn2580853). These data were genera"
"4326","16","pmc:PMC8476497","syn3219045","OSMAP Study (Synapse ID: syn3219045) RNA-seq raw counts in t"
"4327","16","pmc:PMC8476497","syn3159438","Bank Study (Synapse ID: syn3159438) We downloaded 183 bulk"
"4328","16","pmc:PMC8476497","syn21898410",") database under 10.7303/syn21898410 [ https://www.synapse.or"
"4329","16","pmc:PMC8476497","syn21898410","ww.synapse.org/#!Synapse:syn21898410/wiki/603968 ]. The RNA-s"
"4330","16","pmc:PMC8476497","syn21589959","ROSMAP data (Synapse ID: syn21589959) was downloaded from htt"
"4331","16","pmc:PMC8476497","syn21589959","ww.synapse.org/#!Synapse:syn21589959 and MSSM data (Synapse I"
"4332","16","pmc:PMC8476497","syn7416949","d MSSM data (Synapse ID: syn7416949) was downloaded from htt"
"4333","16","pmc:PMC8476497","syn7416949","ww.synapse.org/#!Synapse:syn7416949 . Source data are provid"
"4334","16","pmc:PMC8477293","syn4993293","ww.synapse.org/#!Synapse:syn4993293"
"4335","16","pmc:PMC8479118","syn18681734","obtained from Synapse ( syn18681734 ). Patient data and addi"
"4336","16","pmc:PMC8479118","syn3191087","obtained from Synapse ( syn3191087 and syn18642926 , respec"
"4337","16","pmc:PMC8479118","syn18642926","Synapse ( syn3191087 and syn18642926 , respectively). DE anal"
"4338","16","pmc:PMC8483411","syn8404040","ge ( www.doi.org/10.7303/syn8404040 ) designed to promote an"
"4339","16","pmc:PMC8494642","syn21392931","ww.synapse.org/#!Synapse:syn21392931 ). scATAC-seq and scRNA-"
"4340","16","pmc:PMC8494642","syn21392931","ww.synapse.org/#!Synapse:syn21392931 ) and GEO ( GSE163018 )."
"4341","16","pmc:PMC8500881","syn25914210","ww.synapse.org/#!Synapse:syn25914210 ]. Declarations Conflict"
"4342","16","pmc:PMC8507133","syn1461151","e ( http://synapse.org ; syn1461151) [ 50 ]. Gene expression"
"4343","16","pmc:PMC8507736","syn4961785","ww.synapse.org/#!Synapse:syn4961785 accessed date: 2 Februar"
"4344","16","pmc:PMC8507736","syn4961785","synapse data portal (ID: syn4961785). These were the same ge"
"4345","16","pmc:PMC8507780","syn25915977","Synapse with access ID: syn25915977 ( https://www.synapse.or"
"4346","16","pmc:PMC8507780","syn25915975","ww.synapse.org/#!Synapse:syn25915975/files ) and it has been"
"4347","16","pmc:PMC8515049","syn5550404","(14) Mayo Clinic RNA-Seq syn5550404 154 80 (52) 49/31 (61) 4"
"4348","16","pmc:PMC8515049","syn3159438","6/38 (49) 9/65 (12) MSBB syn3159438 301 185 (62) 131/54 (71)"
"4349","16","pmc:PMC8515049","syn3219045","(49) 16/100 (13) ROSMAP syn3219045 417 218 (52) 151/67 (70)"
"4350","16","pmc:PMC8519331","syn22250673","Comportamentos. 10.7303/syn22250673.1. Accessed 18 May 2021"
"4351","16","pmc:PMC8519945","syn17015233","n an AD cohort (Synapse: syn17015233 36 ). We found 16 (11%,"
"4352","16","pmc:PMC8519945","syn17015233","v.6.p 86 , and Synapse (syn17015233 36 ). Identification of"
"4353","16","pmc:PMC8519945","syn7391833","omic data. From Synapse (syn7391833 96 ), we collected expre"
"4354","16","pmc:PMC8519945","syn10239444","controls. From Synapse (syn10239444 97 ), we also collected"
"4355","16","pmc:PMC8519945","syn14237651",".1516604113 27071083 29. syn14237651. https://www.synapse.org"
"4356","16","pmc:PMC8519945","syn14237651","ww.synapse.org/#!Synapse:syn14237651 30. Lin JR Integrated po"
"4357","16","pmc:PMC8519945","syn17015233","-019-0455-2 31253979 36. syn17015233. https://www.synapse.org"
"4358","16","pmc:PMC8519945","syn17015233","ww.synapse.org/#!Synapse:syn17015233 37. Rogaeva E The neuron"
"4359","16","pmc:PMC8519945","syn7391833","nature10524 22031444 96. syn7391833. https://www.synapse.org"
"4360","16","pmc:PMC8519945","syn7391833","ww.synapse.org/#!Synapse:syn7391833 97. Ping L Global quanti"
"4361","16","pmc:PMC8519958","syn23628482","e to download at 10.7303/syn23628482 15 includes gene express"
"4362","16","pmc:PMC8519958","syn23628482","ner.etal Synapse 10.7303/syn23628482 16. Rezaie N M. A 2021 S"
"4363","16","pmc:PMC8521603","syn4988768","ww.synapse.org/#!Synapse:syn4988768 Drug targets were querie"
"4364","16","pmc:PMC8522707","syn20366914","ww.synapse.org/#!Synapse:syn20366914/wiki/594733 NA Software"
"4365","16","pmc:PMC8522707","syn20366914","ww.synapse.org/#!Synapse:syn20366914/wiki/594733 NA Methods a"
"4366","16","pmc:PMC8522707","syn20366914","ww.synapse.org/#!Synapse:syn20366914/wiki/593925 ) and open s"
"4367","16","pmc:PMC8522707","syn20564743","ww.synapse.org/#!Synapse:syn20564743 Description of predictio"
"4368","16","pmc:PMC8522707","syn20366914","ww.synapse.org/#!Synapse:syn20366914/wiki/594733 Prediction d"
"4369","16","pmc:PMC8524963","syn12033248","ng data sets: SynapseID: syn12033248 [ 9 ]; SynapseID: syn170"
"4370","16","pmc:PMC8524963","syn17092080","033248 [ 9 ]; SynapseID: syn17092080 [ 86 ]. Data were genera"
"4371","16","pmc:PMC8530461","syn24872746","https://doi.org/10.7303/syn24872746 References 1. Lim GY , P"
"4372","16","pmc:PMC8544520","syn11932957","dge Portal (DOI: 10.7303/syn11932957.1). The human co-express"
"4373","16","pmc:PMC8544520","syn10309369","r batch effects (10.7303/syn10309369.1). A total of 660 co-ex"
"4374","16","pmc:PMC8544520","syn11914606","red to controls (10.7303/syn11914606). Finally, multiple co-e"
"4375","16","pmc:PMC8544520","syn23631984","https://doi.org/10.7303/syn23631984 . Results Biometric Prof"
"4376","16","pmc:PMC8544520","syn11180450","ww.synapse.org/#!Synapse:syn11180450 4 https://adknowledgepor"
"4377","16","pmc:PMC8544520","syn23631984","rg/repo/v1/doi/locate?id=syn23631984&type=ENTITY . Krasemann"
"4378","16","pmc:PMC8551262","syn21041850","ww.synapse.org/#!Synapse:syn21041850/ Human genome-wide pheno"
"4379","16","pmc:PMC8559167","syn11801889","ilable in synapse.org ID syn11801889: https://www.synapse.org"
"4380","16","pmc:PMC8559167","syn11804040","www.synapse.org#!Synapse:syn11804040 , and we utilized them a"
"4381","16","pmc:PMC8560912","syn1757063","ww.synapse.org/#!Synapse:syn1757063 ). TNBC subtyping The TN"
"4382","16","pmc:PMC8563012","syn21041850","ww.synapse.org/#!Synapse:syn21041850/wiki/60086 . 1 µl of pri"
"4383","16","pmc:PMC8563941","syn21041850","ww.synapse.org/#!Synapse:syn21041850 ]. Skin single-cell data"
"4384","16","pmc:PMC8563941","syn21041850","ww.synapse.org/#!Synapse:syn21041850 ]. Source data are provi"
"4385","16","pmc:PMC8564098","syn18485175","g Project (ROSMAP) data (syn18485175), the single‐cell expres"
"4386","16","pmc:PMC8564098","syn18485175","rg/Explore/Studies?Study=syn18485175 ). The data included qua"
"4387","16","pmc:PMC8564098","syn21125841","rated using ROSMAP data (syn21125841) [ 27 ] was analyzed for"
"4388","16","pmc:PMC8564098","syn18485175","rlap with that of ROSMAP syn18485175 data [ 41 ] and had the"
"4389","16","pmc:PMC8564098","syn21670836","rg/Explore/Studies?Study=syn21670836 ). The 19 individual dat"
"4390","16","pmc:PMC8564098","syn18485175","richment plots of ROSMAP syn18485175 data (samples from 45 in"
"4391","16","pmc:PMC8564098","syn18485175","I in microglia of ROSMAP syn18485175 data. Dataset TREM2 DEG"
"4392","16","pmc:PMC8564098","syn18485175","al score of AD of ROSMAP syn18485175 data. Dataset TREM2 DEG"
"4393","16","pmc:PMC8564098","syn21125841","eq dataset, ROSMAP data (syn21125841) [ 27 ], to replicate ou"
"4394","16","pmc:PMC8564098","syn18485175","JL processed the ROSMAP syn18485175 data and wrote the manus"
"4395","16","pmc:PMC8564098","syn21125841","KY processed the ROSMAP syn21125841 data and wrote the manus"
"4396","16","pmc:PMC8564098","syn21125841","ication data set (ROSMAP syn21125841 data: samples from 19 in"
"4397","16","pmc:PMC8564098","syn18485175","es of donors from ROSMAP syn18485175 data. Click here for add"
"4398","16","pmc:PMC8564098","syn21125841","es of donors from ROSMAP syn21125841 data. Click here for add"
"4399","16","pmc:PMC8564098","syn18485175","s of the snRNA‐seq data, syn18485175, and syn21125841 used in"
"4400","16","pmc:PMC8564098","syn21125841","q data, syn18485175, and syn21125841 used in the GSEA analyse"
"4401","16","pmc:PMC8564098","syn18485175","(ROSMAP) data used here (syn18485175 and syn21125841) are ava"
"4402","16","pmc:PMC8564098","syn21125841","ed here (syn18485175 and syn21125841) are available at AD Kno"
"4403","16","pmc:PMC8564098","syn18485175","rg/Explore/Studies?Study=syn18485175 and https://adknowledgep"
"4404","16","pmc:PMC8564098","syn21670836","rg/Explore/Studies?Study=syn21670836 ). References 1 Agatonov"
"4405","16","pmc:PMC8565335","syn6131484","ww.synapse.org/#!Synapse:syn6131484/wiki/402026 . 37. McLean"
"4406","16","pmc:PMC8566601","syn2582579","ww.synapse.org/#!Synapse:syn2582579 ) as open-access data al"
"4407","16","pmc:PMC8567580","syn11726601","https://doi.org/10.7303/syn11726601 . Declarations Ethics ap"
"4408","16","pmc:PMC8569145","syn3219045","tudies/DetailsPage?Study=syn3219045 ). Processed GTEx data ("
"4409","16","pmc:PMC8572491","syn25618990","manuscript see: 10.7303/syn25618990. Pathologic and phenotyp"
"4410","16","pmc:PMC8575029","syn4231880","enge through Synapse ID (syn4231880) [ 36 ]. The authors tha"
"4411","16","pmc:PMC8579100","syn3280809","ww.synapse.org/#!Synapse:syn3280809/wiki/194735 and https://"
"4412","16","pmc:PMC8579100","syn3280809","ww.synapse.org/#!Synapse:syn3280809/wiki/194736 . Ethics Sta"
"4413","16","pmc:PMC8580310","syn18485175","://synapse.org/#!Synapse:syn18485175 ). Code used to run the"
"4414","16","pmc:PMC8580619","syn21041850","ynapse (accession number syn21041850; ref. 58 ). These data w"
"4415","16","pmc:PMC8581407","syn7824274",".maf) was retrieved from syn7824274 on the Synapse website ("
"4416","16","pmc:PMC8584243","syn9702085","n study is accessible by syn9702085. For ROSMAP study, refer"
"4417","16","pmc:PMC8584243","syn10498765","r ROSMAP study, refer to syn10498765, syn21323366 and syn3191"
"4418","16","pmc:PMC8584243","syn21323366","y, refer to syn10498765, syn21323366 and syn3191090, syn31910"
"4419","16","pmc:PMC8584243","syn3191090","0498765, syn21323366 and syn3191090, syn3191087. For the May"
"4420","16","pmc:PMC8584243","syn3191087","21323366 and syn3191090, syn3191087. For the MayoRNASeq stud"
"4421","16","pmc:PMC8584243","syn3817650","yoRNASeq study, refer to syn3817650, syn10498758 and syn5223"
"4422","16","pmc:PMC8584243","syn10498758","dy, refer to syn3817650, syn10498758 and syn5223705. The list"
"4423","16","pmc:PMC8584243","syn5223705","3817650, syn10498758 and syn5223705. The list of 57 metaboli"
"4424","16","pmc:PMC8584970","syn25870975","ww.synapse.org/#!Synapse:syn25870975/files/ ). Additional dat"
"4425","16","pmc:PMC8587743","syn23565056","ww.synapse.org/#!Synapse:syn23565056/wiki/608635 (accessed on"
"4426","16","pmc:PMC8597198","syn22020090","ww.synapse.org/#!Synapse:syn22020090/wiki/602603 COMPETING IN"
"4427","16","pmc:PMC8597198","syn22020090","ww.synapse.org/#!Synapse:syn22020090/wiki/602603 ) and availa"
"4428","16","pmc:PMC8604807","syn22727017","https://doi.org/10.7303/syn22727017 ). All transcriptomic da"
"4429","16","pmc:PMC8607631","syn4993293","org/mPower doi: [10.7303/syn4993293. Declarations Ethics app"
"4430","16","pmc:PMC8617174","syn10389158","owing accession numbers: syn10389158, syn1038916, syn8042988,"
"4431","16","pmc:PMC8617174","syn1038916","on numbers: syn10389158, syn1038916, syn8042988, syn7596712,"
"4432","16","pmc:PMC8617174","syn8042988","syn10389158, syn1038916, syn8042988, syn7596712, syn11639581"
"4433","16","pmc:PMC8617174","syn7596712","syn1038916, syn8042988, syn7596712, syn11639581, syn8272483"
"4434","16","pmc:PMC8617174","syn11639581","syn8042988, syn7596712, syn11639581, syn8272483, syn14778989"
"4435","16","pmc:PMC8617174","syn8272483","syn7596712, syn11639581, syn8272483, syn14778989 and syn1477"
"4436","16","pmc:PMC8617174","syn14778989","syn11639581, syn8272483, syn14778989 and syn14778990, respect"
"4437","16","pmc:PMC8617174","syn14778990","8272483, syn14778989 and syn14778990, respectively. Hyperlink"
"4438","16","pmc:PMC8617174","syn10389158","perlinks are show below. syn10389158 , syn1038916 , syn804298"
"4439","16","pmc:PMC8617174","syn1038916","how below. syn10389158 , syn1038916 , syn8042988 , syn759671"
"4440","16","pmc:PMC8617174","syn8042988","n10389158 , syn1038916 , syn8042988 , syn7596712 . syn116395"
"4441","16","pmc:PMC8617174","syn7596712","yn1038916 , syn8042988 , syn7596712 . syn11639581 , syn82724"
"4442","16","pmc:PMC8617174","syn11639581","yn8042988 , syn7596712 . syn11639581 , syn8272483 , syn147789"
"4443","16","pmc:PMC8617174","syn8272483","n7596712 . syn11639581 , syn8272483 , syn14778989 , syn14778"
"4444","16","pmc:PMC8617174","syn14778989","n11639581 , syn8272483 , syn14778989 , syn14778990 . Code ava"
"4445","16","pmc:PMC8617174","syn14778990","n8272483 , syn14778989 , syn14778990 . Code availability A pr"
"4446","16","pmc:PMC8621263","syn3193805","vailable online: 10.7303/syn3193805 (accessed on 21 October"
"4447","16","pmc:PMC8624042","syn1688369","ww.synapse.org/#!Synapse:syn1688369/wiki/27311 . The TCGA-BR"
"4448","16","pmc:PMC8624739","syn26454110","request at DOI: 10.7303/syn26454110. Conflicts of Interest T"
"4449","16","pmc:PMC8627059","syn25884313","https://doi.org/10.7303/syn25884313 [ 8 ] Dataset 2 pbf_heal"
"4450","16","pmc:PMC8627059","syn25884313","https://doi.org/10.7303/syn25884313 [ 8 ] Dataset 3 pbf_heal"
"4451","16","pmc:PMC8627059","syn25884313","https://doi.org/10.7303/syn25884313 [ 8 ] Dataset 4 pbf_heal"
"4452","16","pmc:PMC8627059","syn25884313","https://doi.org/10.7303/syn25884313 [ 8 ] Data file 1 pbf_he"
"4453","16","pmc:PMC8627059","syn25884313","https://doi.org/10.7303/syn25884313 [ 8 ] Data file 2 pbf_he"
"4454","16","pmc:PMC8627059","syn25884313","https://doi.org/10.7303/syn25884313 [ 8 ] Data file 3 pbf_he"
"4455","16","pmc:PMC8627059","syn25884313","https://doi.org/10.7303/syn25884313 [ 8 ] Data file 4 script"
"4456","16","pmc:PMC8627059","syn25884313","https://doi.org/10.7303/syn25884313 [ 8 ] Data file 5 script"
"4457","16","pmc:PMC8627059","syn25884313","https://doi.org/10.7303/syn25884313 [ 8 ] Data file 6 pbf_he"
"4458","16","pmc:PMC8627059","syn25884313","https://doi.org/10.7303/syn25884313 [ 8 ] Data file 7 pbf_he"
"4459","16","pmc:PMC8627059","syn25884313","https://doi.org/10.7303/syn25884313 [ 8 ] Data construction"
"4460","16","pmc:PMC8627059","syn25885153","/www.synapse.org/Synapse:syn25885153 . Publisher's Note Sprin"
"4461","16","pmc:PMC8627059","syn25884313","https://doi.org/10.7303/syn25884313 [ 8 ]. Please see Table"
"4462","16","pmc:PMC8627059","syn25148356","azil. Tech. Rep. 10.7303/syn25148356 (2021) 7. Boccolini CS."
"4463","16","pmc:PMC8627059","syn25049520","https://doi.org/10.7303/syn25049520 (2021) 8. Baroni L, Alve"
"4464","16","pmc:PMC8627059","syn25884313","o 2021. Synapse: 10.7303/syn25884313 (2021)"
"4465","16","pmc:PMC8629192","syn21041850","snowlab/HLCA ) (Synapse #syn21041850), and from the Tissue St"
"4466","16","pmc:PMC8637040","syn22276064","he sACC and AMY (Synapse syn22276064). Results: Marker findin"
"4467","16","pmc:PMC8640037","syn22335108","ww.synapse.org/#!Synapse:syn22335108 ) and have identified th"
"4468","16","pmc:PMC8640037","syn22335108","ww.synapse.org/#!Synapse:syn22335108 . We also identified 7 A"
"4469","16","pmc:PMC8640037","syn8540822","A-seq bam files of MSBB (syn8540822) and MAYO (syn8540820 fo"
"4470","16","pmc:PMC8640037","syn8540820","B (syn8540822) and MAYO (syn8540820 for temporal cortex and"
"4471","16","pmc:PMC8640037","syn8540821","for temporal cortex and syn8540821 for cerebellum). The det"
"4472","16","pmc:PMC8640037","syn9702085","tform with Synapse ID of syn9702085 . In brief, the aligned"
"4473","16","pmc:PMC8640037","syn8540822","ww.synapse.org/#!Synapse:syn8540822 ) and MAYO (temporal cor"
"4474","16","pmc:PMC8640037","syn8540820","ww.synapse.org/#!Synapse:syn8540820 and cerebellum: https://"
"4475","16","pmc:PMC8640037","syn8540821","ww.synapse.org/#!Synapse:syn8540821 RNA-seq projects from th"
"4476","16","pmc:PMC8640037","syn8691099","ww.synapse.org/#!Synapse:syn8691099.1 ; temporal cortex of M"
"4477","16","pmc:PMC8640037","syn8690799","ww.synapse.org/#!Synapse:syn8690799.1 ; and cerebellum of MA"
"4478","16","pmc:PMC8640037","syn8690904","ww.synapse.org/#!Synapse:syn8690904.1 ). The detailed descri"
"4479","16","pmc:PMC8640037","syn17010685","ww.synapse.org/#!Synapse:syn17010685 . In brief, the gene exp"
"4480","16","pmc:PMC8640037","syn9884314","ww.synapse.org/#!Synapse:syn9884314 and Supplementary Method"
"4481","16","pmc:PMC8640037","syn6101474","ile “MSBB_clinical.csv” (syn6101474) according to the downlo"
"4482","16","pmc:PMC8640037","syn6100548","_RNAseq_covariates.csv” (syn6100548) and “MSBB_RNAseq.WES.WG"
"4483","16","pmc:PMC8640037","syn12178047","WGS_sample_QC_info.csv” (syn12178047). We transformed the var"
"4484","16","pmc:PMC8640037","syn5223705","seq_CBE_covariates.csv” (syn5223705) and the QC file is “May"
"4485","16","pmc:PMC8640037","syn6126119","ASeq_CBE_QCdetails.txt” (syn6126119). The filesets of the te"
"4486","16","pmc:PMC8640037","syn3817650","seq_TCX_covariates.csv” (syn3817650) and “MayoRNAseq_RNAseq_"
"4487","16","pmc:PMC8640037","syn22335108","under accession code of syn22335108 . The raw data is protec"
"4488","16","pmc:PMC8642431","syn16816734","0) 12 , 63 , Dataset 10 (syn16816734) 10 , 64 , Dataset 11 (s"
"4489","16","pmc:PMC8642431","syn21441771","4) 10 , 64 , Dataset 11 (syn21441771) 6 , 65 , Dataset 12 (sy"
"4490","16","pmc:PMC8642431","syn21441782","71) 6 , 65 , Dataset 12 (syn21441782) 6 , 66 , Dataset 13 (sy"
"4491","16","pmc:PMC8642431","syn21444768","82) 6 , 66 , Dataset 13 (syn21444768) 6 , 67 , Datasets 14–15"
"4492","16","pmc:PMC8642431","syn16816734","gen 2018 Synapse 10.7303/syn16816734 65. Dammer E 2019 The Co"
"4493","16","pmc:PMC8642431","syn21441771","ww.synapse.org/#!Synapse:syn21441771 66. Dammer E 2019 The Co"
"4494","16","pmc:PMC8642431","syn21441782","ww.synapse.org/#!Synapse:syn21441782 67. Dammer E 2019 The Co"
"4495","16","pmc:PMC8642431","syn21444768","ww.synapse.org/#!Synapse:syn21444768 68. Wang X 2019 Deep Mul"
"4496","16","pmc:PMC8642467","syn5049520","e obtained from Synapse (syn5049520). High-level deletion fo"
"4497","16","pmc:PMC8642467","syn5049520","ownloaded from Synapse ( syn5049520 ). Gene Ontology (GO mol"
"4498","16","pmc:PMC8648735","syn26340457","se under accession codes syn26340457 [10.7303/syn26340457] an"
"4499","16","pmc:PMC8648735","syn26340457","des syn26340457 [10.7303/syn26340457] and syn26339303 [10.730"
"4500","16","pmc:PMC8648735","syn26339303","10.7303/syn26340457] and syn26339303 [10.7303/syn26339303], r"
"4501","16","pmc:PMC8648735","syn26339303","and syn26339303 [10.7303/syn26339303], respectively. As sensi"
"4502","16","pmc:PMC8648735","syn26339302","ase under accession code syn26339302 [10.7303/syn26339302]. T"
"4503","16","pmc:PMC8648735","syn26339302","ode syn26339302 [10.7303/syn26339302]. The genome-wide signif"
"4504","16","pmc:PMC8652146","syn12026190","ww.synapse.org/#!Synapse:syn12026190 . Author Contributions C"
"4505","16","pmc:PMC8659489","syn20825169","://synapse.org/#!synapse:syn20825169/wiki/600904 (accessed on"
"4506","16","pmc:PMC8660923","syn16984815","ww.synapse.org/#!Synapse:syn16984815 NCBI gene2go file: ftp:/"
"4507","16","pmc:PMC8661265","syn1773109","ww.synapse.org/#!Synapse:syn1773109/wiki/54962 ). We then bu"
"4508","16","pmc:PMC8675870","syn17115987","r” datasets (Synapse ID: syn17115987): Mayo Clinic Brain Bank"
"4509","16","pmc:PMC8675870","syn20818651","ataset (PHG, Synapse ID: syn20818651). The AD Knowledge Porta"
"4510","16","pmc:PMC8682753","syn16806696","ww.synapse.org/#!Synapse:syn16806696 . The SNARE-seq dataset,"
"4511","16","pmc:PMC8684104","syn21041850","ww.synapse.org/#!Synapse:syn21041850 ), and from ( https://th"
"4512","16","pmc:PMC8688498","syn21650484","dies/DetailsPage?studyId=syn21650484 . Code availability The"
"4513","16","pmc:PMC8692161","syn2701943","Cs in the PCBC database (syn2701943), the stemness signature"
"4514","16","pmc:PMC8700271","syn2790911","rom Synapse (doi:10.7303/syn2790911). The Alzheimer’s Diseas"
"4515","16","pmc:PMC8700271","syn7170616","ed from Synapse (10.7303/syn7170616). The Baltimore Longitud"
"4516","16","pmc:PMC8700271","syn3606086","ed from Synapse (10.7303/syn3606086). The Mayo Clinic Alzhei"
"4517","16","pmc:PMC8700271","syn5550404","rom Synapse (doi:10.7303/syn5550404). The Mount Sinai Brain"
"4518","16","pmc:PMC8700271","syn3159438","ed from Synapse (10.7303/syn3159438). The ROS/MAP study data"
"4519","16","pmc:PMC8700271","syn3219045","rom Synapse (doi:10.7303/syn3219045). The results published"
"4520","16","pmc:PMC8720242","syn25834831","apse repository, 10.7303/syn25834831. Competing interests Jah"
"4521","16","pmc:PMC8720382","syn26018286","ww.synapse.org/#!Synapse:syn26018286 . To identify each cell"
"4522","16","pmc:PMC8728025","syn17115987","-AD contributed studies (syn17115987). In the ROSMAP cohort,"
"4523","16","pmc:PMC8728025","syn8456629","ed from DLPFC ( n = 639, syn8456629). 18 , 19 In Mayo RNA-se"
"4524","16","pmc:PMC8728025","syn8466812","9 In Mayo RNA-seq study (syn8466812), brain tissue samples w"
"4525","16","pmc:PMC8728025","syn8484987","276). 21 The MSBB study (syn8484987) has 1096 samples from t"
"4526","16","pmc:PMC8728025","syn3817650","e obtained from Synapse (syn3817650 for Mayo TCX samples, sy"
"4527","16","pmc:PMC8728025","syn5223705","50 for Mayo TCX samples, syn5223705 for Mayo cerebellum samp"
"4528","16","pmc:PMC8728025","syn6101474","o cerebellum samples and syn6101474 for all the MSBB samples"
"4529","16","pmc:PMC8728025","syn8456629","xpression (DE) analysis (syn8456629). 23 Genes were first so"
"4530","16","pmc:PMC8728025","syn8456629","for ROSMAP cohort alone (syn8456629, Supplementary Fig. 2B )"
"4531","16","pmc:PMC8728025","syn11914606","he AMP-AD meta-analysis (syn11914606, Supplementary Fig. 2C )"
"4532","16","pmc:PMC8728025","syn8456629","for the ROSMAP data set (syn8456629)], so it might not be ab"
"4533","16","pmc:PMC8728025","syn8456629","y ROSMAP data set alone (syn8456629) nor those from the AMP-"
"4534","16","pmc:PMC8728025","syn11914606","s disease meta-analysis (syn11914606) could fully reproduce t"
"4535","16","pmc:PMC8728025","syn2580853","adknowledgeportal.org ) (syn2580853). The RNA-seq Harmonizat"
"4536","16","pmc:PMC8729182","syn3388564","edge Portal (Synapse ID: syn3388564). For each gene, we asse"
"4537","16","pmc:PMC8729182","syn3388564","from AMP-AD (accession: syn3388564). The pathwayMultiomics"
"4538","16","pmc:PMC8739708","syn2623706","ww.synapse.org/#!Synapse:syn2623706/files/ ). We further com"
"4539","16","pmc:PMC8741191","syn26451619","Synapse.org (doi:10.7303/syn26451619). The RNA-seq data are a"
"4540","16","pmc:PMC8742956","syn2787209","] (synapse.org/#!Synapse:syn2787209/wiki/70349) under the id"
"4541","16","pmc:PMC8742956","syn3130842","49) under the identifier syn3130842. Approval by a local eth"
"4542","16","pmc:PMC8748499","syn11801889","ww.synapse.org/#!Synapse:syn11801889 ) for NxSxN-extended sig"
"4543","16","pmc:PMC8748499","syn11726601","ww.synapse.org/#!Synapse:syn11726601/files/ ), ICGC brain tum"
"4544","16","pmc:PMC8748538","syn12025148","ww.synapse.org/#!Synapse:syn12025148 (Ref. 2 ). Code for runn"
"4545","16","pmc:PMC8749978","syn2347014","synapse.org (Synapse ID: syn2347014). ** Validated by RNA se"
"4546","16","pmc:PMC8751379","syn21788402","ynapse.org , Synapse ID: syn21788402). The raw data were depo"
"4547","16","pmc:PMC8756507","syn16804296","at Synapse (Synapse ID: syn16804296). Individual-level GTEx"
"4548","16","pmc:PMC8756507","syn16804296","ww.synapse.org/#!Synapse:syn16804296 TIGAR-V2, https://github"
"4549","16","pmc:PMC8758478","syn8612097","ww.synapse.org/#!Synapse:syn8612097 . These fastq files had"
"4550","16","pmc:PMC8774680","syn3388564","https://doi.org/10.7303/syn3388564 accessed on 22 November"
"4551","16","pmc:PMC8783683","syn25765224","//www.dx.doi.org/10.7303/syn25765224 ). Briefly, the followin"
"4552","16","pmc:PMC8784774","syn20968331","ps://www.doi.org/10.7303/syn20968331 . Raw data is also avail"
"4553","16","pmc:PMC8784774","syn20968331","ww.synapse.org/#!Synapse:syn20968331/wiki/597042). Links to a"
"4554","16","pmc:PMC8784774","syn20968331","ww.synapse.org/#!Synapse:syn20968331/wiki/607259 . Any additi"
"4555","16","pmc:PMC8784893","syn21041850","ww.synapse.org/#!Synapse:syn21041850/wiki/600865 ). For all c"
"4556","16","pmc:PMC8786334","syn5049298","eq Study [ 38 ] (Synapse:syn5049298). The post-mortem tissue"
"4557","16","pmc:PMC8786334","syn5049298","o Clinic [ 38 ] (Synapse:syn5049298). Among the most signifi"
"4558","16","pmc:PMC8786804","syn18485175","ww.synapse.org/#!Synapse:syn18485175 ; https://www.synapse.or"
"4559","16","pmc:PMC8786804","syn3157322","ww.synapse.org/#!Synapse:syn3157322 ) and from the entorhina"
"4560","16","pmc:PMC8786819","syn20933797","/consensus ; Synapse ID: syn20933797). Competing interests Th"
"4561","16","pmc:PMC8791059","syn12979101","e platform (synapse, ID: syn12979101). 87 The analyses of Hi-"
"4562","16","pmc:PMC8795545","syn11801742","ww.synapse.org/#!Synapse:syn11801742 for an explanation of th"
"4563","16","pmc:PMC8795545","syn11726601","ww.synapse.org/#!Synapse:syn11726601/ ) ( 11 ). Variant calls"
"4564","16","pmc:PMC8795545","syn11801742","ww.synapse.org/#!Synapse:syn11801742 . Mutational signatures"
"4565","16","pmc:PMC8803430","syn1773109","ww.synapse.org/#!Synapse:syn1773109 ) using GELnet package i"
"4566","16","pmc:PMC8803430","syn2701943","normalized mRNA matrix (syn2701943) of those cells labelled"
"4567","16","pmc:PMC8807579","syn20808171","Portal (accession number syn20808171, https://adknowledgeport"
"4568","16","pmc:PMC8807870","syn13363580","ttps://www.synapse.org , syn13363580, syn20833047) for Hi-C i"
"4569","16","pmc:PMC8807870","syn20833047","napse.org , syn13363580, syn20833047) for Hi-C in iPSC, and p"
"4570","16","pmc:PMC8808995","syn21788402","ed from www.synapse.org (syn21788402). The Seurat R package w"
"4571","16","pmc:PMC8808996","syn3157743","ww.synapse.org/#!Synapse:syn3157743 ). Each of the RNA-seq s"
"4572","16","pmc:PMC8812044","syn4974692","ww.synapse.org/#!Synapse:syn4974692 . The GTEx genome sequen"
"4573","16","pmc:PMC8812044","syn2759792","ww.synapse.org/#!Synapse:syn2759792/wiki/69613 . Declaration"
"4574","16","pmc:PMC8814036","syn3388564","s as part of the AMP-AD (syn3388564 and syn17015098). Out of"
"4575","16","pmc:PMC8814036","syn17015098","e AMP-AD (syn3388564 and syn17015098). Out of 8391 proteins m"
"4576","16","pmc:PMC8814036","syn3388564","rom the AMP-AD platform (syn3388564) 4 . To increase the num"
"4577","16","pmc:PMC8814036","syn10468856","nowledge portal (10.7303/syn10468856) 30 . The SRM proteomics"
"4578","16","pmc:PMC8814036","syn8612191","downloaded RNA-seq data (syn8612191) paired with label-free"
"4579","16","pmc:PMC8814036","syn8495241","el-free proteomics data (syn8495241) measured in the frontal"
"4580","16","pmc:PMC8814036","syn8495241","the Synapse repository (syn8495241). We applied each submod"
"4581","16","pmc:PMC8814036","syn3388564","essions: ROSMAP RNA-seq (syn3388564, 10.7303/syn3388564), RO"
"4582","16","pmc:PMC8814036","syn3388564","seq (syn3388564, 10.7303/syn3388564), ROSMAP TMT data (syn17"
"4583","16","pmc:PMC8814036","syn17015098","88564), ROSMAP TMT data (syn17015098, 10.7303/syn17015098), R"
"4584","16","pmc:PMC8814036","syn17015098","ta (syn17015098, 10.7303/syn17015098), ROSMAP SRM data (syn10"
"4585","16","pmc:PMC8814036","syn10468856","15098), ROSMAP SRM data (syn10468856, 10.7303/syn10468856), M"
"4586","16","pmc:PMC8814036","syn10468856","ta (syn10468856, 10.7303/syn10468856), MSBB RNA-seq (syn86121"
"4587","16","pmc:PMC8814036","syn8612191","10468856), MSBB RNA-seq (syn8612191, https://www.synapse.org"
"4588","16","pmc:PMC8814036","syn8612191","ww.synapse.org/#!Synapse:syn8612191 ), and MSBB label-free p"
"4589","16","pmc:PMC8814036","syn8495241","el-free proteomics data (syn8495241, https://www.synapse.org"
"4590","16","pmc:PMC8814036","syn8495241","ww.synapse.org/#!Synapse:syn8495241 ). The AD Knowledge Port"
"4591","16","pmc:PMC8814036","syn23624037","lei2block 44 and 10.7303/syn23624037. The code for trajectory"
"4592","16","pmc:PMC8818877","syn26524615","script, see doi: 10.7303/syn26524615 6 . For access to gene e"
"4593","16","pmc:PMC8818877","syn23628482","script, see doi: 10.7303/syn23628482 7 . Results 3xTg-AD Mice"
"4594","16","pmc:PMC8818877","syn25878481","ww.synapse.org/#!Synapse:syn25878481 ); gene expression data"
"4595","16","pmc:PMC8818877","syn26524615","g-AD mice - doi: 10.7303/syn26524615 ( https://www.synapse.or"
"4596","16","pmc:PMC8818877","syn26524615","ww.synapse.org/#!Synapse:syn26524615 ); gene expression data"
"4597","16","pmc:PMC8818877","syn23628482","xFAD mice - doi: 10.7303/syn23628482 ( https://www.synapse.or"
"4598","16","pmc:PMC8818877","syn23628482","ww.synapse.org/#!Synapse:syn23628482 ). Ethics Statement The"
"4599","16","pmc:PMC8818877","syn25878481","ww.synapse.org/#!Synapse:syn25878481 6 https://www.synapse.or"
"4600","16","pmc:PMC8818877","syn26524615","ww.synapse.org/#!Synapse:syn26524615 7 https://www.synapse.or"
"4601","16","pmc:PMC8818877","syn23628482","ww.synapse.org/#!Synapse:syn23628482 Supplementary Material T"
"4602","16","pmc:PMC8822333","syn18909507","tudies/DetailsPage?Study=syn18909507 . Subjects were recruite"
"4603","16","pmc:PMC8822333","syn18909507","tudies/DetailsPage?Study=syn18909507 . Ethics Statement The s"
"4604","16","pmc:PMC8825577","syn3157743","w.synapse.org/ #!Synapse:syn3157743). Spearman correlation a"
"4605","16","pmc:PMC8825821","syn26231732","ase under accession code syn26231732 . Code availability The"
"4606","16","pmc:PMC8837628","syn23747228","be found at DOI: 10.7303/syn23747228). As expected, each tumo"
"4607","16","pmc:PMC8837628","syn23747228","available at Synapse ID syn23747228 . Source data are provid"
"4608","16","pmc:PMC8847344","syn25813713","Synapse repository (ID: syn25813713) 16 . Our approach is co"
"4609","16","pmc:PMC8847344","syn25813713","Synapse repository (ID: syn25813713) 16 . A variety of param"
"4610","16","pmc:PMC8847344","syn25813713","als.io/ and Synapse (ID: syn25813713). Code availability All"
"4611","16","pmc:PMC8847344","syn25813713","ble through Synapse (ID: syn25813713). Each piece of code is"
"4612","16","pmc:PMC8857783","syn8466812","ww.synapse.org/#!Synapse:syn8466812 ), the Mount Sinai Medic"
"4613","16","pmc:PMC8857783","syn8484987","ww.synapse.org/#!Synapse:syn8484987 ) cohort, and the Religi"
"4614","16","pmc:PMC8857783","syn8456629","ww.synapse.org/#!Synapse:syn8456629 ) cohort (Table 1 ) [ 17"
"4615","16","pmc:PMC8857783","syn21438358","ww.synapse.org/#!Synapse:syn21438358 ) [ 24 ]. Brain myeloid"
"4616","16","pmc:PMC8857783","syn8456638","ww.synapse.org/#!Synapse:syn8456638 ) [ 17 ], Mayo cohort ("
"4617","16","pmc:PMC8857783","syn8466816","ww.synapse.org/#!Synapse:syn8466816 ) [ 18 ], and MSBB cohor"
"4618","16","pmc:PMC8857783","syn8485017","ww.synapse.org/#!Synapse:syn8485017 ) [ 19 ] are accessible"
"4619","16","pmc:PMC8857783","syn21438358","ww.synapse.org/#!Synapse:syn21438358 ) [ 24 ]. The NanoString"
"4620","16","pmc:PMC8859527","syn2321865","12 ) (Synapse identifier syn2321865). To obtain a measure of"
"4621","16","pmc:PMC8859891","syn4224222","ww.synapse.org/#!Synapse:syn4224222/wiki/401743 . Accessed 1"
"4622","16","pmc:PMC8859978","syn21041850","we used the synapse ID (syn21041850) data set deposited at h"
"4623","16","pmc:PMC8859978","syn21041850","ww.synapse.org/#!Synapse:syn21041850/wiki/600865 and publishe"
"4624","16","pmc:PMC8866433","syn22761137","availability Proteomics (syn22761137) and lipid metabolomics"
"4625","16","pmc:PMC8866433","syn22761172","and lipid metabolomics (syn22761172) datasets are available"
"4626","16","pmc:PMC8866433","syn22760961","ww.synapse.org/#!Synapse:syn22760961 ). To access the data, a"
"4627","16","pmc:PMC8873607","syn16924919","riptomes Synapse Storage syn16924919 ex vivo Plasmodium falci"
"4628","16","pmc:PMC8873607","syn16924919","ww.synapse.org/#!Synapse:syn16924919/wiki/ (accessed 8.18.20a"
"4629","16","pmc:PMC8873607","syn16924919","allenge through Synapse (syn16924919), managed by Sage Bionet"
"4630","16","pmc:PMC8885825","syn21560554","ww.synapse.org/#!Synapse:syn21560554 Mouse Cell Atlas 72 —fet"
"4631","16","pmc:PMC8885825","syn21560554","ww.synapse.org/#!Synapse:syn21560554 ]; Mouse Cell Atlas [ ht"
"4632","16","pmc:PMC8885924","syn21595086","ww.synapse.org/#!Synapse:syn21595086/files/ . Competing inter"
"4633","16","pmc:PMC8889402","syn18681734","ww.synapse.org/#!Synapse:syn18681734 . The scripts and softwa"
"4634","16","pmc:PMC8890000","syn7222066","ww.synapse.org/#!Synapse:syn7222066/wiki/405659 ; MSKSCC dat"
"4635","16","pmc:PMC8890719","syn21041850","nloaded from Synapse (ID syn21041850). For both sequencing me"
"4636","16","pmc:PMC8895634","syn3157743","ain Bank (MSBB) dataset (syn3157743) for replication of the"
"4637","16","pmc:PMC8895634","syn3159438","ly available in Synapse (syn3159438). Declarations Ethics ap"
"4638","16","pmc:PMC8898985","syn25500352",": http://doi.org/10.7303/syn25500352 REFERENCES Addis RC , Hs"
"4639","16","pmc:PMC8906581","syn20818651","ww.synapse.org/#!Synapse:syn20818651). References 1 Lane CA ,"
"4640","16","pmc:PMC8907344","syn26134616","ww.synapse.org/#!Synapse:syn26134616 ( https://doi.org/10.730"
"4641","16","pmc:PMC8907344","syn26134616","https://doi.org/10.7303/syn26134616 ). Data analysis Imputat"
"4642","16","pmc:PMC8915427","syn5844980","under the BipSeq study (syn5844980). Instructions for acces"
"4643","16","pmc:PMC8919705","syn7214402","https://doi.org/10.7303/syn7214402 ), a variant calling pro"
"4644","16","pmc:PMC8922249","syn12026747","se.org ) under accession syn12026747. All bioinformatic analy"
"4645","16","pmc:PMC8925896","syn22803188","ww.synapse.org/#!Synapse:syn22803188/wiki/606343 ). The study"
"4646","16","pmc:PMC8925896","syn22803188","ww.synapse.org/#!Synapse:syn22803188/wiki/606343 ; Synapse ID"
"4647","16","pmc:PMC8925896","syn22803188","iki/606343 ; Synapse ID: syn22803188). RESULTS Study completi"
"4648","16","pmc:PMC8931009","syn3163039","RNAseq data set (10.7303/syn3163039) 33 . Patients denoted a"
"4649","16","pmc:PMC8932544","syn21438358","ww.synapse.org/#!Synapse:syn21438358 ). References Angerer ,"
"4650","16","pmc:PMC8935746","syn1773109","ww.synapse.org/#!Synapse:syn1773109/wiki/54962 ). Count data"
"4651","16","pmc:PMC8935746","syn1773109","ww.synapse.org/#!Synapse:syn1773109/wiki/54962 ). Declaratio"
"4652","16","pmc:PMC8944039","syn20692755","ww.synapse.org/#!Synapse:syn20692755 (accessed on 17 Septembe"
"4653","16","pmc:PMC8944039","syn20692755","ww.synapse.org/#!Synapse:syn20692755/wiki/ . after agreeing t"
"4654","16","pmc:PMC8949842","syn26951066","rks Synapse 2022 10.7303/syn26951066 Pohl K.M. Sullivan E.V."
"4655","16","pmc:PMC8949842","syn26434227","rks Synapse 2022 10.7303/syn26434227 R Core Team. (2021). R:"
"4656","16","pmc:PMC8959396","syn22300771","e Synapse.org repository syn22300771 75 . Multiplexed images"
"4657","16","pmc:PMC8959396","syn22300771","is codes ( Synapse.org , syn22300771). Data normalization Eac"
"4658","16","pmc:PMC8959396","syn22300771","d strategy is described (syn22300771). The “add_coeff” is def"
"4659","16","pmc:PMC8959396","syn22300771","ynapse.org , Synpase ID: syn22300771; https://www.synapse.org"
"4660","16","pmc:PMC8959396","syn22300771","ww.synapse.org/#!Synapse:syn22300771/wiki/604936 DOI: 10.7303"
"4661","16","pmc:PMC8959396","syn22300771","wiki/604936 DOI: 10.7303/syn22300771 . https://www.synapse.or"
"4662","16","pmc:PMC8959396","syn22300771","ww.synapse.org/#!Synapse:syn22300771/wiki/604936 . 76. Mills"
"4663","16","pmc:PMC8959601","syn27752640","l of Nf1 Synapse 10.7303/syn27752640 References Abbracchio MP"
"4664","16","pmc:PMC8965792","syn25618565","ine]. Available: 10.7303/syn25618565 [11] Data Brokers: A Cal"
"4665","16","pmc:PMC8967347","syn26561824","synapse.org , Synapse ID:syn26561824. Ethics Statement The an"
"4666","16","pmc:PMC8983757","syn26345776","ing data Synapse 10.7303/syn26345776 20. Jocher G 2021 ultral"
"4667","16","pmc:PMC8989650","syn25710572","https://doi.org/10.7303/syn25710572 . Competing Interests St"
"4668","16","pmc:PMC8989650","syn25705564","d in synapse under synID syn25705564 https://www.synapse.org/"
"4669","16","pmc:PMC8989650","syn25705564","ww.synapse.org/#!Synapse:syn25705564 . Browsable UCSC genome"
"4670","16","pmc:PMC9005347","syn9702085","ww.synapse.org/#!Synapse:syn9702085 ); MayoRNAseq whole-geno"
"4671","16","pmc:PMC9005347","syn11724002","ww.synapse.org/#!Synapse:syn11724002 ); ROSMAP WGS VCFs ( htt"
"4672","16","pmc:PMC9005347","syn11724057","ww.synapse.org/#!Synapse:syn11724057 ); MSBB WGS VCFs ( https"
"4673","16","pmc:PMC9005347","syn11723899","ww.synapse.org/#!Synapse:syn11723899 ); eQTLGen ( https://www"
"4674","16","pmc:PMC9005347","syn23627957","ww.synapse.org/#!Synapse:syn23627957 ). Code availability We"
"4675","16","pmc:PMC9009674","syn11738669","ww.synapse.org/#!Synapse:syn11738669 ). We removed signatures"
"4676","16","pmc:PMC9009674","syn11726620","ww.synapse.org/#!Synapse:syn11726620 , which includes single"
"4677","16","pmc:PMC9016079","syn22333035","ww.synapse.org/#!Synapse:syn22333035 ). The library was gener"
"4678","16","pmc:PMC9016079","syn20818651","ww.synapse.org/#!Synapse:syn20818651 ). This data set include"
"4679","16","pmc:PMC9016079","syn11468526","ww.synapse.org/#!Synapse:syn11468526 and https://www.synapse."
"4680","16","pmc:PMC9016079","syn22024496","ww.synapse.org/#!Synapse:syn22024496 ). The monocytes were ex"
"4681","16","pmc:PMC9016079","syn16780177","ww.synapse.org/#!Synapse:syn16780177 , https://www.synapse.or"
"4682","16","pmc:PMC9016079","syn12514624","ww.synapse.org/#!Synapse:syn12514624 , and https://www.synaps"
"4683","16","pmc:PMC9016079","syn23446265","ww.synapse.org/#!Synapse:syn23446265 ). The two snRNA-seq dat"
"4684","16","pmc:PMC9016079","syn17008936","ww.synapse.org/#!Synapse:syn17008936 ), including a WGS data"
"4685","16","pmc:PMC9016079","syn10901601","ww.synapse.org/#!Synapse:syn10901601 ). We used the same proc"
"4686","16","pmc:PMC9016515","syn21985690","ugh synapse (Synapse ID: syn21985690) Regions of the upslope"
"4687","16","pmc:PMC9017219","syn3241074","7 (synapse.org/#!Synapse:syn3241074, Data Freeze 1.3.1) COSM"
"4688","16","pmc:PMC9017219","syn3241074","e (synapse.org/#!Synapse:syn3241074, Data Freeze 1.3.1) and"
"4689","16","pmc:PMC9017219","syn3241074","e (synapse.org/#!Synapse:syn3241074, Data Freeze 1.3.1), for"
"4690","16","pmc:PMC9019037","syn1688369","m under accession number syn1688369 , respectively. TCGA bio"
"4691","16","pmc:PMC9020023","syn4988768","ww.synapse.org/#!Synapse:syn4988768 ), Alzheimer’s Disease R"
"4692","16","pmc:PMC9022281","syn23627957","https://doi.org/10.7303/syn23627957 . Above data from ROS/MA"
"4693","16","pmc:PMC9034628","syn2623706","ww.synapse.org/#!Synapse:syn2623706/wiki/ ) (downloaded on 1"
"4694","16","pmc:PMC9034628","syn2623706","ww.synapse.org/#!Synapse:syn2623706/wiki/ ). The TCGA datase"
"4695","16","pmc:PMC9036134","syn26485897","https://doi.org/10.7303/syn26485897 Computer code https://ww"
"4696","16","pmc:PMC9036134","syn26485897","https://doi.org/10.7303/syn26485897 Experimental models: Cel"
"4697","16","pmc:PMC9039306","syn4382382","ww.synapse.org/#!Synapse:syn4382382 ) ( 15 ). The correspond"
"4698","16","pmc:PMC9046957","syn26570309","https://doi.org/10.7303/syn26570309 ). Supplemental data Thi"
"4699","16","pmc:PMC9049545","syn11804040","es.csv' under synapse ID syn11804040 at Synapse ( https://www"
"4700","16","pmc:PMC9050707","syn26532705","ww.synapse.org/#!Synapse:syn26532705 , doi:10.7303/syn2653270"
"4701","16","pmc:PMC9050707","syn26532705","yn26532705 , doi:10.7303/syn26532705). Competing interests Th"
"4702","16","pmc:PMC9051440","syn7391749","Synapse under Synapse ID syn7391749 ( Wang et al., 2018a )."
"4703","16","pmc:PMC9051440","syn18485175","Synapse under Synapse ID syn18485175 ( Mathys et al., 2019 )"
"4704","16","pmc:PMC9051440","syn21788402","athys et al., 2019 ) and syn21788402 ( Leng et al., 2021 ). O"
"4705","16","pmc:PMC9054831","syn7818379","quired using synapse ID: syn7818379 while day 15 and day 30"
"4706","16","pmc:PMC9058919","syn4590909","nia 53 53 frontal cortex syn4590909 14 262 293 DLPFC syn2759"
"4707","16","pmc:PMC9058919","syn2759792","4590909 14 262 293 DLPFC syn2759792 16 Total 315 346 We cons"
"4708","16","pmc:PMC9058919","syn2759792","We consider the dataset syn2759792, sampled from the brain"
"4709","16","pmc:PMC9058919","syn4590909","as a target dataset and syn4590909, sampled from the fronta"
"4710","16","pmc:PMC9058919","syn2759792","tmortem brain samples in syn2759792, we randomly draw 5 samp"
"4711","16","pmc:PMC9058919","syn2759792","per class extracted from syn2759792 in Table 1 . Using diffe"
"4712","16","pmc:PMC9058919","syn4590909","datasets collected from syn4590909, we show in Figure 7 A t"
"4713","16","pmc:PMC9058919","syn4590909","al. 14 also confirm that syn4590909 and syn2759792 are highl"
"4714","16","pmc:PMC9058919","syn2759792","firm that syn4590909 and syn2759792 are highly related, as i"
"4715","16","pmc:PMC9058919","syn2759792","y using RNA-seq datasets syn2759792 and syn4590909 taken fro"
"4716","16","pmc:PMC9058919","syn4590909","datasets syn2759792 and syn4590909 taken from different bra"
"4717","16","pmc:PMC9058919","syn2759792","from the RNA-seq dataset syn2759792, and we leverage the sou"
"4718","16","pmc:PMC9058919","syn4590909","age the source data from syn4590909 to evaluate the performa"
"4719","16","pmc:PMC9082878","syn5609493","ttps://www.synapse.org , syn5609493) [ 22 ]. This dataset co"
"4720","16","pmc:PMC9085578","syn8612097","ww.synapse.org/#!Synapse:syn8612097 . These fastq files had"
"4721","16","pmc:PMC9085975","syn10235596","d and the brain (Synapse:syn10235596). Data were obtained wit"
"4722","16","pmc:PMC9085975","syn5550404","https://doi.org/10.7303/syn5550404 ) cohorts. Two of the ei"
"4723","16","pmc:PMC9085975","syn25257534","https://doi.org/10.7303/syn25257534 . CONFLICTS OF INTEREST"
"4724","16","pmc:PMC9085975","syn10235609","ww.synapse.org/#!Synapse:syn10235609 ). Data on GCTOF and Lip"
"4725","16","pmc:PMC9085975","syn2580853","https://doi.org/10.7303/syn2580853 ). Study data were provi"
"4726","16","pmc:PMC9087241","syn26473927","ww.synapse.org/#!Synapse:syn26473927/files/ , doi: 10.7303/sy"
"4727","16","pmc:PMC9087241","syn26473927","27/files/ , doi: 10.7303/syn26473927 31 Yuen CM Amanullah F D"
"4728","16","pmc:PMC9090919","syn1688369","m under accession number syn1688369 respectively. TCGA RPPA"
"4729","16","pmc:PMC9092813","syn26525521","de (.r) Synapse: 10.7303/syn26525521 [ 12 ] Data file 2 scrip"
"4730","16","pmc:PMC9092813","syn26525521","de (.r) Synapse: 10.7303/syn26525521 [ 12 ] Data file 3 scrip"
"4731","16","pmc:PMC9092813","syn26525521","de (.r) Synapse: 10.7303/syn26525521 [ 12 ] Data file 4 scrip"
"4732","16","pmc:PMC9092813","syn26525521","de (.r) Synapse: 10.7303/syn26525521 [ 12 ] Data file 5 scrip"
"4733","16","pmc:PMC9092813","syn26525521","de (.r) Synapse: 10.7303/syn26525521 [ 12 ] Data file 6 scrip"
"4734","16","pmc:PMC9092813","syn26525521","de (.r) Synapse: 10.7303/syn26525521 [ 12 ] Data file 7 scrip"
"4735","16","pmc:PMC9092813","syn26525521","de (.r) Synapse: 10.7303/syn26525521 [ 12 ] Data file 8 scrip"
"4736","16","pmc:PMC9092813","syn26525521","https://doi.org/10.7303/syn26525521 [ 12 ] Data file 9 scrip"
"4737","16","pmc:PMC9092813","syn26525521","de (.r) Synapse: 10.7303/syn26525521 [ 12 ] Data file 10 scri"
"4738","16","pmc:PMC9092813","syn26525521","de (.r) Synapse: 10.7303/syn26525521 [ 12 ] Data file 11 scri"
"4739","16","pmc:PMC9092813","syn26525521","de (.r) Synapse: 10.7303/syn26525521 [ 12 ] Data file 12 ibge"
"4740","16","pmc:PMC9092813","syn26525521","(.html) Synapse: 10.7303/syn26525521 [ 12 ] Data file 13 moh_"
"4741","16","pmc:PMC9092813","syn26525521","(.html) Synapse: 10.7303/syn26525521 [ 12 ] Data file 14 ipea"
"4742","16","pmc:PMC9092813","syn26525521","(.html) Synapse: 10.7303/syn26525521 [ 12 ] Data file 15 sina"
"4743","16","pmc:PMC9092813","syn26525521","(.html) Synapse: 10.7303/syn26525521 [ 12 ] Data file 16 sim_"
"4744","16","pmc:PMC9092813","syn26525521","(.html) Synapse: 10.7303/syn26525521 [ 12 ] Data file 17 basi"
"4745","16","pmc:PMC9092813","syn26525521","(.html) Synapse: 10.7303/syn26525521 [ 12 ] Data file 18 basi"
"4746","16","pmc:PMC9092813","syn26525521","(.xlsx) Synapse: 10.7303/syn26525521 [ 12 ] Dataset 1 ibge_da"
"4747","16","pmc:PMC9092813","syn26525521","(.zip) Synapse: 10.7303/syn26525521 [ 12 ] Dataset 2 moh_dat"
"4748","16","pmc:PMC9092813","syn26525521","(.zip) Synapse: 10.7303/syn26525521 [ 12 ] Dataset 3 ipea_da"
"4749","16","pmc:PMC9092813","syn26525521","(.zip) Synapse: 10.7303/syn26525521 [ 12 ] Dataset 4 sinasc_"
"4750","16","pmc:PMC9092813","syn26525521","(.zip) Synapse: 10.7303/syn26525521 [ 12 ] Dataset 5 sim_dat"
"4751","16","pmc:PMC9092813","syn26525521","(.zip) Synapse: 10.7303/syn26525521 [ 12 ] Dataset 6 ibge_cl"
"4752","16","pmc:PMC9092813","syn26525521",".rdata) Synapse: 10.7303/syn26525521 [ 12 ] Dataset 7 moh_cle"
"4753","16","pmc:PMC9092813","syn26525521",".rdata) Synapse: 10.7303/syn26525521 [ 12 ] Dataset 8 ipea_cl"
"4754","16","pmc:PMC9092813","syn26525521",".rdata) Synapse: 10.7303/syn26525521 [ 12 ] Dataset 9 sinasc_"
"4755","16","pmc:PMC9092813","syn26525521",".rdata) Synapse: 10.7303/syn26525521 [ 12 ] Dataset 10 sim_cl"
"4756","16","pmc:PMC9092813","syn26525521",".rdata) Synapse: 10.7303/syn26525521 [ 12 ] Dataset 11 basics"
"4757","16","pmc:PMC9092813","syn26525521",".rdata) Synapse: 10.7303/syn26525521 [ 12 ] Anyone can browse"
"4758","16","pmc:PMC9092813","syn26525521","se repository at 10.7303/syn26525521. Anyone can browse the c"
"4759","16","pmc:PMC9092813","syn25049520","nd impact. 2021. 10.7303/syn25049520. Accessed 25 Nov 2021. 5"
"4760","16","pmc:PMC9092813","syn25148356","five in Brazil. 10.7303/syn25148356. Accessed 25 Nov 2021. 6"
"4761","16","pmc:PMC9092813","syn26525521","996–2020 Synapse 10.7303/syn26525521"
"4762","16","pmc:PMC9093608","syn18485175","ww.synapse.org/#!Synapse:syn18485175 and https://www.synapse."
"4763","16","pmc:PMC9093608","syn3157322","ww.synapse.org/#!Synapse:syn3157322 ), and the entorhinal co"
"4764","16","pmc:PMC9093608","syn18485175","ww.synapse.org/#!Synapse:syn18485175 2 https://www.synapse.or"
"4765","16","pmc:PMC9093608","syn3157322","ww.synapse.org/#!Synapse:syn3157322 3 http://adsn.ddnetbio.c"
"4766","16","pmc:PMC9094742","syn21125841","eler et al., 2020 ), and syn21125841 ( Zhou et al., 2020 ). F"
"4767","16","pmc:PMC9094742","syn21125841","disease Synapse 10.7303/syn21125841 Grubman A Chew G Ouyang"
"4768","16","pmc:PMC9095647","syn23644107","ww.synapse.org/#!Synapse:syn23644107 ), processed data, and c"
"4769","16","pmc:PMC9095647","syn23644107","rg, at cycIF_Validation, syn23644107. The synapse platform re"
"4770","16","pmc:PMC9095647","syn26958265","ww.synapse.org/#!Synapse:syn26958265 . Additionally, we demon"
"4771","16","pmc:PMC9106650","syn7214402","ww.synapse.org/#!Synapse:syn7214402 ]; variants called by tw"
"4772","16","pmc:PMC9117816","syn17038081","ww.synapse.org/#!Synapse:syn17038081/wiki/585622 ). Declarati"
"4773","16","pmc:PMC9118667","syn17015098","( Robins et al., 2021 ) syn17015098 ROSMAP SRM proteomics ("
"4774","16","pmc:PMC9118667","syn10468856","mics ( Yu et al., 2018 ) syn10468856 ROSMAP RNA-seq ( Raj et"
"4775","16","pmc:PMC9118667","syn3388564","seq ( Raj et al., 2018 ) syn3388564 ROSMAP mtDNAcn from WGS"
"4776","16","pmc:PMC9118667","syn25618990","S ( Klein et al., 2021 ) syn25618990 Banner Raw Proteomic Dat"
"4777","16","pmc:PMC9118667","syn7170616","( Swarup et al., 2020 ) syn7170616 BLSA Raw Proteomic Data"
"4778","16","pmc:PMC9118667","syn3606086","Seyfried et al., 2017 ) syn3606086 Software and algorithms"
"4779","16","pmc:PMC9118667","syn3388564","synapse.org ; SynapseID: syn3388564). 2.5.1.4 Deconvolution"
"4780","16","pmc:PMC9118667","syn17015098","er the accession numbers syn17015098, syn10468856, syn3388564"
"4781","16","pmc:PMC9118667","syn10468856","ion numbers syn17015098, syn10468856, syn3388564, syn25618990"
"4782","16","pmc:PMC9118667","syn3388564","yn17015098, syn10468856, syn3388564, syn25618990, syn7170616"
"4783","16","pmc:PMC9118667","syn25618990","syn10468856, syn3388564, syn25618990, syn7170616 and syn36060"
"4784","16","pmc:PMC9118667","syn7170616","syn3388564, syn25618990, syn7170616 and syn3606086. Declarat"
"4785","16","pmc:PMC9118667","syn3606086","25618990, syn7170616 and syn3606086. Declaration of interest"
"4786","16","pmc:PMC9118732","syn29042871","https://doi.org/10.7303/syn29042871 ). Additional datasets a"
"4787","16","pmc:PMC9120418","syn26141672","tps://dx.doi.org/10.7303/syn26141672 ), whose collection and"
"4788","16","pmc:PMC9120968","syn21861229","platform under accession syn21861229 ( Barbar et al., 2020a )"
"4789","16","pmc:PMC9122535","syn3157275","l with accession numbers syn3157275 and syn3388564. Suppleme"
"4790","16","pmc:PMC9122535","syn3388564","n numbers syn3157275 and syn3388564. Supplementary Material"
"4791","16","pmc:PMC9123004","syn7214402","the Synapse repository (syn7214402 [ https://www.synapse.or"
"4792","16","pmc:PMC9123004","syn7214402","ww.synapse.org/#!Synapse:syn7214402/wiki/405297 ]) 42 . Nons"
"4793","16","pmc:PMC9123004","syn7214402","download ); and Synapse (syn7214402, https://www.synapse.org"
"4794","16","pmc:PMC9123004","syn7214402","ww.synapse.org/#!Synapse:syn7214402/wiki/405297 ). The remai"
"4795","16","pmc:PMC9124307","syn2580853","ain regions (Synapse ID: syn2580853); Mayo Clinic (Allen et"
"4796","16","pmc:PMC9124307","syn21438358","nloaded through Synapse (syn21438358) and processed through C"
"4797","16","pmc:PMC9124307","syn28450881","ww.synapse.org/#!Synapse:syn28450881.3/datasets/ ). Dataset D"
"4798","16","pmc:PMC9124307","syn5550404","ividual human and RNAseq syn5550404 na Mayo RNAseq CER Metad"
"4799","16","pmc:PMC9124307","syn5550404","ividual human and RNAseq syn5550404 na Mayo RNAseq TCX RNASe"
"4800","16","pmc:PMC9124307","syn8690799","cessed RNASeq raw counts syn8690799 10/2/2019 Mayo RNAseq CE"
"4801","16","pmc:PMC9124307","syn8690904","cessed RNASeq raw counts syn8690904 10/2/2019 ROSMAP Metadat"
"4802","16","pmc:PMC9124307","syn3382527","9 ROSMAP Metadata ID Key syn3382527 10/2/2019 ROSMAP Metadat"
"4803","16","pmc:PMC9124307","syn3191087","etadata Individual human syn3191087 10/2/2019 ROSMAP Metadat"
"4804","16","pmc:PMC9124307","syn21088596","AP Metadata Assay RNAseq syn21088596 1/2/2020 ROSMAP RNASeq E"
"4805","16","pmc:PMC9124307","syn8691134","cessed RNASeq raw counts syn8691134 10/2/2019 MSBB Metadata"
"4806","16","pmc:PMC9124307","syn6101474","etadata Individual human syn6101474 11/22/2019 MSBB Metadata"
"4807","16","pmc:PMC9124307","syn6100548","BB Metadata Assay RNAseq syn6100548 10/2/2019 MSBB RNASeq Ex"
"4808","16","pmc:PMC9124307","syn8691099","cessed RNASeq raw counts syn8691099 10/2/2019 Data from AD k"
"4809","16","pmc:PMC9124307","syn9702085","https://doi.org/10.7303/syn9702085 ). REFERENCES Ahn , E. H"
"4810","16","pmc:PMC9130862","syn21593960","1-treated cohort ( 27 ). syn21593960, a melanoma anti-PD-1-tr"
"4811","16","pmc:PMC9133054","syn23318163","pt see access Synapse ID syn23318163. RNA-seq data used was g"
"4812","16","pmc:PMC9133080","syn17009517","ww.synapse.org/#!Synapse:syn17009517/wiki/585653 The same dat"
"4813","16","pmc:PMC9133403","syn7214402","ww.synapse.org/#!Synapse:syn7214402/wiki/405297 for further"
"4814","16","pmc:PMC9135051","syn21776936","ining sessions (MISAW) - syn21776936 . URL : https://www.syna"
"4815","16","pmc:PMC9135051","syn21776936","www.synapse.org/@Synapse:syn21776936/wiki/601700 . Accessed :"
"4816","16","pmc:PMC9135051","syn25313156","www.synapse.org/@Synapse:syn25313156/wiki/ . Accessed : 2021-"
"4817","16","pmc:PMC9135051","syn25101790","www.synapse.org/@Synapse:syn25101790/wiki/ . Accessed : 2021-"
"4818","16","pmc:PMC9135051","syn25147789","www.synapse.org/@Synapse:syn25147789/wiki/ . Accessed : 2021-"
"4819","16","pmc:PMC9135051","syn25127311","www.synapse.org/@Synapse:syn25127311/wiki/ . Accessed : 2021-"
"4820","16","pmc:PMC9135051","syn25313156","ww.synapse.org/#!Synapse:syn25313156/wiki/ . Fitzek FH , Li S"
"4821","16","pmc:PMC9135051","syn25101790","ww.synapse.org/#!Synapse:syn25101790/wiki/ . Hirasawa T , Aoy"
"4822","16","pmc:PMC9135051","syn25147789","ww.synapse.org/#!Synapse:syn25147789/wiki/ . Pfeiffer M , Fun"
"4823","16","pmc:PMC9135051","syn25127311","ww.synapse.org/#!Synapse:syn25127311/wiki/ . Sledge GW , Mill"
"4824","16","pmc:PMC9146848","syn3217707",".synapse.org/#%21Synapse:syn3217707 , accessed on 1 January"
"4825","16","pmc:PMC9150289","syn1461155","ded under the synapse ID syn1461155 as the secondary discove"
"4826","16","pmc:PMC9151768","syn12034263","IG ( n = 9) populations (syn12034263). Antibodies against bra"
"4827","16","pmc:PMC9151768","syn15672826",") of three adult brains (syn15672826). The 10X Genomics chrom"
"4828","16","pmc:PMC9151768","syn12034263","ase under accession code syn12034263 . Cell type-specific RNA"
"4829","16","pmc:PMC9151768","syn15672826","ase under accession code syn15672826 . Approved access can be"
"4830","16","pmc:PMC9153020","syn12009743","ersion 3; synapse.org ID syn12009743) and Li et al 22 (6-MP–r"
"4831","16","pmc:PMC9160707","syn26067677","https://doi.org/10.7303/syn26067677.1 Appendix 2: (Daily AI"
"4832","16","pmc:PMC9160707","syn26067678","https://doi.org/10.7303/syn26067678.1 Appendix 3: (Eligibili"
"4833","16","pmc:PMC9160707","syn26067679","https://doi.org/10.7303/syn26067679.1 Data are available und"
"4834","16","pmc:PMC9160707","syn26067677","Synapse. 2021a . 10.7303/syn26067677 23 The MindKind Consorti"
"4835","16","pmc:PMC9160707","syn26067679","Synapse. 2021c . 10.7303/syn26067679.1 24 USDA Food Insecurit"
"4836","16","pmc:PMC9160707","syn26067678","Synapse. 2021b . 10.7303/syn26067678.1 30 Morin CM Belleville"
"4837","16","pmc:PMC9161451","syn14237651","al Expression (Merged) - syn14237651. [Online]. https://bit.l"
"4838","16","pmc:PMC9171100","syn2759792","the following Synapse ID syn2759792. DGN data can be request"
"4839","16","pmc:PMC9173662","syn21041850","ww.synapse.org/#!Synapse:syn21041850 ). Competing interests T"
"4840","16","pmc:PMC9174226","syn4961785","ww.synapse.org/#!Synapse:syn4961785 ). In order to normalise"
"4841","16","pmc:PMC9177989","syn21041850","ww.synapse.org/#!Synapse:syn21041850 . The human lung spatial"
"4842","16","pmc:PMC9180703","syn21041850","ww.synapse.org/#!Synapse:syn21041850/files/ (processed UMI co"
"4843","16","pmc:PMC9184501","syn24240356","onsortium. Visit 10.7303/syn24240356 for a complete list of g"
"4844","16","pmc:PMC9184501","syn4587615","manuscript see: 10.7303/syn4587615. Code availability Custo"
"4845","16","pmc:PMC9184602","syn11804065","each tumour. Synapse ID: syn11804065, 10.7303/syn11726601. Ac"
"4846","16","pmc:PMC9184602","syn11726601","ID: syn11804065, 10.7303/syn11726601. Accessed 23 May 2022. 3"
"4847","16","pmc:PMC9189802","syn21041850","ww.synapse.org/#!Synapse:syn21041850 https://hlca.ds.czbiohub"
"4848","16","pmc:PMC9191211","syn12009743","lable in synapse.org, ID syn12009743). 2.5 Clinically actiona"
"4849","16","pmc:PMC9196116","syn27791795","ynapse.org (doi: 10.7303/syn27791795 ). REFERENCES 1. Hu B. ,"
"4850","16","pmc:PMC9198070","syn25671079","se.org/TDBRAIN (10.70303/syn25671079) 22 . On www.brainclinic"
"4851","16","pmc:PMC9198070","syn25671079","om python code (10.70303/syn25671079 22 ) used for preprocess"
"4852","16","pmc:PMC9198070","syn25671079","ww.synapse.org (10.70303/syn25671079) 22 in one package and a"
"4853","16","pmc:PMC9198070","syn25671079","-BRAIN)) Synapse 10.7303/syn25671079 23. Donse L Padberg F Sa"
"4854","16","pmc:PMC9199162","syn18485175","54 ], GSE125050 [ 55 ], syn18485175 [ 56 ], GSE99074 [ 57 ];"
"4855","16","pmc:PMC9199162","syn18485175","prefrontal cortex (PFC; syn18485175) [ 56 ] dataset demonstr"
"4856","16","pmc:PMC9199162","syn18485175","ealthy individuals (PFC; syn18485175) [ 56 ] (Additional file"
"4857","16","pmc:PMC9200634","syn18485175","ww.synapse.org/#!Synapse:syn18485175 ), and associated ROSMAP"
"4858","16","pmc:PMC9200634","syn3157322","ww.synapse.org/#!Synapse:syn3157322 ). The liver Seurat obje"
"4859","16","pmc:PMC9205939","syn7222066","ww.synapse.org/#!Synapse:syn7222066/wiki/405659 ), the Inter"
"4860","16","pmc:PMC9217776","syn25741873","ble on Synapse (Synapse: syn25741873). Outlier samples were r"
"4861","16","pmc:PMC9217776","syn25741873",".synapse.org ) (Synapse: syn25741873). The residual expressio"
"4862","16","pmc:PMC9217776","syn25741873","able at Synapse (ROSMAP: syn25741873, MSBB: syn8485027, and M"
"4863","16","pmc:PMC9217776","syn8485027","SMAP: syn25741873, MSBB: syn8485027, and Mayo: syn8466826)."
"4864","16","pmc:PMC9217776","syn8466826","B: syn8485027, and Mayo: syn8466826). The ROSMAP single nucl"
"4865","16","pmc:PMC9217776","syn16780177","at Synapse (Synapse ID: syn16780177). Expression datasets fo"
"4866","16","pmc:PMC9218237","syn22079621","sue) Synapse Synapse ID: syn22079621 snRNA-seq data (postmort"
"4867","16","pmc:PMC9218237","syn22079621","sue) Synapse Synapse ID: syn22079621 Software and algorithms"
"4868","16","pmc:PMC9218237","syn22079621","ww.synapse.org/#!Synapse:syn22079621/ . Raw sequencing data h"
"4869","16","pmc:PMC9218993","syn26338068","rm ( www.doi.org/10.7303/syn26338068 ). The database tables c"
"4870","16","pmc:PMC9221468","syn4940963","https://www.synapse.org (syn4940963 and syn22336443, accesse"
"4871","16","pmc:PMC9221468","syn22336443","apse.org (syn4940963 and syn22336443, accessed on 1 October 2"
"4872","16","pmc:PMC9221468","syn22351884","Culture Data Portal via syn22351884 [ 31 ] and NFhackathon 2"
"4873","16","pmc:PMC9221468","syn22336443","and NFhackathon 2020 via syn22336443 ( https://www.synapse.or"
"4874","16","pmc:PMC9221468","syn17091507","ry is downloaded through syn17091507. In total, seven PN-deri"
"4875","16","pmc:PMC9221468","syn22351884","hich were downloaded via syn22351884, including ipNF05.5 (mix"
"4876","16","pmc:PMC9221468","syn6130081","were downloaded through syn6130081. 2.3. Construction of Co"
"4877","16","pmc:PMC9221468","syn5522627","s://www.synapse.org with syn5522627 (accessed on 1 June 2021"
"4878","16","pmc:PMC9221468","syn24317288","apse.org via Synapse ID: syn24317288 and syn26004582. Conflic"
"4879","16","pmc:PMC9221468","syn26004582","apse ID: syn24317288 and syn26004582. Conflicts of Interest T"
"4880","16","pmc:PMC9221468","syn24317288","ww.synapse.org/#!Synapse:syn24317288/wiki/608247 (accessed on"
"4881","16","pmc:PMC9222264","syn2701943","ell expression profiles (syn2701943) in the Progenitor Cell"
"4882","16","pmc:PMC9225015","syn25008205","re available on synapse (syn25008205). Additionally, all RNAs"
"4883","16","pmc:PMC9225015","syn25008209","PR RNAseq screen Synapse syn25008209 Doherty LM Mills CE Bosw"
"4884","16","pmc:PMC9225015","syn25008216","d studies RNAseq Synapse syn25008216 The following previously"
"4885","16","pmc:PMC9231610","syn3219045","AMP-AD Knowledge Portal (syn3219045). 2. For Mayo, sequencin"
"4886","16","pmc:PMC9231610","syn5550404","AMP-AD Knowledge Portal (syn5550404). 3. For MSBB, sequencin"
"4887","16","pmc:PMC9231610","syn3159438","AMP-AD Knowledge Portal (syn3159438). Processing of Bulk Tis"
"4888","16","pmc:PMC9231610","syn2580853","se.org/ and doi: 10.7303/syn2580853 ). ROSMAP resources can"
"4889","16","pmc:PMC9233006","syn24872746","ww.synapse.org/#!Synapse:syn24872746 -AMP-AD datasets: genoty"
"4890","16","pmc:PMC9233006","syn22313785","tudies/DetailsPage?Study=syn22313785 -CMC datasets: We downlo"
"4891","16","pmc:PMC9233006","syn21589957","ww.synapse.org/#!Synapse:syn21589957 -Allen brain atlas https"
"4892","16","pmc:PMC9233190","syn21991014","https://doi.org/10.7303/syn21991014 ). Data were processed a"
"4893","16","pmc:PMC9233190","syn21991014","https://doi.org/10.7303/syn21991014 ); DiseaseMeth, http://b"
"4894","16","pmc:PMC9233356","syn26350358","tps://dx.doi.org/10.7303/syn26350358 ** https://www.niaaa.nih"
"4895","16","pmc:PMC9235070","syn30243143","RL: synapse.org/#Synapse:syn30243143/files/Yeang_heterogeneit"
"4896","16","pmc:PMC9235490","syn6131484","synapse.org/# ! Synapse: syn6131484/wiki/402026). The datase"
"4897","16","pmc:PMC9235490","syn6131484","ww.synapse.org/#!Synapse:syn6131484/wiki/402026 . (16 July 2"
"4898","16","pmc:PMC9237677","syn7543745","ww.synapse.org/#!Synapse:syn7543745 ) Funding This work was"
"4899","16","pmc:PMC9239907","syn11801889","encies 43 from Synapse ( syn11801889 ), which is clearly bimo"
"4900","16","pmc:PMC9239907","syn25946117","ks) under accession code syn25946117. Additional H&E WSI, CT"
"4901","16","pmc:PMC9241167","syn8456629","to noncarriers (ROSMAP: syn8456629, MAYO: syn8466812, Mount"
"4902","16","pmc:PMC9241167","syn8466812","OSMAP: syn8456629, MAYO: syn8466812, Mount Sinai Brain Bank"
"4903","16","pmc:PMC9241167","syn8484987","Sinai Brain Bank [MSBB]: syn8484987) 72 , 73 , 74 (Figure S1"
"4904","16","pmc:PMC9241197","syn4382524","ww.synapse.org/#!Synapse:syn4382524 ) that was uploaded by H"
"4905","16","pmc:PMC9241197","syn4382524","ww.synapse.org/#!Synapse:syn4382524 ), and the corresponding"
"4906","16","pmc:PMC9245608","syn11707419","ned from Synapse portal (syn11707419) and then variants were"
"4907","16","pmc:PMC9245608","syn9702085","ocessing) data ( Synapse:syn9702085 ), which reprocessed all"
"4908","16","pmc:PMC9245608","syn4896408","Epigenetics (ChIP Seq) - syn4896408 ( synapse.org ) 83 . Det"
"4909","16","pmc:PMC9245608","syn22024496","ned from Synapse portal (syn22024496). Sequencing reads were"
"4910","16","pmc:PMC9245608","syn26952206","see: www.doi.org/10.7303/syn26952206 . Additionally, individu"
"4911","16","pmc:PMC9245608","syn10901595","espectively: ROS/MAP 26 (syn10901595); MSBB 29 (syn10901600)"
"4912","16","pmc:PMC9245608","syn10901600","(syn10901595); MSBB 29 (syn10901600) and Mayo Clinic 28 (syn"
"4913","16","pmc:PMC9245608","syn10901601","600) and Mayo Clinic 28 (syn10901601). ROS/MAP H3K9ac ChIP-se"
"4914","16","pmc:PMC9245608","syn4896408","eq data are available at syn4896408 and TMT proteomics data"
"4915","16","pmc:PMC9245608","syn17015098","cs data are available at syn17015098. RNA-seq reprocessed dat"
"4916","16","pmc:PMC9245608","syn9702085","harmonization study 89 (syn9702085). Splicing junction prop"
"4917","16","pmc:PMC9254903","syn7214402","https://doi.org/10.7303/syn7214402 ), which is an integrate"
"4918","16","pmc:PMC9254903","syn7214402","https://doi.org/10.7303/syn7214402 ), and TumorFusions data"
"4919","16","pmc:PMC9262594","syn7824274","icly available MAF file (syn7824274, https://gdc.cancer.gov/"
"4920","16","pmc:PMC9263289","syn10309369","l tissues ( doi: 10.7303/syn10309369.1 ) using five distinct"
"4921","16","pmc:PMC9263289","syn21595255","tudies/DetailsPage?Study=syn21595255 2 https://www.labsupplyt"
"4922","16","pmc:PMC9263289","syn14237651","ww.synapse.org/#!Synapse:syn14237651 5 https://reactome.org/"
"4923","16","pmc:PMC9263813","syn21560510","Synapse under accessions syn21560510 and syn21560511. The “Ha"
"4924","16","pmc:PMC9263813","syn21560511","cessions syn21560510 and syn21560511. The “Hallmark Interfero"
"4925","16","pmc:PMC9264340","syn26254632","(http://doi.org/10.7303/syn26254632), and the University of"
"4926","16","pmc:PMC9264340","syn26254632","( http://doi.org/10.7303/syn26254632 ). HIGHLIGHTS We systema"
"4927","16","pmc:PMC9264340","syn10901600","edge portal (synapse ID: syn10901600). The WGS data in MSBB w"
"4928","16","pmc:PMC9264340","syn10901595","P 23 cohort (synapse ID: syn10901595). We excluded outliers t"
"4929","16","pmc:PMC9264340","syn3157743","P‐AD portal (synapse ID: syn3157743). The samples were extra"
"4930","16","pmc:PMC9264340","syn3388564","P‐AD portal (synapse ID: syn3388564). We performed the read"
"4931","16","pmc:PMC9264340","syn6101474","P‐AD portal (synapse ID: syn6101474) includes the informatio"
"4932","16","pmc:PMC9264340","syn3157322","MP‐AD portal (Synapse ID:syn3157322) contain the information"
"4933","16","pmc:PMC9264340","syn3159438","tudies/DetailsPage?Study=syn3159438 , and https://adknowledg"
"4934","16","pmc:PMC9264340","syn3219045","tudies/DetailsPage?Study=syn3219045 . The results and the to"
"4935","16","pmc:PMC9264340","syn26254632","t http://doi.org/10.7303/syn26254632 . REFERENCES 1 Patterson"
"4936","16","pmc:PMC9274019","syn18089524","napse.org/ ; Synapse ID: syn18089524 ). Access to the data re"
"4937","16","pmc:PMC9274019","syn18089524","w.synapse.org/#!Synapse: syn18089524 . Challenge documentatio"
"4938","16","pmc:PMC9274019","syn16924919","ww.synapse.org/#!Synapse:syn16924919/wiki/583955 . Whole geno"
"4939","16","pmc:PMC9278252","syn18485175","AMP-AD; accession number syn18485175). The filtered dataset c"
"4940","16","pmc:PMC9278502","syn17865732","ww.synapse.org/#!Synapse:syn17865732/wiki/592782 2019 40 t-Cy"
"4941","16","pmc:PMC9278953","syn27023828","ww.synapse.org/#!Synapse:syn27023828 ), and a comprehensive a"
"4942","16","pmc:PMC9279158","syn2634742","ww.synapse.org/#!Synapse:syn2634742 . TCGA Illumina 450K met"
"4943","16","pmc:PMC9279158","syn26720761","nder the accession codes syn26720761 ( https://www.synapse.or"
"4944","16","pmc:PMC9279158","syn26720761","ww.synapse.org/#!Synapse:syn26720761/ ) and syn26844071 ( htt"
"4945","16","pmc:PMC9279158","syn26844071","napse:syn26720761/ ) and syn26844071 ( https://www.synapse.or"
"4946","16","pmc:PMC9279158","syn26844071","ww.synapse.org/#!Synapse:syn26844071/ ), ﻿respectively. Publi"
"4947","16","pmc:PMC9279891","syn1208024","56, doi: doi.org/10.7303/syn1208024 ] to test two things (1)"
"4948","16","pmc:PMC9280291","syn5612563","m Synapse ( doi: 10.7303/syn5612563 ). The code written for"
"4949","16","pmc:PMC9284779","syn3219045","d Aging Project (ROSMAP) syn3219045; MayoRNAseq syn5550404;"
"4950","16","pmc:PMC9284779","syn5550404",") syn3219045; MayoRNAseq syn5550404; CommonMind Consortium s"
"4951","16","pmc:PMC9284779","syn2759792","4; CommonMind Consortium syn2759792). Genotype data for chro"
"4952","16","pmc:PMC9284779","syn18681734","downloaded from Synapse (syn18681734). Data underwent filteri"
"4953","16","pmc:PMC9291850","syn21125841","https://doi.org/10.7303/syn21125841 . Supplementary table 4,"
"4954","16","pmc:PMC9291850","syn18485175","ww.synapse.org/#!Synapse:syn18485175 ) under the doi 10.7303/"
"4955","16","pmc:PMC9291850","syn18485175",") under the doi 10.7303/syn18485175 Supplementary table 2, S"
"4956","16","pmc:PMC9293308","syn5550404","GSE33000 and Synapse ID# syn5550404) to examine the regional"
"4957","16","pmc:PMC9293776","syn7248578","https://doi.org/10.7303/syn7248578 Code for analysis of the"
"4958","16","pmc:PMC9293776","syn7248578","ww.synapse.org/#!Synapse:syn7248578/wiki/410632 Experimental"
"4959","16","pmc:PMC9293776","syn7248585","https://doi.org/10.7303/syn7248585 Experimental procedure f"
"4960","16","pmc:PMC9293776","syn11510898","https://doi.org/10.7303/syn11510898 Experimental procedure f"
"4961","16","pmc:PMC9293776","syn9697791","https://doi.org/10.7303/syn9697791 cBioPortal : web applica"
"4962","16","pmc:PMC9307566","syn16924919","ww.synapse.org/#!Synapse:syn16924919/wiki/583955 Virtanen P."
"4963","16","pmc:PMC9307959","syn3505720","RNA-seq normalized data (syn3505720) and clinical file (syn3"
"4964","16","pmc:PMC9307959","syn3191087","5720) and clinical file (syn3191087) were download from SYNA"
"4965","16","pmc:PMC9307959","syn8466815","RNA-seq normalized data (syn8466815) and clinical file (syn8"
"4966","16","pmc:PMC9307959","syn8466814","6815) and clinical file (syn8466814) were downloaded from SY"
"4967","16","pmc:PMC9307959","syn18485175","le-cell sequencing data (syn18485175) and metadata (syn315732"
"4968","16","pmc:PMC9307959","syn3157322","n18485175) and metadata (syn3157322) were download from SYNA"
"4969","16","pmc:PMC9314356","syn4907804","ww.synapse.org/#!Synapse:syn4907804 ), respectively. Only su"
"4970","16","pmc:PMC9319783","syn2759792","ww.synapse.org/#!Synapse:syn2759792/wiki/ (accessed 6 July 2"
"4971","16","pmc:PMC9319783","syn2759792","ww.synapse.org/#!Synapse:syn2759792/wiki/ ) (accessed on 6 J"
"4972","16","pmc:PMC9319865","syn3270353","le, WA, USA 2013 10.7303/syn3270353"
"4973","16","pmc:PMC9324904","syn8367012","ttps://www.synapse.org , syn8367012, accessed 15 July 2021)."
"4974","16","pmc:PMC9325708","syn31822992","ww.synapse.org/#!Synapse:syn31822992 . These data are in whol"
"4975","16","pmc:PMC9327202","syn3157182","tudy at Synapse (10.7303/syn3157182). The gene counting step"
"4976","16","pmc:PMC9327202","syn27312989","synapse.org/ (Synapse ID:syn27312989). The AD Knowledge Porta"
"4977","16","pmc:PMC9327422","syn22130778","atient cohort Proteomics syn22130778 syn22172602 Patients wit"
"4978","16","pmc:PMC9327422","syn22172602","t Proteomics syn22130778 syn22172602 Patients with Sorafenib"
"4979","16","pmc:PMC9327422","syn22313435","nib treatment Proteomics syn22313435 syn22314121 Patients wit"
"4980","16","pmc:PMC9327422","syn22314121","t Proteomics syn22313435 syn22314121 Patients with drug combi"
"4981","16","pmc:PMC9327422","syn25672089","g combination Proteomics syn25672089 syn22156810 Primary pati"
"4982","16","pmc:PMC9327422","syn22156810","n Proteomics syn25672089 syn22156810 Primary patient cohort P"
"4983","16","pmc:PMC9327422","syn24610481","cohort Phosphoproteomics syn24610481 syn24227903 Patients wit"
"4984","16","pmc:PMC9327422","syn24227903","hoproteomics syn24610481 syn24227903 Patients with Sorafenib"
"4985","16","pmc:PMC9327422","syn24227680","atment Phosphoproteomics syn24227680 syn24228075 Patients wit"
"4986","16","pmc:PMC9327422","syn24228075","hoproteomics syn24227680 syn24228075 Patients with drug combi"
"4987","16","pmc:PMC9327422","syn24240156","nation Phosphoproteomics syn24240156 syn24240355 Identifying"
"4988","16","pmc:PMC9327422","syn24240355","hoproteomics syn24240156 syn24240355 Identifying drugs and sa"
"4989","16","pmc:PMC9327422","syn22172602","ww.synapse.org/#!Synapse:syn22172602/tables/ . All data used"
"4990","16","pmc:PMC9327630","syn32889400","ww.synapse.org/#!Synapse:syn32889400 References Ahmed H.G.E."
"4991","16","pmc:PMC9333448","syn23446265","x from synapse (Synapse: syn23446265). The original authors o"
"4992","16","pmc:PMC9333448","syn3219045","able on synapse.org (ID: syn3219045). We mapped the Ensembl"
"4993","16","pmc:PMC9337804","syn2580853","edge Portal (doi:10.7303/syn2580853). MSBB data were generat"
"4994","16","pmc:PMC9337811","syn25991921","under accession number ‘syn25991921’. All other relevant dat"
"4995","16","pmc:PMC9349278","syn1688369",".synapse.org/#!Synapse:syn1688369 and https://www.synapse."
"4996","16","pmc:PMC9349278","syn1688370","ww.synapse.org/#!Synapse:syn1688370 . ROSMAP data access is"
"4997","16","pmc:PMC9349278","syn3219045","ww.synapse.org/#!Synapse:syn3219045 and is available as part"
"4998","16","pmc:PMC9351312","syn7824274","he Synapse database (ID: syn7824274). Seven types of SNVs we"
"4999","16","pmc:PMC9352058","syn4993293","in Synapse [doi:10.7303/syn4993293]. References 1 McConnell"
"5000","16","pmc:PMC9352687","syn2623706","(available at: Synapse, syn2623706 ) and GSE50760 for match"
"5001","16","pmc:PMC9352687","syn2623706","TCGA COAD, and Synapse, syn2623706 [ https://www.synapse.or"
"5002","16","pmc:PMC9352687","syn2623706","ww.synapse.org/#!Synapse:syn2623706/wiki/67246 ] for the Gui"
"5003","16","pmc:PMC9356082","syn21041850","ww.synapse.org/#!Synapse:syn21041850 ]; cellxgene at https://"
"5004","16","pmc:PMC9356164","syn12169709","and line) i. cis-eQTLs: ‘syn12169709’. ii. trans-eQTLs: ‘syn1"
"5005","16","pmc:PMC9356164","syn12169715","9709’. ii. trans-eQTLs: ‘syn12169715’. Prepare germline genet"
"5006","16","pmc:PMC9356164","syn12169709","pse download cis-eQTLs: ‘syn12169709’ trans-eQTLs: ‘syn121697"
"5007","16","pmc:PMC9356164","syn12169715","n12169709’ trans-eQTLs: ‘syn12169715’ http://gong_lab.hzau.ed"
"5008","16","pmc:PMC9356164","syn12169709","ww.synapse.org/#!Synapse:syn12169709 ( Carrot-Zhang et al., 2"
"5009","16","pmc:PMC9359989","syn26642975","ww.synapse.org/#!Synapse:syn26642975/files/ . Validation of d"
"5010","16","pmc:PMC9359989","syn26642975","ww.synapse.org/#!Synapse:syn26642975/files/ ). The data can b"
"5011","16","pmc:PMC9359989","syn26642975","by using the Synapse ID: syn26642975 . The other data generat"
"5012","16","pmc:PMC9360398","syn4978511","age Bionetworks Synapse (syn4978511) 9 , 31 , 32 ( https://w"
"5013","16","pmc:PMC9361353","syn26956958","ynapse.org (DOI: 10.7303/syn26956958 ). Lectin/Antibody Affin"
"5014","16","pmc:PMC9361561","syn6131484","napse Challenge (10.7303/syn6131484). This score is equal to"
"5015","16","pmc:PMC9365556","syn5850422","in all individuals from syn5850422 ( D – F ), regardless of"
"5016","16","pmc:PMC9365556","syn5850422","btained through Synapse (syn5850422) [ 36 ]. All datasets us"
"5017","16","pmc:PMC9365556","syn5850422","llected synapse dataset (syn5850422) [ 36 ] which generated"
"5018","16","pmc:PMC9365556","syn23633756","ication [ 86 ]. The raw (syn23633756) and normalized beta val"
"5019","16","pmc:PMC9365556","syn23633757","d normalized beta value (syn23633757) data have been deposite"
"5020","16","pmc:PMC9380361","syn29218130","ww.synapse.org/#!Synapse:syn29218130 . Alternatively, reasona"
"5021","16","pmc:PMC9381513","syn30803357","ww.synapse.org/#!Synapse:syn30803357 63 . The processed cycli"
"5022","16","pmc:PMC9381513","syn30803357","ww.synapse.org/#!Synapse:syn30803357 63 . The publicly availa"
"5023","16","pmc:PMC9381513","syn30803357","ww.synapse.org/#!Synapse:syn30803357 ) 63 . Source data are p"
"5024","16","pmc:PMC9381513","syn30803357","2020). 63. Source_Data - syn30803357 - Files. https://www.syn"
"5025","16","pmc:PMC9381513","syn30803357","ww.synapse.org/#!Synapse:syn30803357 (2022). 64. Metabolomics"
"5026","16","pmc:PMC9382103","syn1710464","ww.synapse.org/#!Synapse:syn1710464 ). Statistical analysis"
"5027","16","pmc:PMC9382322","syn20933797","proteomics data Synapse syn20933797 Experimental models: Org"
"5028","16","pmc:PMC9382322","syn20933797","/consensus ; Synapse ID: syn20933797). Only proteins with mis"
"5029","16","pmc:PMC9384332","syn25875374","ww.synapse.org/#!Synapse:syn25875374/wiki/ The United States"
"5030","16","pmc:PMC9385042","syn2811262","www.synapse.org/#Synapse:syn2811262/wiki/78368 . 12 Chui C."
"5031","16","pmc:PMC9388925","syn4993293","https://doi.org/10.7303/syn4993293 ). Conflict of Interest"
"5032","16","pmc:PMC9388925","syn4993293","ww.synapse.org/#!Synapse:syn4993293/wiki/247859 13 Synapse R"
"5033","16","pmc:PMC9392778","syn3193805","www.synapse.org/#Synapse:syn3193805/wiki/217789 . The aortic"
"5034","16","pmc:PMC9392778","syn3193805","rg/repo/v1/doi/locate?id=syn3193805&type=ENTITY . 10.7303/SY"
"5035","16","pmc:PMC9402578","syn33245388","t Synapse (Accession no. syn33245388; 10.7303/syn33245388). T"
"5036","16","pmc:PMC9402578","syn33245388","no. syn33245388; 10.7303/syn33245388). The main results of i-"
"5037","16","pmc:PMC9408272","syn25380857","rks Synapse 2022 10.7303/syn25380857 64. National Consortium"
"5038","16","pmc:PMC9418253","syn34512708","apse repository (10.7303/syn34512708) 38 and are available un"
"5039","16","pmc:PMC9418253","syn34512708","Database synapse 10.7303/syn34512708 39. Blaydon DC Mutations"
"5040","16","pmc:PMC9420101","syn27082597","Device 2193 2193 10.7303/syn27082597 47 Baseline PHQ-9 A clin"
"5041","16","pmc:PMC9420101","syn27082811","study 1919 1919 10.7303/syn27082811 48 GAD-7 A clinically va"
"5042","16","pmc:PMC9420101","syn17022655","disorder 820 820 10.7303/syn17022655 49 AUDIT-C A three-item"
"5043","16","pmc:PMC9420101","syn17021280","screener 832 835 10.7303/syn17021280 50 IMPACT Mania and Psyc"
"5044","16","pmc:PMC9420101","syn27051276","ing week 818 825 10.7303/syn27051276 51 Weekly PHQ-9 Same as"
"5045","16","pmc:PMC9420101","syn27202355","2 weeks 934 4875 10.7303/syn27202355 52 SDS A clinically vali"
"5046","16","pmc:PMC9420101","syn17022658","weeks 1016 4761 10.7303/syn17022658 53 Patients Global Impre"
"5047","16","pmc:PMC9420101","syn17023313","eatment 915 2856 10.7303/syn17023313 54 Sleep A three-questio"
"5048","16","pmc:PMC9420101","syn17022659","istics. 948 2319 10.7303/syn17022659 55 Mental Health Service"
"5049","16","pmc:PMC9420101","syn17022660","ervices 947 2324 10.7303/syn17022660 56 Other health-related"
"5050","16","pmc:PMC9420101","syn17025058",",4,8,12 818 2022 10.7303/syn17025058 57 Study App Satisfactio"
"5051","16","pmc:PMC9420101","syn17025202","and 12 514 1175 10.7303/syn17025202 58 Daily PHQ-2 This surv"
"5052","16","pmc:PMC9420101","syn17020855","riod 1073 47,976 10.7303/syn17020855 59 Passive data Tracking"
"5053","16","pmc:PMC9420101","syn17025500","ed by Ginger.IO. 10.7303/syn17025500 60 Passive Cluster Entri"
"5054","16","pmc:PMC9420101","syn17116695","ation categories 10.7303/syn17116695 61 Passive Mobility Feat"
"5055","16","pmc:PMC9420101","syn17114662","ne (see Methods) 10.7303/syn17114662 62 Passive Phone Communi"
"5056","16","pmc:PMC9420101","syn17060502","received), etc. 10.7303/syn17060502 63 Passive Weather Featu"
"5057","16","pmc:PMC9420101","syn17061284","mary statistics. 10.7303/syn17061284 64 Technical Validation"
"5058","16","pmc:PMC9420101","syn10848316","ww.synapse.org/#!Synapse:syn10848316/wiki/588047 . 41. aid4mh"
"5059","16","pmc:PMC9420101","syn27082597","p A 2021 Synapse 10.7303/syn27082597 48. Pratap A 2021 Synaps"
"5060","16","pmc:PMC9420101","syn27082811","p A 2021 Synapse 10.7303/syn27082811 49. Pratap A 2021 Synaps"
"5061","16","pmc:PMC9420101","syn17022655","p A 2021 Synapse 10.7303/syn17022655 50. Pratap A 2021 Synaps"
"5062","16","pmc:PMC9420101","syn17021280","p A 2021 Synapse 10.7303/syn17021280 51. Pratap A 2021 Synaps"
"5063","16","pmc:PMC9420101","syn27051276","p A 2021 Synapse 10.7303/syn27051276 52. Pratap A 2021 Synaps"
"5064","16","pmc:PMC9420101","syn27202355","p A 2021 Synapse 10.7303/syn27202355 53. Pratap A 2021 Synaps"
"5065","16","pmc:PMC9420101","syn17022658","p A 2021 Synapse 10.7303/syn17022658 54. Pratap A 2021 Synaps"
"5066","16","pmc:PMC9420101","syn17023313","p A 2021 Synapse 10.7303/syn17023313 55. Pratap A 2021 Synaps"
"5067","16","pmc:PMC9420101","syn17022659","p A 2021 Synapse 10.7303/syn17022659 56. Pratap A 2021 Synaps"
"5068","16","pmc:PMC9420101","syn17022660","p A 2021 Synapse 10.7303/syn17022660 57. Pratap A 2021 Synaps"
"5069","16","pmc:PMC9420101","syn17025058","p A 2021 Synapse 10.7303/syn17025058 58. Pratap A 2021 Synaps"
"5070","16","pmc:PMC9420101","syn17025202","p A 2021 Synapse 10.7303/syn17025202 59. Pratap A 2021 Synaps"
"5071","16","pmc:PMC9420101","syn17020855","p A 2021 Synapse 10.7303/syn17020855 60. Pratap A 2021 Synaps"
"5072","16","pmc:PMC9420101","syn17025500","p A 2021 Synapse 10.7303/syn17025500 61. Pratap A 2021 Synaps"
"5073","16","pmc:PMC9420101","syn17116695","p A 2021 Synapse 10.7303/syn17116695 62. Pratap A 2021 Synaps"
"5074","16","pmc:PMC9420101","syn17114662","p A 2021 Synapse 10.7303/syn17114662 63. Pratap A 2021 Synaps"
"5075","16","pmc:PMC9420101","syn17060502","p A 2021 Synapse 10.7303/syn17060502 64. Pratap A 2021 Synaps"
"5076","16","pmc:PMC9420101","syn17061284","p A 2021 Synapse 10.7303/syn17061284"
"5077","16","pmc:PMC9422129","syn5550404","w.synapse.org/#!Synapse: syn5550404) upon authentication by"
"5078","16","pmc:PMC9422129","syn5550404","ww.synapse.org/#!Synapse:syn5550404 . 52. Allen M Carrasquil"
"5079","16","pmc:PMC9425151","syn20545111","ww.synapse.org/#!Synapse:syn20545111/wiki/594083 14 van der H"
"5080","16","pmc:PMC9425151","syn21570587","ww.synapse.org/#!Synapse:syn21570587 17 Deep learning for com"
"5081","16","pmc:PMC9428860","syn2759792","se with accession number syn2759792, with access governed by"
"5082","16","pmc:PMC9428860","syn4921369","se with accession number syn4921369 governed by NIMH Reposit"
"5083","16","pmc:PMC9437568","syn24179663","ww.synapse.org/#!Synapse:syn24179663 for the 9.1-public relea"
"5084","16","pmc:PMC9437568","syn27056697","rg/repo/v1/doi/locate?id=syn27056697&type=ENTITY ). The BPC h"
"5085","16","pmc:PMC9437568","syn3380222","ww.synapse.org/#!Synapse:syn3380222 ) and cBioPortal (ref. 3"
"5086","16","pmc:PMC9437568","syn7222066","ww.synapse.org/#!Synapse:syn7222066/wiki/ ) and cBioPortal ("
"5087","16","pmc:PMC9451599","syn1695394","ww.synapse.org/#!Synapse:syn1695394 ). The fraction of each"
"5088","16","pmc:PMC9452532","syn27304838","er the accession code of syn27304838. The SNVs in the noncodi"
"5089","16","pmc:PMC9454436","syn26706564","Client with accession id syn26706564 on 5 April 2022. The pro"
"5090","16","pmc:PMC9454436","syn26706564","ww.synapse.org/#!Synapse:syn26706564 (accessed on 5 April 202"
"5091","16","pmc:PMC9463132","syn33621227","se.org ) under accession syn33621227. Patients were not conse"
"5092","16","pmc:PMC9470530","syn2759792","ww.synapse.org/#!Synapse:syn2759792/wiki/69613 ; Brain zQTLS"
"5093","16","pmc:PMC9470536","syn4921369","E (Synapse accession no. syn4921369 ) and Accelerating Medic"
"5094","16","pmc:PMC9470536","syn5550382","-AD) (Synapse accession: syn5550382 ) consortia. A full list"
"5095","16","pmc:PMC9470536","syn4921369","ww.synapse.org/#!Synapse:syn4921369 . The AMP-AD data are av"
"5096","16","pmc:PMC9470536","syn5550382","ww.synapse.org/#!Synapse:syn5550382 . The online tool for qu"
"5097","16","pmc:PMC9477417","syn21088596","ubjects and AD patients (syn21088596) ( 16 ) in the Religious"
"5098","16","pmc:PMC9477733","syn5259886","elements retrieved from syn5259886, the PCAWG Consortium 20"
"5099","16","pmc:PMC9477887","syn18406854","pse under accession code syn18406854 . The MOUTH data are ava"
"5100","16","pmc:PMC9477887","syn26529406","pse under accession code syn26529406 . Code availability The"
"5101","16","pmc:PMC9483418","syn23627957","l. from Synapse (10.7303/syn23627957). A total of 912,253 SNP"
"5102","16","pmc:PMC9487597","syn21041850","ww.synapse.org/#!Synapse:syn21041850 ). FIRM is available on"
"5103","16","pmc:PMC9496783","syn22079621","ww.synapse.org/#!Synapse:syn22079621/ ) (accessed on 1 Februa"
"5104","16","pmc:PMC9496783","syn8691134","owledge Portal database (syn8691134, syn4009614, syn22079621"
"5105","16","pmc:PMC9496783","syn4009614","al database (syn8691134, syn4009614, syn22079621) and GEO da"
"5106","16","pmc:PMC9496783","syn22079621","(syn8691134, syn4009614, syn22079621) and GEO database (GSE17"
"5107","16","pmc:PMC9496783","syn22079621","ww.synapse.org/#!Synapse:syn22079621/ (accessed on 1 February"
"5108","16","pmc:PMC9496783","syn8691134","ww.synapse.org/#!Synapse:syn8691134 (accessed on 1 February"
"5109","16","pmc:PMC9496783","syn4009614","ww.synapse.org/#!Synapse:syn4009614 ) (accessed on 1 Februar"
"5110","16","pmc:PMC9502571","syn30365140","ww.synapse.org/#!Synapse:syn30365140 under the terms and cond"
"5111","16","pmc:PMC9508232","syn21998881","350 design.de or 10.7303/syn21998881 26 . Code availability N"
"5112","16","pmc:PMC9508232","syn21998881","huskinDB Synapse 10.7303/syn21998881 27. Stepanov D Canipa S"
"5113","16","pmc:PMC9515122","syn3193805","ww.synapse.org/#!Synapse:syn3193805/wiki/217789(accessed on"
"5114","16","pmc:PMC9519048","syn33212353","ww.synapse.org/#!Synapse:syn33212353 ) under controlled use c"
"5115","16","pmc:PMC9519048","syn18485175","ww.synapse.org/#!Synapse:syn18485175 ) under controlled use c"
"5116","16","pmc:PMC9519048","syn3157322","ww.synapse.org/#!Synapse:syn3157322 . Supplementary Material"
"5117","16","pmc:PMC9519154","syn8691134","gene expression profile (syn8691134) and clinical informatio"
"5118","16","pmc:PMC9519154","syn8691134",".synapse.org /#!Synapse: syn8691134, the filtered raw count"
"5119","16","pmc:PMC9519154","syn8456637",".synapse.org /#!Synapse: syn8456637, and the clinical data w"
"5120","16","pmc:PMC9519154","syn3191087",".synapse.org /#!Synapse: syn3191087). According to clinical"
"5121","16","pmc:PMC9519154","syn4009614","The validation dataset (syn4009614) was obtained from the A"
"5122","16","pmc:PMC9519154","syn4009614",".synapse.org /#!Synapse: syn4009614). We downloaded the auto"
"5123","16","pmc:PMC9519154","syn8456637","from filtered count data syn8456637, deleted genes whose cou"
"5124","16","pmc:PMC9519154","syn8691134","rediction model, we used syn8691134 as the training dataset,"
"5125","16","pmc:PMC9519154","syn8691134","he training dataset, and syn8691134 and syn4009614 datasets"
"5126","16","pmc:PMC9519154","syn4009614","aset, and syn8691134 and syn4009614 datasets were combined a"
"5127","16","pmc:PMC9519154","syn4009614","GSE5281, GSE118553, and syn4009614. As shown in the followi"
"5128","16","pmc:PMC9525007","syn25826362","tps://dx.doi.org/10.7303/syn25826362 ; the availability of ot"
"5129","16","pmc:PMC9525007","syn25826362","tps://dx.doi.org/10.7303/syn25826362 . We ran both MIST and A"
"5130","16","pmc:PMC9530673","syn3219045",".rush.edu/ ) and Synapse:syn3219045 ( https://www.synapse.or"
"5131","16","pmc:PMC9530673","syn3219045","ww.synapse.org/#!Synapse:syn3219045 ). MCADGS data can be re"
"5132","16","pmc:PMC9530673","syn2910256","equested through Synapse:syn2910256 ( https://www.synapse.or"
"5133","16","pmc:PMC9530673","syn2910256","ww.synapse.org/#!Synapse:syn2910256 ). IGAP summary statisti"
"5134","16","pmc:PMC9530673","syn2910256","ww.synapse.org/#!Synapse:syn2910256 PRS-CS, https://github.c"
"5135","16","pmc:PMC9530673","syn3219045","ww.synapse.org/#!Synapse:syn3219045 Supplemental information"
"5136","16","pmc:PMC9534503","syn26251888","ynapse.org (DOI: 10.7303/syn26251888 ). Supplementary Materia"
"5137","16","pmc:PMC9535589","syn8717496","ww.synapse.org/#!Synapse:syn8717496/wiki/422884 . [36] Coran"
"5138","16","pmc:PMC9537157","syn23763409","wledge Portal, accession syn23763409. Detailed information, i"
"5139","16","pmc:PMC9546880","syn12550434","able on Synapse (10.7303/syn12550434). cDNA libraries were pr"
"5140","16","pmc:PMC9546880","syn19416843","able on Synapse (10.7303/syn19416843.1). 2 L1000 samples (1 f"
"5141","16","pmc:PMC9546880","syn2346643","pse.org with Synapse ID: syn2346643 ( https://www.synapse.or"
"5142","16","pmc:PMC9546880","syn2346643","ww.synapse.org/#!Synapse:syn2346643/wiki/232048 ). Supplemen"
"5143","16","pmc:PMC9547055","syn7214402","roject on SAGE Synapse ( syn7214402 ), RNAseq data for the U"
"5144","16","pmc:PMC9547065","syn12978758","use retina 32 ), Synapse syn12978758 and syn12978762 (Purifie"
"5145","16","pmc:PMC9547065","syn12978762","Synapse syn12978758 and syn12978762 (Purified neurons 31 ) a"
"5146","16","pmc:PMC9547813","syn18686381","dge Portal (Synapse IDs: syn18686381, syn18686382, syn1868637"
"5147","16","pmc:PMC9547813","syn18686382","ynapse IDs: syn18686381, syn18686382, syn18686372) through co"
"5148","16","pmc:PMC9547813","syn18686372","yn18686381, syn18686382, syn18686372) through controlled acce"
"5149","16","pmc:PMC9547813","syn3505720","dge Portal (Synapse IDs: syn3505720) through controlled acce"
"5150","16","pmc:PMC9547813","syn18686381","napse.org/ (Synapse IDs: syn18686381, syn18686382, syn1868637"
"5151","16","pmc:PMC9547813","syn18686382","ynapse IDs: syn18686381, syn18686382, syn18686372, and syn350"
"5152","16","pmc:PMC9547813","syn18686372","yn18686381, syn18686382, syn18686372, and syn3505720; availab"
"5153","16","pmc:PMC9547813","syn3505720","686382, syn18686372, and syn3505720; available through contr"
"5154","16","pmc:PMC9547905","syn5592519","an be accessed at10.7303/syn5592519 (ADNI-1), 10.7303/syn970"
"5155","16","pmc:PMC9547905","syn9705278","592519 (ADNI-1), 10.7303/syn9705278 (ADNI-GO/−2), 10.7303/sy"
"5156","16","pmc:PMC9547905","syn3388564","78 (ADNI-GO/−2), 10.7303/syn3388564 (ROS/MAP),10.7303/syn315"
"5157","16","pmc:PMC9547905","syn3157743","388564 (ROS/MAP),10.7303/syn3157743 (MSSB), and 10.7303/syn5"
"5158","16","pmc:PMC9547905","syn5550404","7743 (MSSB), and 10.7303/syn5550404 (Mayo clinic). The sourc"
"5159","16","pmc:PMC9551568","syn3219045","rg/Explore/Studies?Study=syn3219045 , https://www.synapse.or"
"5160","16","pmc:PMC9551568","syn23277389","ww.synapse.org/#!Synapse:syn23277389 , and https://www.synaps"
"5161","16","pmc:PMC9551568","syn3191087","ww.synapse.org/#!Synapse:syn3191087 . Author contributions P"
"5162","16","pmc:PMC9551568","syn23277389","ww.synapse.org/#!Synapse:syn23277389 2 https://www.synapse.or"
"5163","16","pmc:PMC9551568","syn3191087","ww.synapse.org/#!Synapse:syn3191087 3 https://www.synapse.or"
"5164","16","pmc:PMC9551568","syn5550404","ww.synapse.org/#!Synapse:syn5550404 4 http://broadinstitute."
"5165","16","pmc:PMC9552836","syn8650663","ww.synapse.org/#!Synapse:syn8650663/wiki/436447 (accessed Au"
"5166","16","pmc:PMC9555662","syn22041595","ww.synapse.org/#!Synapse:syn22041595 . The BC TMA dataset is"
"5167","16","pmc:PMC9555662","syn22041595","w.synapse.org/# !Synapse:syn22041595. 25 Yapp C. , Novikov E."
"5168","16","pmc:PMC9558549","syn2623706","ww.synapse.org/#!Synapse:syn2623706/files/ , accessed on 28"
"5169","16","pmc:PMC9558549","syn2623706","ww.synapse.org/#!Synapse:syn2623706/files/ ; Cancer Immunome"
"5170","16","pmc:PMC9560608","syn4301332","] [ 54 ] Source Synapse:syn4301332 GSE57249 E-MTAB-3321 GSE"
"5171","16","pmc:PMC9561721","syn11914606","ge Bionetworks). 10.7303/syn11914606; 10.7303/syn14237651.1;"
"5172","16","pmc:PMC9561721","syn14237651","303/syn11914606; 10.7303/syn14237651.1; 10.1038/sdata.2016.89"
"5173","16","pmc:PMC9563695","syn6131484","ww.synapse.org/#!Synapse:syn6131484/wiki/402026 (24 November"
"5174","16","pmc:PMC9577048","syn30282632","https://doi.org/10.7303/syn30282632 . 12 The 7 target organs"
"5175","16","pmc:PMC9577048","syn30282632","https://doi.org/10.7303/syn30282632 . 12 It contains the ass"
"5176","16","pmc:PMC9577048","syn30282632","es Synapse. 2022 10.7303/syn30282632 13 Huang G. Liu Z. Maate"
"5177","16","pmc:PMC9578644","syn27791795","ynapse.org (DOI: 10.7303/syn27791795). Supporting Information"
"5178","16","pmc:PMC9579712","syn35283700","apse under accession no. syn35283700. Metabolomics data are a"
"5179","16","pmc:PMC9580378","syn21849255","ww.synapse.org/#!Synapse:syn21849255/wiki/601865"
"5180","16","pmc:PMC9581494","syn9702085","https://doi.org/10.7303/syn9702085 Mouse Genome Informatics"
"5181","16","pmc:PMC9581494","syn9702085","https://doi.org/10.7303/syn9702085 ). To assess whether Gen"
"5182","16","pmc:PMC9581494","syn2580853","ww.synapse.org/#!Synapse:syn2580853/ 2016 78 Landrum M.J. Le"
"5183","16","pmc:PMC9586110","syn26706564","rks Synapse (Synapse ID: syn26706564, DOI: https://doi.org/10"
"5184","16","pmc:PMC9586110","syn26706564","https://doi.org/10.7303/syn26706564 ). Statistical analysis"
"5185","16","pmc:PMC9586871","syn26642505","ww.synapse.org/#!Synapse:syn26642505 . The genomic features o"
"5186","16","pmc:PMC9593841","syn3219045","MP-AD) Knowledge Portal (syn3219045). Method details Genotyp"
"5187","16","pmc:PMC9593841","syn3219045","AMP-AD Knowledge Portal (syn3219045) as well as the Rush Alz"
"5188","16","pmc:PMC9595563","syn21041850","snowlab/HLCA ) (Synapse #syn21041850) and from the Tissue Sta"
"5189","16","pmc:PMC9599238","syn11801889","apse (accession numbers: syn11801889 and syn11726602, respect"
"5190","16","pmc:PMC9599238","syn11726602","numbers: syn11801889 and syn11726602, respectively). We utili"
"5191","16","pmc:PMC9599238","syn11804065","ynapse accession number: syn11804065). The list of active sig"
"5192","16","pmc:PMC9599238","syn21560511","napse (accession number: syn21560511). As per CIBERSORTx guid"
"5193","16","pmc:PMC9606807","syn18485175","nts and healthy controls syn18485175 Floriddia et al. (2020)"
"5194","16","pmc:PMC9606807","syn21125841","s in AD mice GSE140511 , syn21125841 Chen et al. (2020) Both"
"5195","16","pmc:PMC9606807","syn22153884","sponse in AD GSE152506 , syn22153884 ( link ) Lee et al. (202"
"5196","16","pmc:PMC9606807","syn22079621","c characterization of AD syn22079621 ( link ) Bartosovic et a"
"5197","16","pmc:PMC9616795","syn33055573","available in [Synapse]: [syn33055573]. • Code is available in"
"5198","16","pmc:PMC9616795","syn33055573","available in [Synapse]: [syn33055573]. • Raw data is availabl"
"5199","16","pmc:PMC9616795","syn33055573","ing a macro (Synapse ID: syn33055573) and a cell density was"
"5200","16","pmc:PMC9630780","syn20843407","ww.synapse.org/#!Synapse:syn20843407/wiki/597068 (alternative"
"5201","16","pmc:PMC9630780","syn20843407","https://doi.org/10.7303/syn20843407 ). a. After downloading"
"5202","16","pmc:PMC9630780","syn34542449","li_Acetyl_Weinert.xlsx - syn34542449 - Files (synapse.org) E."
"5203","16","pmc:PMC9630780","syn34542450","Ecoli_Phos_Soares.xlsx - syn34542450 - Files (synapse.org) E."
"5204","16","pmc:PMC9630780","syn34539904","i_GEM_Orth_iJO1366.mat - syn34539904 - Files (synapse.org) E."
"5205","16","pmc:PMC9630780","syn34542574","num_to_enzyme_map.xlsx - syn34542574 - Files (synapse.org) So"
"5206","16","pmc:PMC9630780","syn25792906","et al. (2022) carom.py - syn25792906 - Files (synapse.org) CA"
"5207","16","pmc:PMC9630780","syn25886762","carom_test_install.py - syn25886762 - Files (synapse.org) Co"
"5208","16","pmc:PMC9630780","syn25876213","(2022) environment.yml - syn25876213 - Files (synapse.org) St"
"5209","16","pmc:PMC9636789","syn22236281","https://doi.org/10.7303/syn22236281 . Note: In Additional fi"
"5210","16","pmc:PMC9636789","syn22236281","https://doi.org/10.7303/syn22236281 [ 94 ]. The GTEx V8 3′ a"
"5211","16","pmc:PMC9636789","syn22236281",". Dataset. 2021. 10.7303/syn22236281. Accessed 19 June 2021."
"5212","16","pmc:PMC9641002","syn28545963","w.synapse.org/ #!Synapse:syn28545963/wiki/617092 Acknowledgme"
"5213","16","pmc:PMC9641692","syn3219045","oad it from Synapse (ID: syn3219045) with a request. For con"
"5214","16","pmc:PMC9643508","syn22079621","ww.synapse.org/#!Synapse:syn22079621/ . RNA ISH images for ge"
"5215","16","pmc:PMC9648888","syn39792658",".org database - (10.7303/syn39792658.1). The data being share"
"5216","16","pmc:PMC9650411","syn4590909","e with accession numbers syn4590909 and syn11242290, respect"
"5217","16","pmc:PMC9650411","syn11242290","n numbers syn4590909 and syn11242290, respectively (Gandal et"
"5218","16","pmc:PMC9650411","syn2759792","on mind consortium data (syn2759792) and GEO datasets of pos"
"5219","16","pmc:PMC9650411","syn11242290","448G15.3, and WAC-AS1 in syn11242290 (ASD—pancortical). (B) R"
"5220","16","pmc:PMC9650529","syn20681023","ww.synapse.org/#!Synapse:syn20681023/wiki/594678 (accessed Oc"
"5221","16","pmc:PMC9657553","syn38741915","ww.synapse.org/#!Synapse:syn38741915 ; accessed on 2 October"
"5222","16","pmc:PMC9663587","syn26133007","or download from synapse syn26133007 and can be browsed onlin"
"5223","16","pmc:PMC9663587","syn32364956","ailable under synapse ID syn32364956 ; all GR values for Fig."
"5224","16","pmc:PMC9663587","syn26133013",". 3 are under synapse ID syn26133013 ; all cell cycle data ar"
"5225","16","pmc:PMC9663587","syn26133010","ata are under synapse ID syn26133010 for Fig. 6 a; Synapse ID"
"5226","16","pmc:PMC9663587","syn38204424","or Fig. 6 a; Synapse IDs syn38204424 , syn38204484 , and syn3"
"5227","16","pmc:PMC9663587","syn38204484","ynapse IDs syn38204424 , syn38204484 , and syn38204586 contai"
"5228","16","pmc:PMC9663587","syn38204586","4424 , syn38204484 , and syn38204586 contain the single cell"
"5229","16","pmc:PMC9668748","syn24240356","s is provided at 10.7303/syn24240356. Funding for this work w"
"5230","16","pmc:PMC9668748","syn34637740","ynapse.org/ ) at 10.7303/syn34637740.2. The PsychENCODE Knowl"
"5231","16","pmc:PMC9674284","syn3157275","e following Synapse IDs: syn3157275 (for epigenomic data), s"
"5232","16","pmc:PMC9674284","syn3800853","5 (for epigenomic data), syn3800853 (transcriptomic), syn104"
"5233","16","pmc:PMC9674284","syn10468856","800853 (transcriptomic), syn10468856 (proteomic), and syn1023"
"5234","16","pmc:PMC9674284","syn10235595","0468856 (proteomic), and syn10235595 and syn10235594 (metabol"
"5235","16","pmc:PMC9674284","syn10235594","ic), and syn10235595 and syn10235594 (metabolomic). Only part"
"5236","16","pmc:PMC9674284","syn22024496","were also included here (syn22024496). Annual administration"
"5237","16","pmc:PMC9674284","syn3800853","edge portal (Synapse IDs syn3800853, syn3157275, syn10235595"
"5238","16","pmc:PMC9674284","syn3157275","(Synapse IDs syn3800853, syn3157275, syn10235595, syn1023559"
"5239","16","pmc:PMC9674284","syn10235595","syn3800853, syn3157275, syn10235595, syn10235594, syn1046885"
"5240","16","pmc:PMC9674284","syn10235594","syn3157275, syn10235595, syn10235594, syn10468856, and syn220"
"5241","16","pmc:PMC9674284","syn10468856","yn10235595, syn10235594, syn10468856, and syn22024496; www.sy"
"5242","16","pmc:PMC9674284","syn22024496","235594, syn10468856, and syn22024496; www.synapse.org/) accor"
"5243","16","pmc:PMC9674345","syn2623706","Synapse using identifier syn2623706 . The following dataset"
"5244","16","pmc:PMC9674345","syn2623706","(CRCSC) Synapse 10.7303/syn2623706 References Adam RA Adam"
"5245","16","pmc:PMC9674686","syn22345748","ww.synapse.org/#!Synapse:syn22345748/ ) was stained with a to"
"5246","16","pmc:PMC9679999","syn26469702","ynapse.org (DOI: 10.7303/syn26469702) and at http://www.funct"
"5247","16","pmc:PMC9682675","syn27717736","ww.synapse.org/#!Synapse:syn27717736 . Declarations Ethics ap"
"5248","16","pmc:PMC9684574","syn26958595","lograft failure. 10.7303/syn26958595 (2022)."
"5249","16","pmc:PMC9686034","syn36038127","expansion. DOI: 10.7303/syn36038127.1 Declarations Ethics ap"
"5250","16","pmc:PMC9687527","syn8691134","rom Synapse (Synapse ID: syn8691134). Raw counts were taken"
"5251","16","pmc:PMC9687527","syn3157275","rom Synapse (Synapse ID: syn3157275). The 450k array profile"
"5252","16","pmc:PMC9698789","syn42828599","rg ), with Synapse ID of syn42828599 ( https://www.synapse.or"
"5253","16","pmc:PMC9698789","syn42828599","ww.synapse.org/#!Synapse:syn42828599/wiki/619746 ), accessed"
"5254","16","pmc:PMC9700745","syn7222066","ww.synapse.org/#!Synapse:syn7222066/wiki/410924 ). This stud"
"5255","16","pmc:PMC9704047","syn21557948","ere obtain from synapse (syn21557948). 32 Processed paired wh"
"5256","16","pmc:PMC9704047","syn7416949","downloaded from synapse (syn7416949). 36 This subset of samp"
"5257","16","pmc:PMC9704759","syn36744682","ww.synapse.org/#!Synapse:syn36744682/files/ ). In addition, s"
"5258","16","pmc:PMC9704759","syn36744682","ww.synapse.org/#!Synapse:syn36744682/files/ ). Supporting inf"
"5259","16","pmc:PMC9710693","syn3219045","able on Synapse (10.7303/syn3219045). ScRNA-seq data (syn235"
"5260","16","pmc:PMC9710693","syn23554292","219045). ScRNA-seq data (syn23554292), bulk RNA-seq data (syn"
"5261","16","pmc:PMC9710693","syn3505720","292), bulk RNA-seq data (syn3505720) and phenotypes (syn3191"
"5262","16","pmc:PMC9710693","syn3191087","3505720) and phenotypes (syn3191087) are available under con"
"5263","16","pmc:PMC9712627","syn12514624","60936); ( D ) MCI3 (MCI; syn12514624); ( E ) A277/12 (AD; GSE"
"5264","16","pmc:PMC9712627","syn12514624","ine data sets, including syn12514624, GSE148822, GSE137444 an"
"5265","16","pmc:PMC9724449","syn11726601","epository (accession ID: syn11726601). Additionally, a list o"
"5266","16","pmc:PMC9732855","syn23627957","https://doi.org/10.7303/syn23627957 . 28 Detailed informatio"
"5267","16","pmc:PMC9734057","syn4587609","der the accession number syn4587609. The examined circRNAs ("
"5268","16","pmc:PMC9734057","syn4923029","NA-seq data (Synapse ID: syn4923029) and the corresponding g"
"5269","16","pmc:PMC9734057","syn3275221","notype data (Synapse ID: syn3275221) of postmortem samples f"
"5270","16","pmc:PMC9734057","syn3346749","MC database (Synapse ID: syn3346749). The examined circRNAs"
"5271","16","pmc:PMC9734057","syn4587609","der the accession number syn4587609. The RNA-seq and genotyp"
"5272","16","pmc:PMC9734057","syn4923029","der the accession number syn4923029. The identified circQTLs"
"5273","16","pmc:PMC9734180","syn12181323","ww.synapse.org/#!Synapse:syn12181323. Competing interests ST"
"5274","16","pmc:PMC9737364","syn18637070","ww.synapse.org/#!Synapse:syn18637070 (accessed on 1 November"
"5275","16","pmc:PMC9741618","syn2580853","edge Portal (doi:10.7303/syn2580853). These data were genera"
"5276","16","pmc:PMC9741618","syn22213067","ww.synapse.org/#!Synapse:syn22213067 . Code availability The"
"5277","16","pmc:PMC9751817","syn2374375","YNAPSE database with ID: syn2374375 ( https://www.synapse.or"
"5278","16","pmc:PMC9751817","syn4382531","ww.synapse.org/#!Synapse:syn4382531 ). Those patients lack c"
"5279","16","pmc:PMC9753366","syn45704342","https://doi.org/10.7303/syn45704342 . Declarations Ethics ap"
"5280","16","pmc:PMC9767683","syn7416949","ject (MSBB, synapse id = syn7416949) of the Accelerating Med"
"5281","16","pmc:PMC9767683","syn3159438","nloaded from synapse (id=syn3159438 [ 18 ]) as a vcf file. W"
"5282","16","pmc:PMC9767679","syn21560406","ww.synapse.org/#!Synapse:syn21560406 Vieira_Teichmann_2019 (p"
"5283","16","pmc:PMC9771812","syn25569736","ynapse (accession number syn25569736: https://www.synapse.org"
"5284","16","pmc:PMC9774809","syn18824884","https://doi.org/10.7303/syn18824884 . Conflicts of Interest"
"5285","16","pmc:PMC9780309","syn26560886","dataset Synapse 10.7303/syn26560886 27. Dai S Temporal socia"
"5286","16","pmc:PMC9799059","syn8234507","ed from synapse.org (ID: syn8234507) as count files, and RNA"
"5287","16","pmc:PMC9799059","syn3158906","es from synapse.org (ID: syn3158906), which included putamen"
"5288","16","pmc:PMC9799059","syn12080241","https://doi.org/10.7303/syn12080241 . Tourette syndrome A to"
"5289","16","pmc:PMC9799059","syn12080241","ww.synapse.org/#!Synapse:syn12080241 . Ethics statement The s"
"5290","16","pmc:PMC9799059","syn4587615","tp://www.doi.org/10.7303/syn4587615 2 https://string-db.org/"
"5291","16","pmc:PMC9805097","syn35283173","ww.synapse.org/#!Synapse:syn35283173/datasets/ . Declarations"
"5292","16","pmc:PMC9806142","syn24982198","ww.synapse.org/#!Synapse:syn24982198/files/ ) ( 37 ). Percent"
"5293","16","pmc:PMC9810723","syn4956655","entified from Synapse ID syn4956655, https://bioinfo.lifl.fr"
"5294","16","pmc:PMC9810723","syn4956655","entified from Synapse ID syn4956655 (Supplementary Data 1 )."
"5295","16","pmc:PMC9810723","syn4956655","entified from Synapse ID syn4956655 (Supplementary Data 1 ),"
"5296","16","pmc:PMC9810723","syn4956655","network from Synapse ID syn4956655 87 , [ https://bioinfo.l"
"5297","16","pmc:PMC9810723","syn4956655","available on Synapse (ID syn4956655). Human target genes wer"
"5298","16","pmc:PMC9810723","syn4956655","et genes from Synapse ID syn4956655 87 ). The sample scores"
"5299","16","pmc:PMC9810723","syn4956655","work found in Synapse ID syn4956655 87 . Human target genes"
"5300","16","pmc:PMC9810723","syn4956655","E-MTAB-9208 , Synapse ID syn4956655 , [ https://bioinfo.lifl"
"5301","16","pmc:PMC9811638","syn42137028","roject page (project ID, syn42137028). GraphPad Prism version"
"5302","16","pmc:PMC9811638","syn42137028","https://doi.org/10.7303/syn42137028 (project ID, syn42137028"
"5303","16","pmc:PMC9811638","syn42137028","syn42137028 (project ID, syn42137028). Authors' contributions"
"5304","16","pmc:PMC9816180","syn18485175","ww.synapse.org/#!Synapse:syn18485175 ). The use of this datas"
"5305","16","pmc:PMC9816180","syn18485175","ww.synapse.org/#!Synapse:syn18485175 . The GWAS summary stati"
"5306","16","pmc:PMC9817988","syn1695394","ww.synapse.org/#!Synapse:syn1695394 , accessed on 11 March 2"
"5307","16","pmc:PMC9825010","syn2580853","edge Portal (doi:10.7303/syn2580853). Mayo Clinic: The Mayo"
"5308","16","pmc:PMC9825010","syn35564295","ee the following 10.7303/syn35564295.1. The AD Knowledge Port"
"5309","16","pmc:PMC9827741","syn40812221","ww.synapse.org/#!Synapse:syn40812221/files/ [Internet]. 2022."
"5310","16","pmc:PMC9827741","syn40812221","ww.synapse.org/#!Synapse:syn40812221/files/. Appendix A Suppl"
"5311","16","pmc:PMC9827741","syn40812221","itory under project name syn40812221. [19] . Appendix A Suppl"
"5312","16","pmc:PMC9829540","syn41699699","synapse.org/ (Synapse ID syn41699699 for the iPSC tri-culture"
"5313","16","pmc:PMC9829540","syn40800403","vailable upon request at syn40800403. Code availability No cu"
"5314","16","pmc:PMC9834207","syn26453964","se repository at 10.7303/syn26453964 9 . The Synapse is a col"
"5315","16","pmc:PMC9834207","syn26453964","de (.r) Synapse: 10.7303/syn26453964 9 Data file 2 script_sip"
"5316","16","pmc:PMC9834207","syn26453964","de (.r) Synapse: 10.7303/syn26453964 9 Data file 3 script_sip"
"5317","16","pmc:PMC9834207","syn26453964","de (.r) Synapse: 10.7303/syn26453964 9 Data file 4 script_mas"
"5318","16","pmc:PMC9834207","syn26453964","de (.r) Synapse: 10.7303/syn26453964 9 Data file 5 sipni_spri"
"5319","16","pmc:PMC9834207","syn26453964","(.html) Synapse: 10.7303/syn26453964 9 Data file 6 sipni_algo"
"5320","16","pmc:PMC9834207","syn26453964","(.html) Synapse: 10.7303/syn26453964 9 Data file 7 immunisati"
"5321","16","pmc:PMC9834207","syn26453964","(.html) Synapse: 10.7303/syn26453964 9 Data file 8 sipni_ws_c"
"5322","16","pmc:PMC9834207","syn26453964","(.xlsx) Synapse: 10.7303/syn26453964 9 Data file 9 sipni_info"
"5323","16","pmc:PMC9834207","syn26453964","(.xlsx) Synapse: 10.7303/syn26453964 9 Data file 10 immunisat"
"5324","16","pmc:PMC9834207","syn26453964","(.xlsx) Synapse: 10.7303/syn26453964 9 Data file 11 R Shiny A"
"5325","16","pmc:PMC9834207","syn26453964","(https) Synapse: 10.7303/syn26453964 9 Dataset 1 sipni_data_r"
"5326","16","pmc:PMC9834207","syn26453964","(.zip) Synapse: 10.7303/syn26453964 9 Dataset 2 sipni_crude_"
"5327","16","pmc:PMC9834207","syn26453964",".rdata) Synapse: 10.7303/syn26453964 9 Dataset 3 sipni_clean_"
"5328","16","pmc:PMC9834207","syn26453964",".rdata) Synapse: 10.7303/syn26453964 9 Dataset 4 sipni_final_"
"5329","16","pmc:PMC9834207","syn26453964",".rdata) Synapse: 10.7303/syn26453964 9 Dataset 5 immunisation"
"5330","16","pmc:PMC9834207","syn26453964",".rdata) Synapse: 10.7303/syn26453964 9 Dataset 6 immunisation"
"5331","16","pmc:PMC9834207","syn26453964","(.csv) Synapse: 10.7303/syn26453964 9 Notes: Anyone can brow"
"5332","16","pmc:PMC9834207","syn26453964","se repository at 10.7303/syn26453964. Anyone can browse the c"
"5333","16","pmc:PMC9834207","syn25148356","n Brazil Synapse 10.7303/syn25148356 7. Boccolini CS Alves RF"
"5334","16","pmc:PMC9834207","syn25049520","d impact Synapse 10.7303/syn25049520 8. Alves RFS Brazilian s"
"5335","16","pmc:PMC9834207","syn26453964","996–2021 Synapse 10.7303/syn26453964 10. Synapse. Downloading"
"5336","16","pmc:PMC9834302","syn32140679","ww.synapse.org/#!Synapse:syn32140679 , 10.7303/syn32140679)."
"5337","16","pmc:PMC9834302","syn32140679","se:syn32140679 , 10.7303/syn32140679). Competing interests Th"
"5338","16","pmc:PMC9839697","syn5550404","x in Mayo clinical data [syn5550404; control n = 78 (Braak s"
"5339","16","pmc:PMC9839697","syn3219045","l cortex in ROSMAP data [syn3219045; control n = 120 with Br"
"5340","16","pmc:PMC9839697","syn3219045","nowledge Portal (10.7303/syn3219045 and 10.7303/syn5550404)."
"5341","16","pmc:PMC9839697","syn5550404","3/syn3219045 and 10.7303/syn5550404). This research was supp"
"5342","16","pmc:PMC9840277","syn11914606","ww.synapse.org/#!Synapse:syn11914606 ). The data derives from"
"5343","16","pmc:PMC9840277","syn23569889","ww.synapse.org/#!Synapse:syn23569889 ) to assess LOAD-relevan"
"5344","16","pmc:PMC9840277","syn23569889","ww.synapse.org/#!Synapse:syn23569889 ). The correlation betwe"
"5345","16","pmc:PMC9840277","syn14237651","ww.synapse.org/#!Synapse:syn14237651 ). Only orthologous gene"
"5346","16","pmc:PMC9844097","syn7834470","rsion 0.2.8; Synapse ID: syn7834470). From that variant call"
"5347","16","pmc:PMC9844097","syn7834470",".2.8 PUBLIC; Synapse ID: syn7834470). Derivation of Splicing"
"5348","16","pmc:PMC9844665","syn21991014","pse.org and doi: 10.7303/syn21991014 ), and were processed an"
"5349","16","pmc:PMC9844665","syn21991014","ynapse.org (doi: 10.7303/syn21991014 ). Human Proteome Map, h"
"5350","16","pmc:PMC9851321","syn8365527","ww.synapse.org/#!Synapse:syn8365527 TCGA-LUAD: https://jhubi"
"5351","16","pmc:PMC9853518","syn3193805","www.synapse.org#!Synapse:syn3193805/wiki/217789 4 It shows i"
"5352","16","pmc:PMC9853565","syn38294603",") under accession number syn38294603 . The AD Knowledge Porta"
"5353","16","pmc:PMC9853565","syn38294603","https://doi.org/10.7303/syn38294603.1 . A data use agreement"
"5354","16","pmc:PMC9858254","syn21041850","/www.synapse.org/Synapse:syn21041850/files/ . The digit image"
"5355","16","pmc:PMC9858505","syn21041850","://synapse.org/#!Synapse:syn21041850 ) ( 36 ) under accession"
"5356","16","pmc:PMC9858647","syn21650484","dies/DetailsPage?studyId=syn21650484 . Conflicts of Interest"
"5357","16","pmc:PMC9859145","syn4983432","ene sets with Synapse ID syn4983432 (5973 genes available) d"
"5358","16","pmc:PMC9860076","syn2822494","ww.synapse.org/#!Synapse:syn2822494 ). Data were normalized"
"5359","16","pmc:PMC9862805","syn23747212","https://doi.org/10.7303/syn23747212 (accessed on 5 September"
"5360","16","pmc:PMC9864094","syn7222066","ww.synapse.org/#!Synapse:syn7222066/wiki/410924 , accessed o"
"5361","16","pmc:PMC9869330","syn11801742","ww.synapse.org/#!Synapse:syn11801742 . For a given biological"
"5362","16","pmc:PMC9873574","syn35874390","r via Synapse project ID syn35874390 . Researchers may access"
"5363","16","pmc:PMC9873630","syn2580853","ww.synapse.org/#!Synapse:syn2580853 . To simplify the analys"
"5364","16","pmc:PMC9873630","syn2580853","nowledge Portal (10.7303/syn2580853). We appreciate their ge"
"5365","16","pmc:PMC9876931","syn26320732","in the Synapse database (syn26320732). The obtained annotatio"
"5366","16","pmc:PMC9876931","syn26320566","der the accession code “ syn26320566 ”. The scRNA-Seq of pedi"
"5367","16","pmc:PMC9876931","syn47980679","der the accession code “ syn47980679 ”. Bone Marrow atlas cou"
"5368","16","pmc:PMC9876931","syn26320732","der the accession code “ syn26320732 ”. The scRNA-Seq pre-pro"
"5369","16","pmc:PMC9876931","syn26320659","der the accession code “ syn26320659 ”. The PBMC Multiome pre"
"5370","16","pmc:PMC9876931","syn26320419","der the accession code “ syn26320419 ”. The PBMC TEA-Seq data"
"5371","16","pmc:PMC9880341","syn5049514","ww.synapse.org/#!Synapse:syn5049514 Gene expression EBPlusPl"
"5372","16","pmc:PMC9882659","syn2623706","from Guinney et al. 34 (syn2623706), Rajamäki et al. 31 and"
"5373","16","pmc:PMC9883514","syn22257780","ww.synapse.org/#!Synapse:syn22257780/wiki/604645 ). For both"
"5374","16","pmc:PMC9883514","syn22257780","ww.synapse.org/#!Synapse:syn22257780/wiki/604645 ). Normalize"
"5375","16","pmc:PMC9889778","syn21041850","under the accession code syn21041850 ; 18 the Maynard et al."
"5376","16","pmc:PMC9892629","syn23565056","ww.synapse.org/#!Synapse:syn23565056/wiki/608635 . Author con"
"5377","16","pmc:PMC9894118","syn45097852","under the accession code syn45097852 1 A. Ciccia , S. J. Elle"
"5378","16","pmc:PMC9894212","syn42844729","ww.synapse.org/#!Synapse:syn42844729/files/ ( 65 ). Data Coll"
"5379","16","pmc:PMC9894212","syn42844729","ww.synapse.org/#!Synapse:syn42844729/files/ ) (65). De-identi"
"5380","16","pmc:PMC9894212","syn42844729","ww.synapse.org/#!Synapse:syn42844729/files/ . Deposited 28 Oc"
"5381","16","pmc:PMC9896663","syn38269688","ry name: Synapse 10.7303/syn38269688.1 [ 1 ] Data file 2 Data"
"5382","16","pmc:PMC9896663","syn38288698","ry name: Synapse 10.7303/syn38288698.1 [ 2 ] Direct URL to da"
"5383","16","pmc:PMC9896663","syn38269688","ww.synapse.org/#!Synapse:syn38269688.1/datasets/ Limitations"
"5384","16","pmc:PMC9896663","syn38269688","apse] under [DOI 10.7303/syn38269688.1 ] after registration a"
"5385","16","pmc:PMC9896663","syn38269688","ts. Synapse, V1. 10.7303/syn38269688.1 2. Gande S, Mangal RK,"
"5386","16","pmc:PMC9896663","syn38288698","nt. Synapse, V1. 10.7303/syn38288698.1"
"5387","16","pmc:PMC9898543","syn26365932","onsortium. Visit 10.7303/syn26365932 for a complete list of g"
"5388","16","pmc:PMC9898543","syn3219045","tal under accession code syn3219045 . The data are available"
"5389","16","pmc:PMC9898543","syn4921369","tal under accession code syn4921369 . The data are available"
"5390","16","pmc:PMC9898543","syn50919268","d Synapse (accession no. syn50919268 ). All significant 3′aTW"
"5391","16","pmc:PMC9900763","syn25795030","ded from Synapse (SynID: syn25795030): https://www.synapse.or"
"5392","16","pmc:PMC9900933","syn8466658","Collection, Synapse ID: syn8466658 ( https://www.synapse.or"
"5393","16","pmc:PMC9900933","syn12080241","ww.synapse.org/#!Synapse:syn12080241 ). The expression data w"
"5394","16","pmc:PMC9902556","syn45200214","ww.synapse.org/#!Synapse:syn45200214 ) 18 which has been publ"
"5395","16","pmc:PMC9902556","syn26376615","PolypGen Synapse 10.7303/syn26376615 19. Everingham, M., Van"
"5396","16","pmc:PMC9908867","syn50877110","ase under accession code syn50877110 [DOI:10.7303/syn50877110"
"5397","16","pmc:PMC9908867","syn50877110","syn50877110 [DOI:10.7303/syn50877110]. The associated data ar"
"5398","16","pmc:PMC9911355","syn15665609","enge through Synapse ID (syn15665609) 60 ; human epidermal sc"
"5399","16","pmc:PMC9911610","syn50900334","r public access [10.7303/syn50900334]. Additional data are av"
"5400","16","pmc:PMC9912026","syn32830920","( synapse.org/#!Synapse:syn32830920 ) References Aldridge BB"
"5401","16","pmc:PMC9913094","syn17038081","he Synapse data release (syn17038081) and were analysed for t"
"5402","16","pmc:PMC9915613","syn1688369","m under accession number syn1688369, respectively. For integ"
"5403","16","pmc:PMC9915673","syn35589856","he identification number syn35589856. All other data are avai"
"5404","16","pmc:PMC9918738","syn2623706","repository (doi:10.7303/syn2623706) and analyzed as describ"
"5405","16","pmc:PMC9918738","syn2623706","repository (doi:10.7303/syn2623706). GSE39396 , GSE17536 ,"
"5406","16","pmc:PMC9925742","syn21126450","ata for snRNAseqAD_TREM2(syn21126450), and that secondary dat"
"5407","16","pmc:PMC9925742","syn21126450","udy 557 snRNAseqAD_TREM2(syn21126450). Any additional data su"
"5408","16","pmc:PMC9926305","syn1773109","ww.synapse.org/#!Synapse:syn1773109/wiki/54962 Gene expressi"
"5409","16","pmc:PMC9926305","syn1773109","ww.synapse.org/#!Synapse:syn1773109/wiki/54962 ). Gene expre"
"5410","16","pmc:PMC9929861","syn22392179","nf.synapse.org/ Synapse: syn22392179 WGS of 8 MPNST cell line"
"5411","16","pmc:PMC9929861","syn22392179","nf.synapse.org/ Synapse: syn22392179 Experimental models: Cel"
"5412","16","pmc:PMC9929861","syn22392179","ww.synapse.org/#!Synapse:syn22392179/wiki/605466 ) ( https://"
"5413","16","pmc:PMC9929861","syn22392179","https://doi.org/10.7303/syn22392179 ) and is part of the NF"
"5414","16","pmc:PMC9931374","syn30165761","nk synapse.org/#!Synapse:syn30165761/files/IHAS_data.zip. We"
"5415","16","pmc:PMC9931374","syn30165761","nk synapse.org/#!Synapse:syn30165761/files/IHAS_programs.zip"
"5416","16","pmc:PMC9934552","syn3219045","ww.synapse.org/#!Synapse:syn3219045 ). RNA-seq data from the"
"5417","16","pmc:PMC9934582","syn12025148","ww.synapse.org/#!Synapse:syn12025148 . ID mutations in each s"
"5418","16","pmc:PMC9934682","syn2580853","ww.synapse.org/#!Synapse:syn2580853/files/ ). These data wer"
"5419","16","pmc:PMC9934862","syn21041850","2020 ) from Synapse (ID: syn21041850 ). The original dataset"
"5420","16","pmc:PMC9934862","syn21041850","ll Atlas Synapse 10.7303/syn21041850 Raredon MS Adams T Schup"
"5421","16","pmc:PMC9938219","syn29967387","ww.synapse.org/#!Synapse:syn29967387/files/ . Contact the fir"
"5422","16","pmc:PMC9940368","syn8456638","ww.synapse.org/#!Synapse:syn8456638 ) [ 17 ], Mayo cohort ("
"5423","16","pmc:PMC9940368","syn8466816","ww.synapse.org/#!Synapse:syn8466816 ) [ 18 ], and MSBB cohor"
"5424","16","pmc:PMC9940368","syn8485017","ww.synapse.org/#!Synapse:syn8485017 ) [ 19 ] are accessible"
"5425","16","pmc:PMC9942880","syn24200678","ww.synapse.org/#!Synapse:syn24200678/files/ ; https://github."
"5426","16","pmc:PMC9948093","syn6090813","trol brains (76 samples; syn6090813) ( Allen et al., 2015 ;"
"5427","16","pmc:PMC9949126","syn51032055","ww.synapse.org/#!Synapse:syn51032055/datasets/. All figure an"
"5428","16","pmc:PMC9949126","syn50908929","ww.synapse.org/#!Synapse:syn50908929. The source data are als"
"5429","16","pmc:PMC9957137","syn26524750","ww.synapse.org/#!Synapse:syn26524750/files/ (accessed on 25 D"
"5430","16","pmc:PMC9957546","syn2820440","ww.synapse.org/#!Synapse:syn2820440/wiki/71024 , accessed on"
"5431","16","pmc:PMC9970869","syn35289647","pse.org/ ) under the id ‘syn35289647’. The WGS data we had al"
"5432","16","pmc:PMC9970873","syn11726602","ww.synapse.org/#!Synapse:syn11726602 . Source data are provid"
"5433","16","pmc:PMC9970878","syn27042663","apse.org ; accession no. syn27042663 ). Previously published"
"5434","16","pmc:PMC9972522","syn1688369","synapse.org (Synapse ID: syn1688369) [ 9 ]. All samples corr"
"5435","16","pmc:PMC9980141","syn22041595","ww.synapse.org/#!Synapse:syn22041595 ). This BC TMA dataset i"
"5436","16","pmc:PMC9981729","syn21041850","66766 Ravindra et al. 28 syn21041850 Travaglini et al. 29 Epi"
"5437","16","pmc:PMC9983144","syn18485175","ll dataset from Synapse (syn18485175) 3 for DEGs. We refer to"
"5438","16","pmc:PMC9983144","syn21670836","tion in a third dataset, syn21670836, 5 which we refer to as"
"5439","16","pmc:PMC9983734","syn23651229","https://doi.org/10.7303/syn23651229 . Code Availability The"
"5440","16","pmc:PMC9984184","syn25576878","pse.org (Project SynIDs: syn25576878 and syn39456106; www.syn"
"5441","16","pmc:PMC9984184","syn39456106","SynIDs: syn25576878 and syn39456106; www.synapse.org ) repos"
"5442","16","pmc:PMC9984563","syn3163039","ip - Alzheimer’s Disease syn3163039 Mouse RNA sequencing dat"
"5443","16","pmc:PMC9984563","syn3163039","edge Portal (Synapse ID: syn3163039). Whole-transcriptome da"
"5444","16","pmc:PMC9984563","syn3163039","edge Portal (Synapse ID: syn3163039). Gene expression data f"
"5445","16","pmc:PMC9987115","syn11801889","ww.synapse.org/#!Synapse:syn11801889 . Accessed on 1 May 2020"
"5446","16","pmc:PMC9987115","syn11804065","ww.synapse.org/#!Synapse:syn11804065 . Accessed on 1 May 2020"
"5447","16","pmc:PMC9988001","syn6131484","llenge . Synapse 10.7303/syn6131484 66 Cochran , K. , Srivas"
"5448","16","pmc:PMC9988001","syn21760283","enge) C-Path Analytics - syn21760283 - Wiki [Internet]. [cite"
"5449","16","pmc:PMC9988001","syn21760283","ww.synapse.org/#!Synapse:syn21760283/wiki/603540 166 Guo , W."
"5450","16","pmc:PMC9990129","syn7204174","1.3% (E-PROT-53, dataset syn7204174) to as high as 43.2% (E-"
"5451","16","pmc:PMC9990244","syn12080241","https:// doi.org/10.7303/syn12080241 ) [ 74 ]. The codes used"
"5452","16","pmc:PMC9990244","syn12080241","62 6420 eaat8127 10.7303/syn12080241 30545856 75. Hernandez L"
"5453","16","pmc:PMC9992663","syn10901595","ww.synapse.org/#!Synapse:syn10901595 ). The eQTLGen consortiu"
"5454","16","pmc:PMC9992663","syn51009573","le from Synapse (10.7303/syn51009573). Code availability Sour"
"5455","16","pmc:PMC11903556","syn4993293","ww.synapse.org/#!Synapse:syn4993293/wiki/247861 . Accessed 3"
"5456","16","pmc:PMC11905455","syn64964787","/www.synapse.org/Synapse:syn64964787/files/ . Declarations Et"
"5457","16","pmc:PMC11906402","syn51364943","https://doi.org/10.7303/syn51364943 ), and genome-wide assoc"
"5458","16","pmc:PMC11906402","syn51364943","https://doi.org/10.7303/syn51364943 ; https://www.finngen.fi"
"5459","16","pmc:PMC11908325","syn10901595","https://doi.org/10.7303/syn10901595 . snRNA-seq data from Fu"
"5460","16","pmc:PMC11908325","syn31512863","/www.synapse.org/Synapse:syn31512863 . snRNA-seq data from Ma"
"5461","16","pmc:PMC11908325","syn52293417","/www.synapse.org/Synapse:syn52293417 . snRNA-seq and genotype"
"5462","16","pmc:PMC11908325","syn26223298","/www.synapse.org/Synapse:syn26223298 . Single-nuclei RNA-seq"
"5463","16","pmc:PMC11910230","syn64425850","https://doi.org/10.7303/syn64425850.2 and https://arkportal."
"5464","16","pmc:PMC11911242","syn52229757","https://doi.org/10.7303/syn52229757 . REFERENCES Amariglio ,"
"5465","16","pmc:PMC11916961","syn51364943","ww.synapse.org/#!Synapse:syn51364943/files/ ). European Bioin"
"5466","16","pmc:PMC11923173","syn60868042","AMA-MIA dataset. 10.7303/syn60868042 Licensed under a Creativ"
"5467","16","pmc:PMC11923301","syn51364943","w.synapse.org/#!Synapse: syn51364943/files/). All samples inc"
"5468","16","pmc:PMC11923576","syn2580853","https://doi.org/10.7303/syn2580853 REFERENCES 1 Zhang X‐X ,"
"5469","16","pmc:PMC11927402","syn11738767","/www.synapse.org/Synapse:syn11738767 . Accessed January 2025"
"5470","16","pmc:PMC11928603","syn51364943","/www.synapse.org/Synapse:syn51364943 ), the deCODE Health stu"
"5471","16","pmc:PMC11929800","syn3388564","ww.synapse.org/#!Synapse:syn3388564 ). Detailed methods for"
"5472","16","pmc:PMC11929800","syn4896408","/www.synapse.org/Synapse:syn4896408 ). Detailed methods for"
"5473","16","pmc:PMC11929800","syn17015098","/www.synapse.org/Synapse:syn17015098 ). A detailed descriptio"
"5474","16","pmc:PMC11929800","syn3388564","ww.synapse.org/#!Synapse:syn3388564 ) and the single-nucleus"
"5475","16","pmc:PMC11929800","syn18485175","ww.synapse.org/#!Synapse:syn18485175 ). Both datasets were ge"
"5476","16","pmc:PMC11929800","syn11724057","e under accession code [ syn11724057 ]; ROSMAP RNA-seq data a"
"5477","16","pmc:PMC11929800","syn3388564","e under accession code [ syn3388564 ]; ROSMAP proteomics dat"
"5478","16","pmc:PMC11929800","syn17015098","e under accession code [ syn17015098 ]; ROSMAP histone modifi"
"5479","16","pmc:PMC11929800","syn4896408","e under accession code [ syn4896408 ]; summary statistics fr"
"5480","16","pmc:PMC11931944","syn26710600","nt synovium data (SynID: syn26710600): CITE-seq UMAP analysis"
"5481","16","pmc:PMC11932726","syn53754523","www.synapse.org/Synapse: syn53754523/files/ . References Ahle"
"5482","16","pmc:PMC11936967","syn26844071",".nlm.nih.gov/geo/ ), and syn26844071 (141 tumors, 39 normals)"
"5483","16","pmc:PMC11936967","syn26844071","SE166555, GSE200997, and syn26844071), comprising 58 normal c"
"5484","16","pmc:PMC11936967","syn26844071","et with accession number syn26844071 is hosted on Synapse.10x"
"5485","16","pmc:PMC11938998","syn64923248","/www.synapse.org/Synapse:syn64923248/wiki/630992 ), and the B"
"5486","16","pmc:PMC11940702","syn64776111","ble in Synapse at SynID: syn64776111, https://www.synapse.org"
"5487","16","pmc:PMC11940702","syn64776111","/www.synapse.org/Synapse:syn64776111.2/datasets/ , accessed o"
"5488","16","pmc:PMC11945730","syn51156910","/www.synapse.org/Synapse:syn51156910/wiki/ (accessed on 15 Se"
"5489","16","pmc:PMC11945730","syn53708249","/www.synapse.org/Synapse:syn53708249/wiki/626323 (accessed on"
"5490","16","pmc:PMC11945730","syn25829067","/www.synapse.org/Synapse:syn25829067/wiki/610863 (accessed on"
"5491","16","pmc:PMC11945730","syn27046444","/www.synapse.org/Synapse:syn27046444/wiki/616571 (accessed on"
"5492","16","pmc:PMC11945730","syn64153130","/www.synapse.org/Synapse:syn64153130/wiki/ (accessed on 1 Mar"
"5493","16","pmc:PMC11947734","syn26223298","ain Cell Atlas (SEA‐AD) (syn26223298) (Table S2 ). Frozen tis"
"5494","16","pmc:PMC11947734","syn26223298","from the SEA‐AD cohort (syn26223298). Based on the cell type"
"5495","16","pmc:PMC11947734","syn26223298","OSMAP and SEA‐AD cohort (syn26223298). In the ROSMAP dataset,"
"5496","16","pmc:PMC11948582","syn50134757","ww.synapse.org/#!Synapse:syn50134757/ Author contributions JR"
"5497","16","pmc:PMC11949045","syn11726616","bases were obtained from syn11726616, the ICGC Data Portal (r"
"5498","16","pmc:PMC11949768","syn29568296","ww.synapse.org/#!Synapse:syn29568296 . Containerized pre-trai"
"5499","16","pmc:PMC11950204","syn17024112","rg ) with accession IDs: syn17024112, syn9738945 and syn74169"
"5500","16","pmc:PMC11950204","syn9738945","ession IDs: syn17024112, syn9738945 and syn7416949, respecti"
"5501","16","pmc:PMC11950204","syn7416949","17024112, syn9738945 and syn7416949, respectively. Clinical"
"5502","16","pmc:PMC11950204","syn21448334","tform with accession ID: syn21448334. There are 400 samples a"
"5503","16","pmc:PMC11950204","syn21448334","8 (synapse accession ID: syn21448334) was analyzed. 14 of the"
"5504","16","pmc:PMC11950204","syn17024112",".org/ ) (accession code: syn17024112 (ROSMAP), syn9738945 (Ma"
"5505","16","pmc:PMC11950204","syn9738945","e: syn17024112 (ROSMAP), syn9738945 (Mayo Clinic) and syn741"
"5506","16","pmc:PMC11950204","syn7416949","738945 (Mayo Clinic) and syn7416949 (MSBB)). Data is availab"
"5507","16","pmc:PMC11950375","syn51364943","ww.synapse.org/#!Synapse:syn51364943/files/ . It is important"
"5508","16","pmc:PMC11950675","syn2623706","ing Consortium (CRCSC) - syn2623706 - Wiki . Available onlin"
"5509","16","pmc:PMC11950675","syn2623706","/www.synapse.org/Synapse:syn2623706/wiki/67246 (Accessed Nov"
"5510","16","pmc:PMC11952381","syn25829067","/www.synapse.org/Synapse:syn25829067/wiki/611504 A. Appendix"
"5511","16","pmc:PMC11952530","syn65461849","/www.synapse.org/Synapse:syn65461849 . The results published"
"5512","16","pmc:PMC11952609","syn52335732","napse.org/ ; identifier: syn52335732) Kosoy et al. 2022 - AMP"
"5513","16","pmc:PMC11952609","syn26207321","napse.org/ ; identifier: syn26207321) References 1. Belloy M."
"5514","16","pmc:PMC11957023","syn8042988",". PCAWG consensus CNAs (syn8042988) were categorized into g"
"5515","16","pmc:PMC11957029","syn7357283","(AMP-AD) portal (synID: syn7357283). Uniform and stringent"
"5516","16","pmc:PMC11957029","syn23538600","org/ ) under Synapse ID: syn23538600. Access requires creatin"
"5517","16","pmc:PMC11957029","syn7357283","on Synapse (Synapse IDs: syn7357283, syn23650893, syn3157325"
"5518","16","pmc:PMC11957029","syn23650893","Synapse IDs: syn7357283, syn23650893, syn3157325). Microglial"
"5519","16","pmc:PMC11957029","syn3157325","syn7357283, syn23650893, syn3157325). Microglial single-cell"
"5520","16","pmc:PMC11957198","syn3219045","ilsPage?Program=AMP-AD , syn3219045) or via the Rush Alzheim"
"5521","16","pmc:PMC11961587","syn3193805","/www.synapse.org/Synapse:syn3193805/wiki/89480 ], the ACDC D"
"5522","16","pmc:PMC11965558","syn10901595","ww.synapse.org/#!Synapse:syn10901595 . Similarly, the single-"
"5523","16","pmc:PMC11965558","syn31512863","ww.synapse.org/#!Synapse:syn31512863 . Instructions for submi"
"5524","16","pmc:PMC11967253","syn54032669","om the Synapse database (syn54032669). Similarly, the 281 pat"
"5525","16","pmc:PMC11967253","syn54032669","om the Synapse database (syn54032669) to investigate whether"
"5526","16","pmc:PMC11967253","syn54032669","], and Synapse database (syn54032669) [ 23 ]. For inquiries r"
"5527","16","pmc:PMC11968202","syn17015233","edge Portal (Synapse ID: syn17015233) 119 and MetaBrain. 120"
"5528","16","pmc:PMC11969709","syn3159438","/www.synapse.org/Synapse:syn3159438 ), the ROSMAP study data"
"5529","16","pmc:PMC11969709","syn3219045","/www.synapse.org/Synapse:syn3219045 ), the ALZData collated"
"5530","16","pmc:PMC11971407","syn4993293","/www.synapse.org/Synapse:syn4993293/wiki/376006 . This datas"
"5531","16","pmc:PMC11971407","syn4993293","/www.synapse.org/Synapse:syn4993293/wiki/376006 (n. d.). 24."
"5532","16","pmc:PMC11974700","syn23650894","g Synapse IDs were used: syn23650894, syn3388564, syn17015098"
"5533","16","pmc:PMC11974700","syn3388564","were used: syn23650894, syn3388564, syn17015098, syn2600783"
"5534","16","pmc:PMC11974700","syn17015098","syn23650894, syn3388564, syn17015098, syn26007830, syn2202449"
"5535","16","pmc:PMC11974700","syn26007830","syn3388564, syn17015098, syn26007830, syn22024496. The metabo"
"5536","16","pmc:PMC11974700","syn22024496","yn17015098, syn26007830, syn22024496. The metabolomic data wa"
"5537","16","pmc:PMC11974700","syn23650894","leus RNA-seq (Synapse ID syn23650894) was performed across 2."
"5538","16","pmc:PMC11974700","syn3388564","38 , 65 ). Bulk RNA-seq (syn3388564) generated using next-ge"
"5539","16","pmc:PMC11974700","syn17015098","( 66 ). Proteomic data (syn17015098) was generated for a tot"
"5540","16","pmc:PMC11974700","syn26007830","). Metabolon-wide data (syn26007830) was generated on the Me"
"5541","16","pmc:PMC11974700","syn22024496","seq (52,650 transcripts; syn22024496), SomaLogic proteins (7,"
"5542","16","pmc:PMC11974732","syn21983020","of 5xFAD mice brain (ID: syn21983020). There are 1,378 paRNAs"
"5543","16","pmc:PMC11974732","syn22964719","(hippocampus, data from syn22964719). Differential expressio"
"5544","16","pmc:PMC11974732","syn21983020","ww.synapse.org/#!Synapse:syn21983020 . RNA-seq data generated"
"5545","16","pmc:PMC11974732","syn22964719","ww.synapse.org/#!Synapse:syn22964719 . RNA-seq data generated"
"5546","16","pmc:PMC11974764","syn21241740","/www.synapse.org/Synapse:syn21241740 and https://www.synapse."
"5547","16","pmc:PMC11974764","syn22264775","/www.synapse.org/Synapse:syn22264775 ) ( 9 ). In total, our c"
"5548","16","pmc:PMC11974764","syn21241740","rtal.org ; accession No. syn21241740) ( 9 ). Genomics dataset"
"5549","16","pmc:PMC11974764","syn22264775","ge Portal (accession No. syn22264775). Optum’s de-identified"
"5550","16","pmc:PMC11974870","syn61001870","/www.synapse.org/Synapse:syn61001870 ). Newly generated raw s"
"5551","16","pmc:PMC11978107","syn51032055","ww.synapse.org/#!Synapse:syn51032055/datasets/ [ 79 ]. Bulk R"
"5552","16","pmc:PMC11978107","syn51032055",". Synapse. 2023. 10.7303/syn51032055.1. 80. Huuki-Myers LA, M"
"5553","16","pmc:PMC11978869","syn64005218","dataset. Synapse 10.7303/syn64005218 (2024). 23. Doane MG Int"
"5554","16","pmc:PMC11979625","syn23627957","https://doi.org/10.7303/syn23627957 . These data were derive"
"5555","16","pmc:PMC11979625","syn23627957","in the public domain: – syn23627957, https://doi.org/10.7303"
"5556","16","pmc:PMC11979625","syn23627957","https://doi.org/10.7303/syn23627957 References 1 Global, Reg"
"5557","16","pmc:PMC11981922","syn51364943","ww.synapse.org/#!Synapse:syn51364943/files/ . To match the an"
"5558","16","pmc:PMC11982544","syn12026747","under the accession code syn12026747. Source data are provide"
"5559","16","pmc:PMC11984669","syn49637038","Terekhova et al. 2023 ) (syn49637038), specifically focusing"
"5560","16","pmc:PMC11985354","syn11726616","/www.synapse.org/Synapse:syn11726616 . The human reference ge"
"5561","16","pmc:PMC11987262","syn61841079","napse directory: 10.7303/syn61841079.1 Declarations Ethics ap"
"5562","16","pmc:PMC11990013","syn64618348","in Synapse (Project ID: syn64618348). 2.1. PSP Comparisons W"
"5563","16","pmc:PMC11990013","syn64618348","at Synapse (Project ID: syn64618348). 3. Discussion Multiple"
"5564","16","pmc:PMC11990013","syn64618348","in Synapse (Project ID: syn64618348). Conflicts of Interest"
"5565","16","pmc:PMC11994449","syn2813581","ww.synapse.org/#!Synapse:syn2813581/files/ ). Each predictio"
"5566","16","pmc:PMC11994449","syn2813581","ww.synapse.org/#!Synapse:syn2813581/files/ . The normal BAM"
"5567","16","pmc:PMC11994449","syn2813581","ww.synapse.org/#!Synapse:syn2813581/docker/ . Galaxy workflo"
"5568","16","pmc:PMC11994820","syn16779040","es Study cohort (10.7303/syn16779040). In the cohort, they ex"
"5579","19","pmc:PMC12001700","syn11726601",". Synapse. 2018. 10.7303/syn11726601. 20. Grabski IN De Vito"
"5580","19","pmc:PMC12002724","syn42902915","/www.synapse.org/Synapse:syn42902915 11 Krippendorff K Conten"
"5581","19","pmc:PMC12008632","syn26223298","las (https://sea-ad.org; syn26223298) and the CZ CELLxGENE Di"
"5582","19","pmc:PMC12008711","syn64364142","https://doi.org/10.7303/syn64364142 ○ Normal RNAseq data: ht"
"5583","19","pmc:PMC12008711","syn64364380","https://doi.org/10.7303/syn64364380 • This paper does not re"
"5584","19","pmc:PMC12008711","syn64364142","https://doi.org/10.7303/syn64364142 Normal RNAseq data Synap"
"5585","19","pmc:PMC12008711","syn64364380","https://doi.org/10.7303/syn64364380 Experimental models: Cel"
"5586","20","pmc:PMC12011263","syn18485175","/www.synapse.org/Synapse:syn18485175 ; coded ROSMAP in the Me"
"5587","20","pmc:PMC12012329","syn3219045","sPage/StudyDetails?Study=syn3219045 : Study data were provid"
"5588","20","pmc:PMC12013717","syn30986019","ww.synapse.org/#!Synapse:syn30986019 . Note: The subSCOPE pre"
"5589","20","pmc:PMC12013717","syn29568296","ull < docker.synapse.org/syn29568296/subscope Figure 1 shows"
"5590","20","pmc:PMC12013717","syn30986019","commands: > synapse get syn30986019 Figure 1 Expected output"
"5591","20","pmc:PMC12013717","syn29568296","says ‘docker.synapse.org/syn29568296/subscope’ The IMAGE ID f"
"5592","20","pmc:PMC12013717","syn30986019","d subSCOPE) This article syn30986019 Model training data Ellr"
"5593","20","pmc:PMC12013717","syn29568296","pull docker.synapse.org/syn29568296/subscope’ results in the"
"5594","20","pmc:PMC12013717","syn29568296","d for docker.synapse.org/syn29568296/subscope, repository doe"
"5595","20","pmc:PMC12013734","syn61892120",") under Accession Number syn61892120. All processed data and"
"5596","20","pmc:PMC12015297","syn51364943","ough Synapse (project ID syn51364943 [ https://www.synapse.or"
"5597","20","pmc:PMC12015297","syn51364943","/www.synapse.org/Synapse:syn51364943/wiki/622119 ]) using the"
"5598","20","pmc:PMC12016141","syn52137034","ww.synapse.org/#!Synapse:syn52137034/files/ [ 53 ] SPRI Clini"
"5599","20","pmc:PMC12016141","syn52137034","ww.synapse.org/#!Synapse:syn52137034/files/ https://github.co"
"5600","20","pmc:PMC12016380","syn3157275","ledge Portal (accession: syn3157275), and the HBI dataset ha"
"5601","20","pmc:PMC12019351","syn20575265","/www.synapse.org/Synapse:syn20575265. EndoVis 2017 - accessib"
"5602","20","pmc:PMC12019351","syn60239970","/www.synapse.org/Synapse:syn60239970/datasets/ . These datase"
"5603","21","pmc:PMC12023904","syn3193805","/www.synapse.org/Synapse:syn3193805/wiki/89480 LIDC [ 18 ] 1"
"5604","21","pmc:PMC12023904","syn51156910","/www.synapse.org/Synapse:syn51156910/wiki/621282 AutoPet2 [ 5"
"5605","21","pmc:PMC12026788","syn4921369","/www.synapse.org/Synapse:syn4921369/wiki/235539 ), Common Mi"
"5606","21","pmc:PMC12026788","syn4921369","/www.synapse.org/Synapse:syn4921369/wiki/235539 ). 4.5. Fine"
"5607","22","pmc:PMC12030582","syn51365301","/www.synapse.org/Synapse:syn51365301 ) (accessed on 10 Octobe"
"5608","22","pmc:PMC12032271","syn2580853","ase under accession code syn2580853 [ https://www.synapse.or"
"5609","22","pmc:PMC12032271","syn23627957","ww.synapse.org/#!Synapse:syn23627957 ], from the publication"
"5610","22","pmc:PMC12033273","syn5049520","c3.v0.2.8.PUBLIC.maf.gz; syn5049520) 47 . Functional somatic"
"5611","22","pmc:PMC12033273","syn5049520","e acquired from Synapse (syn5049520). High-level deletion fo"
"5612","22","pmc:PMC12036471","syn18485175","–AD) 85 with synapse IDs syn18485175, syn2112584, syn52293424"
"5613","22","pmc:PMC12036471","syn2112584","synapse IDs syn18485175, syn2112584, syn52293424, and syn522"
"5614","22","pmc:PMC12036471","syn52293424","syn18485175, syn2112584, syn52293424, and syn52293442, respec"
"5615","22","pmc:PMC12036471","syn52293442","112584, syn52293424, and syn52293442, respectively. The forme"
"5616","22","pmc:PMC12036471","syn18485175","e.org/ with synapse IDs: syn18485175, syn2112584, syn52293424"
"5617","22","pmc:PMC12036471","syn2112584","ynapse IDs: syn18485175, syn2112584, syn52293424, and syn522"
"5618","22","pmc:PMC12036471","syn52293424","syn18485175, syn2112584, syn52293424, and syn52293442 for Mat"
"5619","22","pmc:PMC12036471","syn52293442","112584, syn52293424, and syn52293442 for Mathys 2019, Zhou 20"
"5620","23","pmc:PMC12045402","syn10901595","r the first WGS release (syn10901595) ( De Jager et al. 2018"
"5621","23","pmc:PMC12045402","syn51732520","second WGS data release (syn51732520) ( Reddy et al. 2024 ),"
"5622","23","pmc:PMC12047418","syn64568892","www.synapse.org/Synapse:syn64568892/files/ (syn64568892). Su"
"5623","23","pmc:PMC12047418","syn64568892","apse:syn64568892/files/ (syn64568892). Supplementary Material"
"5624","23","pmc:PMC12047926","syn64610522","Synapse (Project SynID: syn64610522). All other data used in"
"5625","24","pmc:PMC12056088","syn22252881","https://doi.org/10.7303/syn22252881 . The code developed for"
"5626","25","pmc:PMC12060125","syn18485175","rom Synapse (synapse ID: syn18485175). 10 The raw snRNA‐seq c"
"5627","25","pmc:PMC12060125","syn23650893","rom Synapse (synapse ID: syn23650893). Characteristics of the"
"5628","25","pmc:PMC12060322","syn26720761","ww.synapse.org/#!Synapse:syn26720761/ and https://www.synapse"
"5629","25","pmc:PMC12060322","syn26844071","ww.synapse.org/#!Synapse:syn26844071/ ). For single-cell data"
"5630","25","pmc:PMC12061824","syn51364943","/www.synapse.org/Synapse:syn51364943/wiki/622119 ) [ 5 ]. Our"
"5631","25","pmc:PMC12061824","syn51364943","/www.synapse.org/Synapse:syn51364943/wiki/622119 ) 2. Blood c"
"5632","25","pmc:PMC12062235","syn32141161","ge Portal, identified as syn32141161 . The raw sequence files"
"5633","25","pmc:PMC12062235","syn32141161","tal.synapse.org/ , study syn32141161 , but restrictions apply"
"5634","25","pmc:PMC12062277","syn30821562","/www.synapse.org/Synapse:syn30821562 ; the ROSMAP bulk brain"
"5635","25","pmc:PMC12062277","syn31534849","/www.synapse.org/Synapse:syn31534849 ; and the MSBB bulk brai"
"5636","25","pmc:PMC12062277","syn52331749","/www.synapse.org/Synapse:syn52331749 . Alzheimer’s disease bi"
"5637","25","pmc:PMC12062277","syn51739831","/www.synapse.org/Synapse:syn51739831 . Code availability The"
"5638","25","pmc:PMC12063703","syn3193805","ww.synapse.org/#!Synapse:syn3193805/wiki/89480 . Lastly, the"
"5639","25","pmc:PMC12064341","syn16795940","SynIDs were downloaded: syn16795940, syn16795937, syn1679593"
"5640","25","pmc:PMC12064341","syn16795937","downloaded: syn16795940, syn16795937, syn16795934, and syn167"
"5641","25","pmc:PMC12064341","syn16795934","yn16795940, syn16795937, syn16795934, and syn16795931. Metada"
"5642","25","pmc:PMC12064341","syn16795931","795937, syn16795934, and syn16795931. Metadata for individual"
"5643","25","pmc:PMC12064341","syn6101474","cimens were sourced from syn6101474 and syn21893059. Cohort"
"5644","25","pmc:PMC12064341","syn21893059","rced from syn6101474 and syn21893059. Cohort information, tra"
"5645","25","pmc:PMC12066562","syn26844071","ww.synapse.org/#!Synapse:syn26844071/ ) ( Joanito et al., 202"
"5646","25","pmc:PMC12068811","syn64828293","https://doi.org/10.7303/syn64828293.1 ). Hospital interviews"
"5647","25","pmc:PMC12069897","syn7818379",", D25 hiPSC-CM GSE81585 /syn7818379 Churko et al. (2018) D0,"
"5648","26","pmc:PMC12073903","syn64322332","https://doi.org/10.7303/syn64322332 . References Abbatecola"
"5649","26","pmc:PMC12075687","syn30991602","ww.synapse.org/#!Synapse:syn30991602 ) and 1551 NSCLC samples"
"5650","26","pmc:PMC12075687","syn27056179","ww.synapse.org/#!Synapse:syn27056179 ) from the GENIE Biophar"
"5651","26","pmc:PMC12075687","syn27056172","/www.synapse.org/Synapse:syn27056172 ] and somatic mutations"
"5652","26","pmc:PMC12077266","syn2623706","able through Synapse (ID:syn2623706) were used to define Syn"
"5653","26","pmc:PMC12077266","syn2623706","db (v7.4) or Synapse (ID:syn2623706). Sample scores for thes"
"5654","27","pmc:PMC12080116","syn2580853","brain regions (Synapse: syn2580853), the FerrDb and TrioSig"
"5655","27","pmc:PMC12080116","syn2580853","(https://doi.org/10.7303/syn2580853). Authors’ contributions"
"5656","27","pmc:PMC12080649","syn22317079","https://doi.org/10.7303/syn22317079 ). More detailed informa"
"5657","27","pmc:PMC12081229","syn26346373","from Synapse (projectID: syn26346373). FASTQ files from Villa"
"5658","27","pmc:PMC12081856","syn22257780","ons (Synapse dataset ID: syn22257780). Expression levels of s"
"5659","27","pmc:PMC12081856","syn22257780","g/ ) with the dataset ID syn22257780 and processed using the"
"5660","27","pmc:PMC12082929","syn53424735","g under accession number syn53424735 and are available at the"
"5661","27","pmc:PMC12083594","syn10337516","ynapse.org/ , accession: syn10337516). The Ravi et al. cohort"
"5662","27","pmc:PMC12084531","syn21560407","ww.synapse.org/#!Synapse:syn21560407 and http://blueprint.lam"
"5663","27","pmc:PMC12085317","syn2374375","Synapse database (SynID: syn2374375) ( https://www.synapse.o"
"5664","27","pmc:PMC12085317","syn2374375","(TCGA-RNAediting, SynID: syn2374375) (Han et al. 2015 ), we"
"5665","27","pmc:PMC12085673","syn3219045","ter, R. A. S. D. 10.7303/syn3219045 (Synapse, 2025). 70. Eng"
"5666","27","pmc:PMC12089154","syn25569736","ww.synapse.org/#!Synapse:syn25569736/wiki/612269 ) [ 50 ]. Th"
"5667","27","pmc:PMC12089154","syn25569736","ww.synapse.org/#!Synapse:syn25569736/wiki/612269 . Cited 2024"
"5668","27","pmc:PMC12089919","syn20818651","ww.synapse.org/#!Synapse:syn20818651 ). Single‐nucleus RNA‐se"
"5669","27","pmc:PMC12089919","syn31512863","ww.synapse.org/#!Synapse:syn31512863 ). References 1 Hauw JJ"
"5670","28","pmc:PMC12092275","syn64957327","/www.synapse.org/Synapse:syn64957327 . The ARIC proteomics da"
"5671","28","pmc:PMC12092311","syn3193805","ww.synapse.org/#!Synapse:syn3193805/wiki/217780 ) (“BTCV dat"
"5672","28","pmc:PMC12092654","syn60239970","oscopic surgery, 10.7303/syn60239970 (2024). 22. He, K., Gkio"
"5673","28","pmc:PMC12092710","syn16795937","gh the Synapse platform (syn16795937). Total number of sample"
"5674","28","pmc:PMC12092734","syn9702085","se platform (Synapse ID: syn9702085). CommonMind was obtaine"
"5675","28","pmc:PMC12092734","syn2759792","nowledge Portal (10.7303/syn2759792) also on the Synapse pla"
"5676","28","pmc:PMC12092734","syn2759792","se platform (Synapse ID: syn2759792); GTEx was obtained from"
"5677","28","pmc:PMC12094578","syn412202307","on/publie/SynCsm23412/consyn412202307-ConsoViande.pdf . 21 Ste"
"5678","28","pmc:PMC12095661","syn1695394","ww.synapse.org/#!Synapse:syn1695394 . The fraction of each g"
"5679","28","pmc:PMC12096932","syn21788402","2 ] under the Synapse ID syn21788402. Gabitto et al. [ 35 ] d"
"5680","28","pmc:PMC12096932","syn21788402","portal ([ 42 ], under ID syn21788402 ( https://www.synapse.or"
"5681","28","pmc:PMC12096932","syn21788402","/www.synapse.org/Synapse:syn21788402/wiki/601825 )), under co"
"5682","28","pmc:PMC12097005","syn25569736","ctrum , accession number syn25569736). The average COL1A1 exp"
"5683","29","pmc:PMC12101384","syn22302605",".1038/s41467‐021‐24870‐7 syn22302605 11 (11) 10.1136/jitc‐202"
"5684","29","pmc:PMC12104339","syn3193805","ww.synapse.org/#!Synapse:syn3193805/wiki/217789 . Automated"
"5685","29","pmc:PMC12104339","syn3193805","/www.synapse.org/Synapse:syn3193805/wiki/217789 ): The datas"
"5686","29","pmc:PMC12104339","syn3193805","le under the Synapse ID: syn3193805 or doi: 10.7303/syn31938"
"5687","29","pmc:PMC12104339","syn3193805","n3193805 or doi: 10.7303/syn3193805. Automated Cardiac Diagn"
"5688","29","pmc:PMC12106725","syn64923248","/www.synapse.org/Synapse:syn64923248/wiki/630992 66 ). Our st"
"5689","29","pmc:PMC12106725","syn64923248","sharing portal. 10.7303/syn64923248 (2025). 67. Wen, J. Figu"
"5690","29","pmc:PMC12107871","syn57348038","an end, (2024). 10.7303/syn57348038 338. Merikhian P Darvish"
"5691","29","pmc:PMC12109616","syn21041850","m Synapse (Accession ID: syn21041850). For this study, FACS-s"
"5692","29","pmc:PMC12109616","syn21041850","ww.synapse.org/#!Synapse:syn21041850 ). Detailed information"
"5693","30","pmc:PMC12110232","syn66227822","https://doi.org/10.7303/syn66227822 . Conflicts of Interest"
"5694","30","pmc:PMC12111962","syn1759475","e TCGA-PanCancer cohort (syn1759475) as a reference, which p"
"5695","30","pmc:PMC12111962","syn1759475","e TCGA-PanCancer cohort (syn1759475) ( Figure 3 A). To contr"
"5696","30","pmc:PMC12111962","syn1759475","Cancer reference cohort (syn1759475), and found an overlap o"
"5697","30","pmc:PMC12111962","syn1661643","sing their own workflow (syn1661643). To this end, we select"
"5698","30","pmc:PMC12111962","syn1661643","ng of significant genes (syn1661643) as a control. Subsequen"
"5699","30","pmc:PMC12111962","syn1759475","ours and TCGA-PanCancer (syn1759475) run under the same para"
"5700","30","pmc:PMC12116413","syn2701943","/www.synapse.org/Synapse:syn2701943 ), the stemness signatur"
"5701","30","pmc:PMC12116476","syn4382456","ww.synapse.org/#!Synapse:syn4382456 ) uploaded by Han et al."
"5702","31","pmc:PMC12122882","syn35289647","loaded from Synapse (ID: syn35289647, https: www.synapse.org/"
"5703","31","pmc:PMC12122882","syn35289647","ww.synapse.org/#!Synapse:syn35289647/files/ ). Data from Coor"
"5704","31","pmc:PMC12122882","syn35289647","pse.org/ ) under the id ‘syn35289647’ for 6 and within the su"
"5705","31","pmc:PMC12123031","syn25101790","/www.synapse.org/Synapse:syn25101790/wiki/25608802 HeiSurf He"
"5706","31","pmc:PMC12123031","syn25101790","/www.synapse.org/Synapse:syn25101790/wiki/25608802 (2021). 37"
"5707","31","pmc:PMC12123822","syn22302605","repository (Project ID: syn22302605, https://www.synapse.org"
"5708","31","pmc:PMC12123822","syn22302605","om the Synapse projects: syn22302605. These data were generat"
"5709","31","pmc:PMC12123822","syn22302605","om the Synapse projects: syn22302605, which were available in"
"5710","31","pmc:PMC12124042","syn52503703","es-obstetricos . 10.7303/syn52503703.3 9. da Gama SGN Bittenc"
"5711","31","pmc:PMC12124368","syn3219045","www.synapse.org/Synapse:syn3219045 . No original code was d"
"5712","31","pmc:PMC12126491","syn26376615","/www.synapse.org/Synapse:syn26376615/wiki/613312 No Polyp det"
"5713","31","pmc:PMC12126584","syn20681023","https://doi.org/10.7303/syn20681023 . Code availability Our"
"5714","31","pmc:PMC12128987","syn2623706","https://doi.org/10.7303/syn2623706 ) for downloading CMS in"
"5715","31","pmc:PMC12129192","syn3219045","/www.synapse.org/Synapse:syn3219045 ) with appropriate data"
"5716","32","pmc:PMC12132299","syn5592519","tudies/DetailsPage?Study=syn5592519 and https://adknowledgep"
"5717","32","pmc:PMC12132299","syn24989039","sPage/StudyDetails?Study=syn24989039 , the full complement of"
"5718","32","pmc:PMC12133153","syn5614689","www.synapse.org/Synapse :syn5614689/wiki/396206), Guan et al"
"5719","32","pmc:PMC12133153","syn4231880","https://doi.org/10.7303/syn4231880 for the AZS dataset, raw"
"5720","32","pmc:PMC12133153","syn4231880","hallenge Synapse 10.7303/syn4231880 References Alexeyenko A"
"5721","32","pmc:PMC12135473","syn2623706","Guinney 3232 - overall - syn2623706 [ 140 ] overall 7.9E-03"
"5722","32","pmc:PMC12137956","syn36812517","to download (Synapse ID: syn36812517; GEO ID: GSE297004, http"
"5723","32","pmc:PMC12139745","syn3157275","e following Synapse IDs: syn3157275 (epigenomic data), syn33"
"5724","32","pmc:PMC12139745","syn3388564","57275 (epigenomic data), syn3388564 (transcriptomic), syn236"
"5725","32","pmc:PMC12139745","syn23650894","388564 (transcriptomic), syn23650894 (single cell RNA seq), s"
"5726","32","pmc:PMC12139745","syn17015098","4 (single cell RNA seq), syn17015098 (TMT proteomic), and syn"
"5727","32","pmc:PMC12139745","syn26007830","098 (TMT proteomic), and syn26007830 (metabolomic). The metab"
"5728","33","pmc:PMC12144096","syn51757644",".6, accession identifier syn51757644. ADSP WGS : Whole-genome"
"5729","33","pmc:PMC12144096","syn60084804","Dataset Synapse 10.7303/syn60084804 PsychAD Consortium. The"
"5730","33","pmc:PMC12144096","syn60084804","Dataset. Synapse 10.7303/syn60084804 (2024). 73. Brown DV A r"
"5731","33","pmc:PMC12144123","syn21983020","of 5xFAD mice brain (ID: syn21983020). There are 1,378 paRNAs"
"5732","33","pmc:PMC12144123","syn22964719","(hippocampus, data from syn22964719). Differential expressio"
"5733","33","pmc:PMC12144123","syn21983020","e) are available through syn21983020 . RNA-seq data generated"
"5734","33","pmc:PMC12144123","syn22964719","de are available through syn22964719 . RNA-seq data generated"
"5735","33","pmc:PMC12144222","syn51364943","ww.synapse.org/#!Synapse:syn51364943/files/ ), which included"
"5736","33","pmc:PMC12145423","syn4587616","ww.synapse.org/#!Synapse:syn4587616 ) 4 , and ASD RNA-seq da"
"5737","33","pmc:PMC12145423","syn11242290","ww.synapse.org/#!Synapse:syn11242290 ) 34 . A list of samples"
"5738","33","pmc:PMC12146652","syn4587616","2016 Sun et al., 2016 6 syn4587616 Human Schizophrenia and"
"5739","33","pmc:PMC12146652","syn25705564","Girdhar et al., 2022 10 syn25705564 Human NeuN + and NeuN −"
"5740","33","pmc:PMC12146652","syn4566010","Girdhar et al., 2018 15 syn4566010 Human astrocyte, microgl"
"5741","33","pmc:PMC12146652","syn4587616","e under accession number syn4587616. We downloaded 80 librar"
"5742","33","pmc:PMC12146652","syn25705564","e under accession number syn25705564. Of these libraries, 68"
"5743","33","pmc:PMC12149727","syn3193805","/www.synapse.org/Synapse:syn3193805/ ; https://amos22.grand‐"
"5744","34","pmc:PMC12150496","syn51365301","ww.synapse.org/#!Synapse:syn51365301 ) is a competitive pre-c"
"5745","34","pmc:PMC12150551","syn43185346","synapse.org. Synapse ID: syn43185346, which can be found at h"
"5746","34","pmc:PMC12150551","syn43185346","ww.synapse.org/#!Synapse:syn43185346/files/ . Declarations Et"
"5747","34","pmc:PMC12152256","syn51365301","/www.synapse.org/Synapse:syn51365301 ); GWAS Catalog ( https:"
"5748","34","pmc:PMC12154409","syn25926092","/www.synapse.org/Synapse:syn25926092 (accessed on 2 May 2025)"
"5749","34","pmc:PMC12154598","syn68690323","/www.synapse.org/Synapse:syn68690323/wiki/63348 . Any additio"
"5750","34","pmc:PMC12154650","syn31488781","https://doi.org/10.7303/syn31488781 ). Plasma metabolomics d"
"5751","34","pmc:PMC12154650","syn31488782","https://doi.org/10.7303/syn31488782 ) or Metabolomics Workbe"
"5752","34","pmc:PMC12157510","syn21241740","Seq Harmonization Study (syn21241740). Matrices with conditio"
"5753","34","pmc:PMC12157510","syn27024965","bsequent analysis (Mayo: syn27024965, and MSBB: syn27068756)."
"5754","34","pmc:PMC12157510","syn27068756",": syn27024965, and MSBB: syn27068756). We filtered the datase"
"5755","34","pmc:PMC12157510","syn3388564","bers: ROSMAP bulk DLPFC (syn3388564) and snRNA-Seq (syn31512"
"5756","34","pmc:PMC12157510","syn31512863","n3388564) and snRNA-Seq (syn31512863). The phenotype data can"
"5757","34","pmc:PMC12157639","syn65658835","/www.synapse.org/Synapse:syn65658835 . Citations 1. Knopman D"
"5758","34","pmc:PMC12159140","syn52297840","ed from Synapse (10.7303/syn52297840). 27 Quality control and"
"5759","34","pmc:PMC12159287","syn18485175","PBMC8K, E-MTAB-5061, and syn18485175. These datasets were eit"
"5760","34","pmc:PMC12159287","syn18485175","the human brain [ 35 ] (syn18485175) was used as the referen"
"5761","34","pmc:PMC12159287","syn18485175","Data PBMC8K E-MTAB-5061 syn18485175 Tissue type human periph"
"5762","34","pmc:PMC12159287","syn18485175","7835 dataset and dataset syn18485175 was used as reference fo"
"5763","34","pmc:PMC12159441","syn66644078","https://doi.org/10.7303/syn66644078 . Acknowledgments This w"
"5764","34","pmc:PMC12159441","syn23650894","/www.synapse.org/Synapse:syn23650894 . Xenium, 10x Genomics ("
"5765","35","pmc:PMC12161529","syn3193805","/www.synapse.org/Synapse:syn3193805/wiki/89480 51 Berseth M."
"5766","35","pmc:PMC12162594","syn3219045","https://doi.org/10.7303/syn3219045 4 https://doi.org/10.730"
"5767","35","pmc:PMC12162594","syn5550404","https://doi.org/10.7303/syn5550404 Data availability statem"
"5768","35","pmc:PMC12162862","syn26720761","aset Joanito et al, 2022 syn26720761, syn26844071 RNA-seq dat"
"5769","35","pmc:PMC12162862","syn26844071","et al, 2022 syn26720761, syn26844071 RNA-seq dataset TCGA-COA"
"5770","35","pmc:PMC12165427","syn51156910","t(BraTS 2023 Challenge - syn51156910 - Wiki) [ 29 – 31 ], and"
"5771","35","pmc:PMC12165847","syn24872746","ww.synapse.org/#!Synapse:syn24872746 . GCTA (mBAT-combo and C"
"5772","36","pmc:PMC12174219","syn64829606","Fixed retainers, 10.7303/syn64829606. Declarations Ethics app"
"5773","36","pmc:PMC12175411","syn10901595","https://doi.org/10.7303/syn10901595 . OTTERS tool is availab"
"5774","36","pmc:PMC12175411","syn65676057","ited to SYNAPSE, 10.7303/syn65676057. Declarations Ethics app"
"5775","36","pmc:PMC12176702","syn51364943","ww.synapse.org/#!Synapse:syn51364943/files/ ), FinnGen（ https"
"5776","37","pmc:PMC12181433","syn11726601","ncer.gov/ ) and Synapse (syn11726601). Number of TINS were de"
"5777","37","pmc:PMC12181778","syn64739758","/www.synapse.org/Synapse:syn64739758 . Acknowledgments This w"
"5778","37","pmc:PMC12185341","syn26365932","onsortium. Visit 10.7303/syn26365932 for a complete list of g"
"5779","38","pmc:PMC12190781","syn51364943","/www.synapse.org/Synapse:syn51364943/wiki/622119 (accessed on"
"5780","38","pmc:PMC12192951","syn22159468","https://doi.org/10.7303/syn22159468 . Data covers 12 feature"
"5781","38","pmc:PMC12192959","syn3800853","/www.synapse.org/Synapse:syn3800853 (accessed on 1 December"
"5782","38","pmc:PMC12192959","syn22323073","/www.synapse.org/Synapse:syn22323073 (accessed on 1 March 202"
"5783","39","pmc:PMC12204241","syn53649093","https://doi.org/10.7303/syn53649093 . References 1. Jack C.R"
"5784","39","pmc:PMC12204281","syn3157275","ledge Portal (accession: syn3157275) and GEO database (acces"
"5785","39","pmc:PMC12204281","syn3157275","ledge Portal (accession: syn3157275) and Gene Expression Omn"
"5786","39","pmc:PMC12204358","syn51115822","le through Synapse SynID syn51115822 ( https://doi.org/10.730"
"5787","39","pmc:PMC12204358","syn51115822","https://doi.org/10.7303/syn51115822 ). References 1. Jett K."
"5788","39","pmc:PMC12204488","syn51365303","/www.synapse.org/Synapse:syn51365303 ) The MR analysis was co"
"5789","39","pmc:PMC12204488","syn51365301","/www.synapse.org/Synapse:syn51365301 ). To protect patient co"
"5790","40","pmc:PMC12210303","syn51735481","/www.synapse.org/Synapse:syn51735481 (baseline model) and htt"
"5791","40","pmc:PMC12210303","syn51198355","/www.synapse.org/Synapse:syn51198355/wiki/622101 . Supplement"
"5792","40","pmc:PMC12211327","syn51365303","ww.synapse.org/#!Synapse:syn51365303 ) [ 16 ]. The pQTL data"
"5793","40","pmc:PMC12214144","syn21021699","as public (DOI: 10.7303/syn21021699). A total of 105 TCGA-OV"
"5794","40","pmc:PMC12214219","syn7824274",".synapse.org/#! Synapse: syn7824274), and protein expression"
"5795","40","pmc:PMC12214559","syn18485175","–AD) 84 with synapse IDs syn18485175, syn2112584, syn52293424"
"5796","40","pmc:PMC12214559","syn2112584","synapse IDs syn18485175, syn2112584, syn52293424, and syn522"
"5797","40","pmc:PMC12214559","syn52293424","syn18485175, syn2112584, syn52293424, and syn52293442, respec"
"5798","40","pmc:PMC12214559","syn52293442","112584, syn52293424, and syn52293442, respectively. The forme"
"5799","40","pmc:PMC12214559","syn18485175","e.org/ with synapse IDs: syn18485175, syn2112584, syn52293424"
"5800","40","pmc:PMC12214559","syn2112584","ynapse IDs: syn18485175, syn2112584, syn52293424, and syn522"
"5801","40","pmc:PMC12214559","syn52293424","syn18485175, syn2112584, syn52293424, and syn52293442 for Mat"
"5802","40","pmc:PMC12214559","syn52293442","112584, syn52293424, and syn52293442 for Mathys 2019, Zhou 20"
"5803","40","pmc:PMC12215565","syn3193805","/www.synapse.org/Synapse:syn3193805/wiki/217789 ). ACDC (Aut"
"5804","40","pmc:PMC12217169","syn23627957","are available at 10.7303/syn23627957, blood proteome weight a"
"5805","40","pmc:PMC12217713","syn51514105","ww.synapse.org/#!Synapse:syn51514105 . Evaluation indicators"
"5806","40","pmc:PMC12217713","syn51514105","ww.synapse.org/#!Synapse:syn51514105 . Declarations Competing"
"5807","40","pmc:PMC12218216","syn53708249","/www.synapse.org/Synapse:syn53708249/wiki/627759 . Declaratio"
"5808","40","pmc:PMC12218310","syn51365303","/www.synapse.org/Synapse:syn51365303 ) 21 . The summary stati"
"5809","40","pmc:PMC12219229","syn63903115","apse platform (accession syn63903115) 32 . All raw images wer"
"5810","40","pmc:PMC12219229","syn63903115","et Synapse. 2024 10.7303/syn63903115 38287474 Yu, Q. S. et al"
"5811","40","pmc:PMC12219229","syn63903115","ataset. Synapse. 10.7303/syn63903115 (2024). 38287474 33. Hua"
"5812","40","pmc:PMC12219386","syn23627957","n be accessed at 10.7303/syn23627957. Human brain transcripto"
"5813","41","pmc:PMC12222831","syn64768750","se.org/ , Project SynID: syn64768750. NADPH-Glo assay The NAD"
"5814","41","pmc:PMC12227053","syn26585754","https://doi.org/10.7303/syn26585754 ). Mass spectrometry dat"
"5815","41","pmc:PMC12227053","syn53605265","https://doi.org/10.7303/syn53605265 ). The plasmid to make d"
"5816","41","pmc:PMC12228711","syn7214402","ww.synapse.org/#!Synapse:syn7214402 . Variants called by two"
"5817","41","pmc:PMC12229444","syn50614194","dataset 13 , 31 (10.7303/syn50614194) and supplemented with n"
"5818","41","pmc:PMC12229444","syn50614194","ing eeg dataset. 10.7303/syn50614194 (2023). 32. Nummenmaa L"
"5819","42","pmc:PMC12230629","syn52335732","https://doi.org/10.7303/syn52335732 ). The GWAS summary stat"
"5820","42","pmc:PMC12230675","syn66227307","/coresh (Synapse project syn66227307). Gene signatures used i"
"5821","42","pmc:PMC12231145","syn34767280","hod References Synapse – syn34767280 Transcriptome Transgenic"
"5822","42","pmc:PMC12231145","syn34767275","RNA‐seq [ 89 ] Synapse – syn34767275 Proteome Transgenic flie"
"5823","42","pmc:PMC12231560","syn51156910","/www.synapse.org/Synapse:syn51156910 Clinical data RP3D-Diag"
"5824","42","pmc:PMC12232211","syn20933797","., 2020) 297 147 150 532 syn20933797 Approved by the Institut"
"5825","42","pmc:PMC12232211","syn21541022","t al., 2020) 38 20 18 41 syn21541022 Approved by the institut"
"5826","42","pmc:PMC12232211","syn20821165","al., 2020) 39 19 20 2874 syn20821165 Approved by the Institut"
"5827","42","pmc:PMC12232211","syn20821165","al., 2018) 120 78 42 697 syn20821165 Approved by the institut"
"5828","42","pmc:PMC12232211","syn52888250",", 2024) 300 140 160 2334 syn52888250 Approved by the Institut"
"5829","42","pmc:PMC12232211","syn52282088","., 2023) 425 190 235 665 syn52282088 Approved by the Institut"
"5830","42","pmc:PMC12232211","syn20821165","., 2020) 78 18 AD:17 477 syn20821165 Approved by the Institut"
"5831","42","pmc:PMC12232211","syn20821165",", 2020) 90 63 MCI:27 792 syn20821165 Approved by the Institut"
"5832","42","pmc:PMC12232211","syn20933797","., 2020) 321 91 230 3335 syn20933797 Approved by the Institut"
"5833","42","pmc:PMC12232211","syn52888250",", 2024) 296 139 157 4098 syn52888250 Approved by the Institut"
"5834","42","pmc:PMC12232211","syn52282088","., 2023) 425 190 235 665 syn52282088 Approved by the Institut"
"5835","42","pmc:PMC12233856","syn35874390","are available in Synapse syn35874390. 16 All clinical experim"
"5836","42","pmc:PMC12233856","syn35874390","n the Synapse repository syn35874390. Synapse can be accessed"
"5837","42","pmc:PMC12233856","syn35874390","ww.synapse.org/#!Synapse:syn35874390 . Code Availability. The"
"5838","42","pmc:PMC12235691","syn51364943","rom UKB-PPP (Synapse ID: syn51364943, https://www.synapse.org"
"5839","42","pmc:PMC12235691","syn51364943","/www.synapse.org/Synapse:syn51364943/wiki/622119 ), the Fenla"
"5840","42","pmc:PMC12235691","syn51761394","nland Study (Synapse ID: syn51761394, https://www.synapse.org"
"5841","42","pmc:PMC12235691","syn51761394","/www.synapse.org/Synapse:syn51761394/wiki/622766 ), and the d"
"5842","42","pmc:PMC12238412","syn29264504","orm under accession code syn29264504 [ https://www.synapse.or"
"5843","42","pmc:PMC12238412","syn29264504","/www.synapse.org/Synapse:syn29264504 ] (registration required"
"5844","42","pmc:PMC12238751","syn53708249","/www.synapse.org/Synapse:syn53708249/wiki/626323 . References"
"5845","42","pmc:PMC12238832","syn21241740","ation study (Synapse ID: syn21241740). These data comprised t"
"5846","42","pmc:PMC12238832","syn3159438","MSBB cohort (Synapse ID: syn3159438) consists of 318 FP, 324"
"5847","42","pmc:PMC12238832","syn5550404","MAYO cohort (Synapse ID: syn5550404) consists of 246 CBE and"
"5848","42","pmc:PMC12238832","syn3219045","SMAP cohort (Synapse ID: syn3219045) consists of 1092 DLPFC,"
"5849","42","pmc:PMC12238832","syn21241740","seq harmonization study (syn21241740). Furthermore, RNAseq sa"
"5850","42","pmc:PMC12239460","syn21048999","ww.synapse.org/Synapse : syn21048999/wiki/607,073 NEPdb [ 165"
"5851","43","pmc:PMC12242772","syn18485175","ww.synapse.org/#!Synapse:syn18485175 ) with DOI: 10.7303/syn1"
"5852","43","pmc:PMC12242772","syn18485175","5175 ) with DOI: 10.7303/syn18485175. The ROSMAP metadata can"
"5853","43","pmc:PMC12242772","syn3157322","ww.synapse.org/#!Synapse:syn3157322 . Details of individual"
"5854","43","pmc:PMC12246149","syn3193805","ww.synapse.org/#!Synapse:syn3193805 . BT-Seg (Private): A pr"
"5855","43","pmc:PMC12246784","syn21048999","TESLA_16) from Synapse (syn21048999, access granted). Tested"
"5856","43","pmc:PMC12247635","syn8691134","Portal: RNA-Seq (Brain) syn8691134, RNA-Seq (PBMC) syn22024"
"5857","43","pmc:PMC12247635","syn22024496","n8691134, RNA-Seq (PBMC) syn22024496, Proteomics syn17015098,"
"5858","43","pmc:PMC12247635","syn17015098","syn22024496, Proteomics syn17015098, DNA Methylation syn3157"
"5859","43","pmc:PMC12247635","syn3157275","7015098, DNA Methylation syn3157275, clinical information sy"
"5860","43","pmc:PMC12247635","syn3191087","75, clinical information syn3191087, and eQTL analysis resul"
"5861","43","pmc:PMC12247635","syn16984409","nd eQTL analysis results syn16984409. Data for the MSBB are a"
"5862","43","pmc:PMC12247635","syn7391833","nowledge Portal: RNA-Seq syn7391833, Proteomics syn24995077,"
"5863","43","pmc:PMC12247635","syn24995077","q syn7391833, Proteomics syn24995077, DNA Methylation syn2144"
"5864","43","pmc:PMC12247635","syn21447661","4995077, DNA Methylation syn21447661, and clinical informatio"
"5865","43","pmc:PMC12247635","syn6101474","and clinical information syn6101474. This study used data fr"
"5866","43","pmc:PMC12247699","syn4164376","ct (ROSMAP 43 , Synapse: syn4164376 44 ). We performed splic"
"5867","43","pmc:PMC12247699","syn3388564","43 available in Synapse (syn3388564). All participants in RO"
"5868","43","pmc:PMC12247699","syn4164376","Gift Act. Raw bam files (syn4164376) from 300 samples (150 w"
"5869","43","pmc:PMC12247699","syn3505746","m-level expression data (syn3505746) as determined by RSEM 5"
"5870","43","pmc:PMC12247699","syn3388564","/www.synapse.org/Synapse:syn3388564/version/ . 145. Agrawal"
"5871","44","pmc:PMC12256684","syn26844071","orm under accession code syn26844071. The Board dataset is av"
"5872","44","pmc:PMC12256684","syn26720761","pse under accession code syn26720761, and the genomic data fo"
"5873","44","pmc:PMC12256920","syn51364943","/www.synapse.org/Synapse:syn51364943/wiki/622119 . Acknowledg"
"5874","44","pmc:PMC12257706","syn52293442","downloaded from Synapse: syn52293442). The publicly available"
"5875","44","pmc:PMC12259125","syn66400980","/www.synapse.org/Synapse:syn66400980 . Clinical assessments p"
"5876","44","pmc:PMC12259125","syn66400980","/www.synapse.org/Synapse:syn66400980 . The algorithm used for"
"5877","45","pmc:PMC12261436","syn31488784","https://doi.org/10.7303/syn31488784 ) and the INCLUDE Data H"
"5878","45","pmc:PMC12261436","syn31488780","https://doi.org/10.7303/syn31488780 ), the INCLUDE Data Hub,"
"5879","45","pmc:PMC12262288","syn8228304","/www.synapse.org/Synapse:syn8228304/wiki/ ( 2017 ). 42. Meri"
"5880","45","pmc:PMC12262288","syn3219045","Project (ROSMAP) Study - syn3219045 . AD Knowledge Portal ht"
"5881","45","pmc:PMC12262288","syn3219045","sPage/StudyDetails?Study=syn3219045#Acknowledgement . 56. Th"
"5882","45","pmc:PMC12262288","syn3159438","rain Bank (MSBB) study - syn3159438 . AD Knowledge Portal ht"
"5883","45","pmc:PMC12262288","syn3159438","sPage/StudyDetails?Study=syn3159438 . 57. Lagomarsino V. N."
"5884","45","pmc:PMC12262288","syn23564891","rons (ROSMAP-IN) Study - syn23564891 . AD Knowledge Portal ht"
"5885","45","pmc:PMC12262288","syn23564891","sPage/StudyDetails?Study=syn23564891 . 59. Makhijani C. Expla"
"5886","45","pmc:PMC12262386","syn68150215","https://doi.org/10.7303/syn68150215 ). Data are also browsab"
"5887","45","pmc:PMC12262432","syn53216852","/www.synapse.org/Synapse:syn53216852/files/ ). Hierarchical c"
"5888","45","pmc:PMC12262432","syn53216852","/www.synapse.org/Synapse:syn53216852/wiki/625664 . Code Avail"
"5889","45","pmc:PMC12262711","syn2580853","https://doi.org/10.7303/syn2580853 ). Mayo Clinic: The Mayo"
"5890","45","pmc:PMC12262814","syn33401857","://www.synapse.org/ ; ID syn33401857), and the supplementary"
"5891","45","pmc:PMC12262820","syn27056096","2), Chen 28 (Synapse IDs syn27056096, syn27056097, syn2705609"
"5892","45","pmc:PMC12262820","syn27056097","Synapse IDs syn27056096, syn27056097, syn27056098, syn2705609"
"5893","45","pmc:PMC12262820","syn27056098","yn27056096, syn27056097, syn27056098, syn27056099; downloaded"
"5894","45","pmc:PMC12262820","syn27056099","yn27056097, syn27056098, syn27056099; downloaded on August 5t"
"5895","45","pmc:PMC12262820","syn26844072","Joanito 70 (Synapse IDs syn26844072, syn26844073, syn2684407"
"5896","45","pmc:PMC12262820","syn26844073","Synapse IDs syn26844072, syn26844073, syn26844078, syn2684408"
"5897","45","pmc:PMC12262820","syn26844078","yn26844072, syn26844073, syn26844078, syn26844087, syn2684411"
"5898","45","pmc:PMC12262820","syn26844087","yn26844073, syn26844078, syn26844087, syn26844111; downloaded"
"5899","45","pmc:PMC12262820","syn26844111","yn26844078, syn26844087, syn26844111; downloaded on August 22"
"5900","45","pmc:PMC12262820","syn27056096","on Synapse under the IDs syn27056096, syn27056097, syn2705609"
"5901","45","pmc:PMC12262820","syn27056097","der the IDs syn27056096, syn27056097, syn27056098, syn2705609"
"5902","45","pmc:PMC12262820","syn27056098","yn27056096, syn27056097, syn27056098, syn27056099, syn2684407"
"5903","45","pmc:PMC12262820","syn27056099","yn27056097, syn27056098, syn27056099, syn26844072, syn2684407"
"5904","45","pmc:PMC12262820","syn26844072","yn27056098, syn27056099, syn26844072, syn26844073, syn2684407"
"5905","45","pmc:PMC12262820","syn26844073","yn27056099, syn26844072, syn26844073, syn26844078, syn2684408"
"5906","45","pmc:PMC12262820","syn26844078","yn26844072, syn26844073, syn26844078, syn26844087, syn2684411"
"5907","45","pmc:PMC12262820","syn26844087","yn26844073, syn26844078, syn26844087, syn26844111. References"
"5908","45","pmc:PMC12262820","syn26844111","yn26844078, syn26844087, syn26844111. References 1. McAlliste"
"5909","45","pmc:PMC12263154","syn52297840","from Zhang et al., 2023 (syn52297840). The dimensionality red"
"5910","45","pmc:PMC12263154","syn52297840","e uwot model provided in syn52297840. ( B ) Reference mapping"
"5911","45","pmc:PMC12263154","syn52297840","3 ; available on Synapse syn52297840 . Reference mapping was"
"5912","45","pmc:PMC12263154","syn52297840","thors.html ) provided in syn52297840 with Seurat’s MapQuery f"
"5913","45","pmc:PMC12263839","syn53268838","nuous treatment (10.7303/syn53268838). Patients were consente"
"5914","45","pmc:PMC12263839","syn53268838","lder in Synapse, 10.7303/syn53268838. The processed data is a"
"5915","45","pmc:PMC12263889","syn4939902","use statements: 10.7303/syn4939902). More than 80 requests"
"5916","45","pmc:PMC12263889","syn52659564","les contained in 10.7303/syn52659564 and Supplementary Table"
"5917","45","pmc:PMC12263889","syn52594249","region BED file (10.7303/syn52594249) was then used to call s"
"5918","45","pmc:PMC12263889","syn4939902","Synapse project: 10.7303/syn4939902. All the raw data files"
"5919","45","pmc:PMC12263889","syn53132831","WES fastq files: 10.7303/syn53132831.1 24 . RNAseq fastq file"
"5920","45","pmc:PMC12263889","syn53133024","seq fastq files: 10.7303/syn53133024.1 25 ). All processed da"
"5921","45","pmc:PMC12263889","syn53149144","variant calls): 10.7303/syn53149144.2 26 . WES VCF files con"
"5922","45","pmc:PMC12263889","syn53149128","indel variants): 10.7303/syn53149128.1 27 . RNAseq quantifica"
"5923","45","pmc:PMC12263889","syn53140231","‘name’ column): 10.7303/syn53140231.1 28 . RNAseq counts tsv"
"5924","45","pmc:PMC12263889","syn53141534","ples in a batch: 10.7303/syn53141534.1 29 ). The metadata for"
"5925","45","pmc:PMC12263889","syn53132831","napse.org datasets (WES: syn53132831.1, RNAseq: syn53133024.1"
"5926","45","pmc:PMC12263889","syn53133024",": syn53132831.1, RNAseq: syn53133024.1; for more details, ref"
"5927","45","pmc:PMC12263889","syn4939902","ailsPage/Details?studyId=syn4939902 . In the portal, navigat"
"5928","45","pmc:PMC12263889","syn53132831","et al . Synapse, 10.7303/syn53132831.1 (2025). 25. Banerjee,"
"5929","45","pmc:PMC12263889","syn53133024","et al . Synapse, 10.7303/syn53133024.1 (2025). 26. Banerjee,"
"5930","45","pmc:PMC12263889","syn53149144","et al . Synapse, 10.7303/syn53149144.22 (2025). 27. Banerjee,"
"5931","45","pmc:PMC12263889","syn53149128","et al . Synapse, 10.7303/syn53149128.1 (2025). 28. Banerjee,"
"5932","45","pmc:PMC12263889","syn53140231","et al . Synapse, 10.7303/syn53140231.1 (2025). 29. Banerjee,"
"5933","45","pmc:PMC12263889","syn53141534","et al . Synapse, 10.7303/syn53141534.1 (2025). 30. Zhang M So"
"5934","45","pmc:PMC12264272","syn26720761","( n = 162, SG-BULK, ID: syn26720761) with RESIST-M signature"
"5935","45","pmc:PMC12264272","syn26720761","(synapse accession code: syn26720761) (Fig. 5G , Black dotted"
"5936","45","pmc:PMC12264272","syn26720761","ULK dataset (Synapse ID: syn26720761). Robust Multichip Avera"
"5937","45","pmc:PMC12264272","syn2634742","btained from Synapse ID: syn2634742. Analyses of transcripto"
"5938","45","pmc:PMC12264272","syn2623706","available at Synapse ID: syn2623706. The CMS was calculated"
"5939","45","pmc:PMC12264272","syn26720761","SG-BULK, Project SynID: syn26720761 [ 29 ]). Genes were tabu"
"5940","45","pmc:PMC12265779","syn64923248","/www.synapse.org/Synapse:syn64923248/wiki/630992 88 ). Our st"
"5941","45","pmc:PMC12265779","syn64923248",". ( 2025 ) doi: 10.7303/syn64923248 . 89. Wen J. MLNI (Versi"
"5942","45","pmc:PMC12267417","syn26967457","from the same datasets (syn26967457), by the same contrast o"
"5943","45","pmc:PMC12267417","syn22231797","et with raw gene counts (syn22231797), adding an additional f"
"5944","45","pmc:PMC12267417","syn26967458","sex stratified analysis (syn26967458), which suggests more se"
"5945","45","pmc:PMC12267417","syn21241740","-AD contributed studies (syn21241740). In the ROSMAP studies"
"5946","45","pmc:PMC12267417","syn3219045",". In the ROSMAP studies (syn3219045 and syn22695346), the br"
"5947","45","pmc:PMC12267417","syn22695346","studies (syn3219045 and syn22695346), the brain tissue sampl"
"5948","45","pmc:PMC12267417","syn5550404",". In Mayo RNA-seq study (syn5550404), brain tissue samples w"
"5949","45","pmc:PMC12267417","syn3159438","= 259). The MSBB study (syn3159438) has over 1000 samples f"
"5950","45","pmc:PMC12267417","syn26967453","lues from each data set (syn26967453, syn27024965, and syn270"
"5951","45","pmc:PMC12267417","syn27024965","h data set (syn26967453, syn27024965, and syn27068756) were u"
"5952","45","pmc:PMC12267417","syn27068756","967453, syn27024965, and syn27068756) were used in all the su"
"5953","45","pmc:PMC12267417","syn27000373","e obtained from Synapse (syn27000373 and syn23277389 for Mayo"
"5954","45","pmc:PMC12267417","syn23277389","Synapse (syn27000373 and syn23277389 for Mayo samples and syn"
"5955","45","pmc:PMC12267417","syn27000243","389 for Mayo samples and syn27000243 for all the MSBB samples"
"5956","45","pmc:PMC12267417","syn11707420","equencing harmonization (syn11707420) whenever it is missing"
"5957","45","pmc:PMC12267417","syn31141704","the three brain regions (syn31141704) respectively. Common ne"
"5958","46","pmc:PMC12275818","syn3159438","ww.synapse.org/#!Synapse:syn3159438 ), via application in Ma"
"5959","47","pmc:PMC12281384","syn52297840","/www.synapse.org/Synapse:syn52297840 Processed/annotated data"
"5960","47","pmc:PMC12282607","syn52977236","to Synapse, with SynID: syn52977236. Expression matrices and"
"5961","47","pmc:PMC12283345","syn2580853","/www.synapse.org/Synapse:syn2580853/wiki/409840 . The access"
"5962","47","pmc:PMC12283345","syn21557948","ENCODE Knowledge Portal: syn21557948 on Synapse.org ( https:/"
"5963","47","pmc:PMC12283345","syn4921369","ww.synapse.org/#!Synapse:syn4921369 ). Developing Human Conn"
"5964","47","pmc:PMC12283552","syn26376615","ww.synapse.org/#!Synapse:syn26376615/wiki/613312 , IPCL datas"
"5965","47","pmc:PMC12283552","syn21636566","ww.synapse.org/#!Synapse:syn21636566/wiki/601346 , Hyper Kvas"
"5966","47","pmc:PMC12283552","syn26376615","ww.synapse.org/#!Synapse:syn26376615/wiki/613312 IPCL Dataset"
"5967","47","pmc:PMC12283552","syn21636566","ww.synapse.org/#!Synapse:syn21636566/wiki/601346 Hyper Kvasir"
"5968","47","pmc:PMC12283746","syn53641849","ase for type 1 diabetes (syn53641849). Raw sequencing data fr"
"5969","47","pmc:PMC12283746","syn53641849","rdoost et al. 46 Synapse:syn53641849 ( https://www.synapse.or"
"5970","47","pmc:PMC12283746","syn53641849","/www.synapse.org/Synapse:syn53641849 ) Rheumatoid arthritis ("
"5971","47","pmc:PMC12283746","syn53641849","ase for Type 1 diabetes (syn53641849). Raw sequencing data fr"
"5972","48","pmc:PMC12290489","syn64504132","ain tissue (synapse.org; syn64504132) and RNA/library metadat"
"5973","48","pmc:PMC12290489","syn64504151","nd RNA/library metadata (syn64504151) are available from the"
"5974","48","pmc:PMC12293785","syn24317288","ww.synapse.org/#!Synapse:syn24317288/wiki/608247 (accessed on"
"5975","48","pmc:PMC12294632","syn5550404","synapse.org (synapse ID: syn5550404, accessed on 1 November"
"5976","48","pmc:PMC12294632","syn5550404","synapse.org (synapse ID: syn5550404, accessed on 1 November"
"5977","48","pmc:PMC12294632","syn5550404","synapse.org (synapse ID: syn5550404, accessed on 1 November"
"5978","48","pmc:PMC12295015","syn2701943","ell expression profiles (syn2701943) downloaded from the Pro"
"5979","48","pmc:PMC12295050","syn51156910","/www.synapse.org/Synapse:syn51156910/wiki/627000 (accessed on"
"5980","48","pmc:PMC12299354","syn20681023","/www.synapse.org/Synapse:syn20681023/wiki/594678 (accessed on"
"5981","49","pmc:PMC12301693","syn22252881","= 303) or CU ( n = 180; syn22252881; Table S2 ). 38 The Soma"
"5982","49","pmc:PMC12301693","syn2580853","degenerative conditions; syn2580853; Table S3 ). 41 2.6 Quan"
"5983","49","pmc:PMC12302243","syn21904732","a et al. 31 Synapse.org: syn21904732 RRMS patient CSF scRNAse"
"5984","49","pmc:PMC12303306","syn22255433","pse database, repository syn22255433 [ 48 ]. All data was rem"
"5985","49","pmc:PMC12304273","syn52297840","able on Synapse (10.7303/syn52297840) 18 . The raw and proces"
"5986","49","pmc:PMC12307561","syn61001870","Synapse, with ID number syn61001870, as part of large series"
"5987","49","pmc:PMC12309721","syn31121291","ww.synapse.org/#!Synapse:syn31121291 ) 46 bulk tumor samples"
"5988","50","pmc:PMC12310243","syn53141470","pse under accession code syn53141470. Declarations Ethics app"
"5989","50","pmc:PMC12312303","syn5233573","ed from Synapse (10.7303/syn5233573). PsychENCODE single cel"
"5990","50","pmc:PMC12312303","syn5233573","), the Synapse (10.7303/syn5233573), the PsychENCODE ( http"
"5991","50","pmc:PMC12314019","syn5698493","0381 , EGAS00001007072 , syn5698493 ) 4 , 40 , 41 . The KiTZ"
"5992","50","pmc:PMC12314528","syn64620613","ynapse (accession number syn64620613; https://www.synapse.org"
"5993","50","pmc:PMC12314528","syn64620613","/www.synapse.org/Synapse:syn64620613 ). Raw data from this st"
"5994","50","pmc:PMC12318069","syn51520810","latform under Synapse ID syn51520810 and represents the large"
"5995","50","pmc:PMC12318069","syn51520810","form accessed at 10.7303/syn51520810. Researchers seeking acc"
"5996","50","pmc:PMC12318069","syn51520810","OHSU MoleMapper project (syn51520810) by providing a use stat"
"5997","50","pmc:PMC12318069","syn51520810","one Skin Images. 10.7303/syn51520810."
"5998","51","pmc:PMC12320613","syn61804540","https://doi.org/10.7303/syn61804540 CRediT authorship contri"
"5999","51","pmc:PMC12320613","syn61804540","https://doi.org/10.7303/syn61804540 . Code availability The"
"6000","51","pmc:PMC12321287","syn21041850","www.synapse.org/Synapse: syn21041850/wiki/600865 ). The 1.3M"
"6001","51","pmc:PMC12321796","syn26712693","https://doi.org/10.7303/syn26712693 . Ethics statement The r"
"6002","51","pmc:PMC12322300","syn52943214","is available at 10.7303/syn52943214. Competing interests The"
"6003","51","pmc:PMC12322342","syn51549340","/www.synapse.org/Synapse:syn51549340/wiki/624187 . Dataset P"
"6004","51","pmc:PMC12322514","syn61515624","nder the accession code: syn61515624. References 1 G. C. Tsok"
"6005","51","pmc:PMC12323108","syn3193805","/www.synapse.org/Synapse:syn3193805/wiki/89480 (Date Accesse"
"6006","51","pmc:PMC12328211","syn21041850","ww.synapse.org/#!Synapse:syn21041850/wiki/600865 ). Human and"
"6007","51","pmc:PMC12328237","syn21041850","ww.synapse.org/#!Synapse:syn21041850/wiki/600865 ). Human tes"
"6008","51","pmc:PMC12328896","syn23627957","/www.synapse.org/Synapse:syn23627957 . The GTEx dataset utili"
"6009","52","pmc:PMC12332183","syn25829067","/www.synapse.org/Synapse:syn25829067/wiki/611504 . 3 Note tha"
"6010","52","pmc:PMC12336083","syn53181336","under accession number “syn53181336”. All other relevant dat"
"6011","52","pmc:PMC12336410","syn6039873","ww.synapse.org/#!Synapse:syn6039873 ). Clinical data of Bulk"
"6012","52","pmc:PMC12336410","syn4587614","ww.synapse.org/#!Synapse:syn4587614 . We used hg19 as the re"
"6013","52","pmc:PMC12337813","syn2623706","e ( www.synapse.org ; ID syn2623706). Batch effect correctio"
"6014","52","pmc:PMC12338563","syn26223298","tudy cohort (Synapse ID: syn26223298), including two brain re"
"6015","52","pmc:PMC12338563","syn21241740","rom AD Knowledge Portal (syn21241740). The Datasets include s"
"6016","52","pmc:PMC12338586","syn66298514","/www.synapse.org/Synapse:syn66298514/wiki/ . References 1. de"
"6017","52","pmc:PMC12339383","syn28469146","ww.synapse.org/#!Synapse:syn28469146/wiki/617075 ). Performan"
"6018","53","pmc:PMC12340809","syn25741873","ble on Synapse (Synapse: syn25741873). Outlier samples were e"
"6019","53","pmc:PMC12340906","syn7357283","(AMP-AD) portal (synID: syn7357283). Uniform and stringent"
"6020","53","pmc:PMC12340906","syn23538600","org/ ) under Synapse ID: syn23538600. Access requires creatin"
"6021","53","pmc:PMC12340906","syn7357283","on Synapse (Synapse IDs: syn7357283, syn23650893, syn3157325"
"6022","53","pmc:PMC12340906","syn23650893","Synapse IDs: syn7357283, syn23650893, syn3157325). Microglial"
"6023","53","pmc:PMC12340906","syn3157325","syn7357283, syn23650893, syn3157325). Microglial single-cell"
"6024","53","pmc:PMC12342745","syn25843090","sion matrix’ (Synapse ID syn25843090) underwent voom transfor"
"6025","54","pmc:PMC12350155","syn26844071","a after downloading from syn26844071 (ref. 23 ) and used tumo"
"6026","54","pmc:PMC12350157","syn51549340","www.synapse.org/Synapse:syn51549340/wiki/624187 . Source dat"
"6027","54","pmc:PMC12352894","syn65922997","https://doi.org/10.7303/syn65922997.1 The ARK Portal hosts d"
"6028","54","pmc:PMC12353839","syn21438414","/www.synapse.org/Synapse:syn21438414 ). Individual diagnoses"
"6029","54","pmc:PMC12354754","syn50209110","NA-seq dataset of PBMCs (syn50209110) 26 . Consistently, we o"
"6030","54","pmc:PMC12354754","syn50209110","157477 38 ) and Synapse (syn50209110 26 ). The original study"
"6031","54","pmc:PMC12354754","syn50209110","02), while GSE157477 and syn50209110 were approved by the Ins"
"6032","54","pmc:PMC12354754","syn50209110","ed from GSE196830 16 and syn50209110 26 . Data processing use"
"6033","54","pmc:PMC12354754","syn50209110","/www.synapse.org/Synapse:syn50209110 ). The 15 chromatin stat"
"6034","54","pmc:PMC12356336","syn59834055","/www.synapse.org/Synapse:syn59834055 and it is described in d"
"6035","54","pmc:PMC12356336","syn59520082","/www.synapse.org/Synapse:syn59520082/wiki/628529 . For the su"
"6036","54","pmc:PMC12356336","syn62407322","/www.synapse.org/Synapse:syn62407322/wiki/629409 , https://ww"
"6037","54","pmc:PMC12356336","syn61846522","/www.synapse.org/Synapse:syn61846522/wiki/629109 , and https:"
"6038","54","pmc:PMC12356336","syn61964146","/www.synapse.org/Synapse:syn61964146/wiki/629445 , for Team 1"
"6039","54","pmc:PMC12356336","syn59834055","90 , 91 www.synapse.org/syn59834055 Raw and preprocessed new"
"6040","54","pmc:PMC12356336","syn59520082","/www.synapse.org/Synapse:syn59520082 Experimental model and s"
"6041","54","pmc:PMC12356336","syn59520082","/www.synapse.org/Synapse:syn59520082 ). In the leaderboard ro"
"6042","54","pmc:PMC12356336","syn62407322","/www.synapse.org/Synapse:syn62407322/wiki/629409 . Team 2 (T."
"6043","54","pmc:PMC12356336","syn61846522","/www.synapse.org/Synapse:syn61846522/wiki/629109 . Team 3 (I."
"6044","54","pmc:PMC12356336","syn61964146","/www.synapse.org/Synapse:syn61964146/wiki/629445 . Post-DREAM"
"6045","54","pmc:PMC12356828","syn18485175","l.org) under synapse ID “syn18485175”, and “syn22079621,” res"
"6046","54","pmc:PMC12356828","syn22079621","e ID “syn18485175”, and “syn22079621,” respectively. The Demo"
"6047","54","pmc:PMC12359071","syn31822992","/www.synapse.org/Synapse:syn31822992/wiki/617907 The Case Wes"
"6048","55","pmc:PMC12361453","syn21448467","/www.synapse.org/Synapse:syn21448467 ), ROS/MAP gene expressi"
"6049","55","pmc:PMC12361453","syn8456704","/www.synapse.org/Synapse:syn8456704 ), ROS/MAP genetic varia"
"6050","55","pmc:PMC12361453","syn3221153","/www.synapse.org/Synapse:syn3221153 ), MSBB protein expressi"
"6051","55","pmc:PMC12361453","syn6100410","/www.synapse.org/Synapse:syn6100410 ), MSBB gene expression"
"6052","55","pmc:PMC12361453","syn7391833","/www.synapse.org/Synapse:syn7391833 ), MSBB genetic variants"
"6053","55","pmc:PMC12361453","syn11707204","/www.synapse.org/Synapse:syn11707204 ). Declarations Competin"
"6054","55","pmc:PMC12362200","syn66534226","https://doi.org/10.7303/syn66534226 ). If you encounter prob"
"6055","55","pmc:PMC12363687","syn64923248","/www.synapse.org/Synapse:syn64923248/wiki/630992 ). Our study"
"6056","55","pmc:PMC12363694","syn64923248","/www.synapse.org/Synapse:syn64923248/wiki/630992 89 and https"
"6057","55","pmc:PMC12363694","syn68602065","/www.synapse.org/Synapse:syn68602065/wiki/633329 90 ). Our st"
"6058","55","pmc:PMC12363694","syn68602065",". ( 2025 ) doi: 10.7303/syn68602065 . 91. Wen J. MLNI (Versi"
"6059","55","pmc:PMC12363865","syn51614781","ps://synapse.org/Synapse:syn51614781 , and the main GHIST web"
"6060","55","pmc:PMC12363865","syn65877330","ps://synapse.org/Synapse:syn65877330 . Ultimately, the succes"
"6061","55","pmc:PMC12363935","syn52316987","https://doi.org/10.7303/syn52316987 . The molecular data use"
"6062","55","pmc:PMC12366006","syn53361982","downloaded from Synapse (syn53361982) and analyzed [ 20 ]. GS"
"6063","56","pmc:PMC12372357","syn18485175","et al. (public data ID: syn18485175) [ 32 ], and data of age"
"6064","56","pmc:PMC12372357","syn21125841","ined from Zhou Y et al. (syn21125841) [ 33 ]. Data of 7-month"
"6065","56","pmc:PMC12372357","syn3157322","Project, public data ID: syn3157322) cohort, we employed the"
"6066","56","pmc:PMC12372357","syn3157322","n from the GEO database (syn3157322) among CN, MCI, and AD."
"6067","56","pmc:PMC12372357","syn3157322","oreover, analysis of the syn3157322 dataset revealed increas"
"6068","56","pmc:PMC12374407","syn33521743","GEO: GSE180661; Synapse: syn33521743) were obtained with pre-"
"6069","56","pmc:PMC12374407","syn33521743","ed objects from Synapse (syn33521743) [ 37 ]. UMAP plots show"
"6070","56","pmc:PMC12374974","syn7818379","he Synapse database (ID: syn7818379). FASTQ files were extra"
"6071","56","pmc:PMC12374974","syn7818379","cquired with synapse ID: syn7818379 [ https://www.synapse.or"
"6072","56","pmc:PMC12374974","syn7818379","/www.synapse.org/Synapse:syn7818379/files/ ]. RNA-seq analys"
"6073","56","pmc:PMC12377608","syn51364943","ww.synapse.org/#!Synapse:syn51364943/wiki/622119 deCODE 4,907"
"6074","57","pmc:PMC12384141","syn26642505","ww.synapse.org/#!Synapse:syn26642505 , accessed on 12 August"
"6075","57","pmc:PMC12384141","syn26642505","ww.synapse.org/#!Synapse:syn26642505 , accessed on 12 August"
"6076","58","pmc:PMC12390843","syn66366718","napse (accession number: syn66366718 ). Raw scWGS data are av"
"6077","58","pmc:PMC12390843","syn66366960","napse (accession number: syn66366960 ). Raw 10 × 3′ scRNA-seq"
"6078","58","pmc:PMC12390843","syn33521743","apse (accession numbers: syn33521743 and syn66477498 ). The r"
"6079","58","pmc:PMC12390843","syn66477498","numbers: syn33521743 and syn66477498 ). The raw microscopy da"
"6080","58","pmc:PMC12392707","syn49637038","2 M 166 Healthy Synapse: syn49637038 T cell differentiation a"
"6081","58","pmc:PMC12393254","syn22024496","NA-seq (52,650 features; syn22024496), SomaLogic proteins (7,"
"6082","58","pmc:PMC12393254","syn3388564","g Synapse IDs were used: syn3388564 and syn17015098. Bulk RN"
"6083","58","pmc:PMC12393254","syn17015098","ere used: syn3388564 and syn17015098. Bulk RNA-seq (syn338856"
"6084","58","pmc:PMC12393254","syn3388564","n17015098. Bulk RNA-seq (syn3388564) was extracted using the"
"6085","58","pmc:PMC12393254","syn17015098","( 88 ). Proteomic data (syn17015098) was generated for a tot"
"6086","58","pmc:PMC12393468","syn52293442","ere from ROSMAP project (syn52293442). CODE AVAILIABILITY The"
"6087","58","pmc:PMC12393479","syn26223298","tudy cohort (Synapse ID: syn26223298), including two brain re"
"6088","58","pmc:PMC12393479","syn21241740","rom AD Knowledge Portal (syn21241740). The Datasets include s"
"6089","58","pmc:PMC12396606","syn52297840","CITE-seq dataset (SynID: syn52297840, Release 1.5/V7). Access"
"6090","58","pmc:PMC12396912","syn25829067","ww.synapse.org/#!Synapse:syn25829067 29 Rohlfing T. Zahr N. M"
"6091","58","pmc:PMC12397202","syn13363290","v3.4.0 and data version syn13363290‐v68. A subset of variant"
"6092","59","pmc:PMC12402792","syn51364943","UK Biobank (doi: 10.7303/syn51364943 ). The GWAS summary data"
"6093","59","pmc:PMC12403941","syn20808172","ww.synapse.org/#!Synapse:syn20808172 for plasma and 10.7303/s"
"6094","59","pmc:PMC12403941","syn64942601","2 for plasma and 10.7303/syn64942601 for brain. Declarations"
"6095","59","pmc:PMC12404711","syn34572333","uest on synapse.org (ID: syn34572333). DLPFC bulk RNAseq data"
"6096","59","pmc:PMC12404779","syn23627957","ww.synapse.org/#!Synapse:syn23627957 ); MetaBrain 28 cortex T"
"6097","59","pmc:PMC12404794","syn18485175","downloaded from Synapse (syn18485175), snRNA from 18 download"
"6098","59","pmc:PMC12404794","syn52293417","downloaded from synapse (syn52293417) and snRNA from SEA-AD A"
"6099","59","pmc:PMC12404794","syn26403544","rt available on synapse (syn26403544). Funding This work was"
"6100","59","pmc:PMC12405521","syn51514105","ww.synapse.org/#!Synapse:syn51514105 BraTS2023 MEN 70 https:/"
"6101","59","pmc:PMC12405521","syn51514106","ww.synapse.org/#!Synapse:syn51514106 BraTS2023 MET 71 https:/"
"6102","59","pmc:PMC12405521","syn51514107","ww.synapse.org/#!Synapse:syn51514107 BraTS2023 PED 72 https:/"
"6103","59","pmc:PMC12405521","syn51514108","ww.synapse.org/#!Synapse:syn51514108 BraTS2023 SSA 73 https:/"
"6104","59","pmc:PMC12405521","syn51514109","ww.synapse.org/#!Synapse:syn51514109 BTCV Abdomen 74 https://"
"6105","59","pmc:PMC12405521","syn3193805","ww.synapse.org/#!Synapse:syn3193805/wiki/217789 BTCV Cervix"
"6106","59","pmc:PMC12405521","syn3193805","ww.synapse.org/#!Synapse:syn3193805/wiki/217790 CHAOS CT 75"
"6107","59","pmc:PMC12405521","syn28503327","ww.synapse.org/#!Synapse:syn28503327/files/ Couinaud 53 https"
"6108","59","pmc:PMC12405545","syn2374375","ww.synapse.org/#!Synapse:syn2374375/files/ ) and clinical da"
"6109","59","pmc:PMC12405545","syn2374375","ww.synapse.org/#!Synapse:syn2374375/files/ ), which contains"
"6110","59","pmc:PMC12405545","syn2374375","ww.synapse.org/#!Synapse:syn2374375/files/ ). The TCGA lung"
"6111","59","pmc:PMC12409415","syn2468297","/www.synapse.org/Synapse:syn2468297/wiki/64259 ). Our datase"
"6112","60","pmc:PMC12412012","syn2623706","ww.synapse.org/#!Synapse:syn2623706/files/ ), as described p"
"6113","60","pmc:PMC12416836","syn18456348","www.synapse.org/Synapse:syn18456348/wiki/590585 ), and the d"
"6114","60","pmc:PMC12417969","syn23191787","/www.synapse.org/Synapse:syn23191787 ) (Wingo et al. 2021 )."
"6115","60","pmc:PMC12419137","syn21041850","ww.synapse.org/#!Synapse:syn21041850 ) as well as the Europea"
"6116","61","pmc:PMC12420715","syn3193805","/www.synapse.org/Synapse:syn3193805/wiki/217789 . The REtroS"
"6117","61","pmc:PMC12421593","syn27056172","/www.synapse.org/Synapse:syn27056172/wiki/616601 . MSK IMPACT"
"6118","61","pmc:PMC12421593","syn27056172","/www.synapse.org/Synapse:syn27056172/files 21 Zhao J Xiao X L"
"6119","61","pmc:PMC12422733","syn5550404","Bonobo (3) 98 Mayo Data (syn5550404) Control-temporal cortex"
"6120","61","pmc:PMC12422733","syn5550404","tium studies (accession: syn5550404). The number of samples"
"6121","61","pmc:PMC12422733","syn5550404","https://doi.org/10.7303/syn5550404 ), which have supported"
"6122","61","pmc:PMC12422733","syn5550404","eq Study Synapse 10.7303/syn5550404 References Allen M Carra"
"6123","61","pmc:PMC12424641","syn52293433","org ) under accession ID syn52293433. Only glial cell subsets"
"6124","61","pmc:PMC12425022","syn53708249","/www.synapse.org/Synapse:syn53708249 (accessed 27 December 20"
"6125","61","pmc:PMC12425806","syn64600176","e via Synapse at 10.7303/syn64600176. These data include link"
"6126","61","pmc:PMC12425819","syn7222066","ww.synapse.org/#!Synapse:syn7222066/wiki/405659 ). To reques"
"6127","62","pmc:PMC12431157","syn35371406","/www.synapse.org/Synapse:syn35371406/wiki/618859 Accessed 19-"
"6128","62","pmc:PMC12431391","syn20681023","/www.synapse.org/Synapse:syn20681023/wiki/594678 (accessed on"
"6129","62","pmc:PMC12431549","syn23565056","/www.synapse.org/Synapse:syn23565056/wiki/608635 (accessed on"
"6130","62","pmc:PMC12436147","syn23627957","/www.synapse.org/Synapse:syn23627957 . Blood eQTL data can be"
"6131","62","pmc:PMC12439990","syn26561824","downloaded from Synapse (syn26561824) 81 . GSVA scores were c"
"6132","63","pmc:PMC12446064","syn52297840","llowing sources: 10.7303/syn52297840 (AMP-RA), https://zenodo"
"6133","63","pmc:PMC12446642","syn51364943","/www.synapse.org/Synapse:syn51364943/wiki/622119 ) and FinnGe"
"6134","63","pmc:PMC12447335","syn64600194","n this paper is Synapse: syn64600194. • Any additional inform"
"6135","63","pmc:PMC12449054","syn3049712","https://www.synapse.org/syn3049712 ) supplies bulk RNA-seq"
"6136","63","pmc:PMC12449054","syn3049712","/www.synapse.org/Synapse:syn3049712/wiki/74630 ) [ 34 , 71 ]"
"6137","64","pmc:PMC12452093","syn68349250","https://doi.org/10.7303/syn68349250 and are fully accessible"
"6138","64","pmc:PMC12454483","syn51625685","https://doi.org/10.7303/syn51625685 . The UBFC-Phys dataset"
"6139","64","pmc:PMC12454641","syn21041850",") under accession number syn21041850. Public lung snRNA-seq d"
"6140","64","pmc:PMC12456950","syn68690323","/www.synapse.org/Synapse:syn68690323/wiki/63348 . Any additio"
"6141","64","pmc:PMC12456950","syn68690323","ntiation Synapse 10.7303/syn68690323 References Ahmad M Polep"
"6142","64","pmc:PMC12458250","syn68871742","through Synapse (synID: syn68871742, DOI: https://doi.org/10"
"6143","64","pmc:PMC12458250","syn68871742","https://doi.org/10.7303/syn68871742 ). LIST OF ABBREVIATIONS"
"6144","64","pmc:PMC12458493","syn31512863","QC ROS/MAP participants (syn31512863). 28 Eight major cell ty"
"6145","64","pmc:PMC12458493","syn23650893","AMP-AD Knowledge Portal (syn23650893). The single-nucleus RNA"
"6146","64","pmc:PMC12458493","syn31512863","/www.synapse.org/Synapse:syn31512863 ). The DOI for this data"
"6147","64","pmc:PMC12458612","syn3219045","/www.synapse.org/Synapse:syn3219045 References [1] Hasin Y."
"6148","64","pmc:PMC12459469","syn51365303","ww.synapse.org/#!Synapse:syn51365303 ). [ 10 ] In this study,"
"6149","65","pmc:PMC12460890","syn31488784","orm under accession code syn31488784 . The whole blood RNA-se"
"6150","65","pmc:PMC12460890","syn31488780","pse under accession code syn31488780 , on the Gene Expression"
"6151","65","pmc:PMC12460890","syn31488781","pse under accession code syn31488781 . The plasma LC-MS metab"
"6152","65","pmc:PMC12460890","syn31488782","pse under accession code syn31488782 . The entire integrated"
"6153","65","pmc:PMC12460890","syn31481952","pse under accession code syn31481952 (10.7303/syn31481952.5)."
"6154","65","pmc:PMC12460890","syn31481952","ode syn31481952 (10.7303/syn31481952.5). Databases used in th"
"6155","65","pmc:PMC12463240","syn51365301","ww.synapse.org/#!Synapse:syn51365301 ) and Iceland GWAS data."
"6156","66","pmc:PMC12470534","syn26376615","/www.synapse.org/Synapse:syn26376615/files/ (accessed on 1 De"
"6157","66","pmc:PMC12473803","syn52540892","/www.synapse.org/Synapse:syn52540892/wiki/623753 , accessed o"
"6158","66","pmc:PMC12474978","syn7222066","/www.synapse.org/Synapse:syn7222066 . GENIE BPC NSCLC genomi"
"6159","66","pmc:PMC12474978","syn27056172","/www.synapse.org/Synapse:syn27056172/wiki/616601 . The MSK-IM"
"6160","66","pmc:PMC12475057","syn51365303","/www.synapse.org/Synapse:syn51365303 , FinnGen consortium, ht"
"6161","66","pmc:PMC12477219","syn30941609","ww.synapse.org/#!Synapse:syn30941609 . Mass spectrometry—lipi"
"6162","66","pmc:PMC12478272","syn51150434","https://doi.org/10.7303/syn51150434 ). Blood pQTL data from"
"6163","67","pmc:PMC12480830","syn51364943","/www.synapse.org/Synapse:syn51364943/wiki/622119 ). It provid"
"6164","67","pmc:PMC12481582","syn2290704","ww.synapse.org/#!Synapse:syn2290704/wiki/64710 ). Imputation"
"6165","67","pmc:PMC12484469","syn7824274","he Synapse database (ID: syn7824274), and only deleterious m"
"6166","67","pmc:PMC12484469","syn22257780","SE141383, GSE173278, and syn22257780 [ 18 ]. Batch effects we"
"6167","67","pmc:PMC12484469","syn7824274","he Synapse database (ID: syn7824274), and only deleterious a"
"6168","67","pmc:PMC12484469","syn22257780",".nih.gov/geo/ ; Synapse: syn22257780, https://accounts.synaps"
"6169","67","pmc:PMC12485159","syn51365303","www.synapse.org/ Synapse:syn51365303. Source data used for ge"
"6170","67","pmc:PMC12485691","syn3388564","rom the AMP-AD platform (syn3388564). Briefly, RNA RNA were"
"6171","67","pmc:PMC12485691","syn4896408","etics ChIP-Seq (H3K9ac) (syn4896408), RNA-Seq (DLPFC, AC, PC"
"6172","67","pmc:PMC12485691","syn3388564","NA-Seq (DLPFC, AC, PCG) (syn3388564), Proteomics TMT (syn170"
"6173","67","pmc:PMC12485691","syn17015098","388564), Proteomics TMT (syn17015098), Metabolomics (syn26007"
"6174","67","pmc:PMC12485691","syn26007830","17015098), Metabolomics (syn26007830), and snRNA-Seq (syn3151"
"6175","67","pmc:PMC12485691","syn31512863","6007830), and snRNA-Seq (syn31512863). The phenotype data can"
"6176","67","pmc:PMC12485798","syn3219045","al for the ROSMAP study (syn3219045), with informed consent"
"6177","67","pmc:PMC12485798","syn31512863","ww.synapse.org/#!Synapse:syn31512863 ). Codes will be made av"
"6178","67","pmc:PMC12485982","syn59449898","downloaded from Synapse (syn59449898). The ProCapNet model wa"
"6179","67","pmc:PMC12485993","syn59804727","apse.org with the SynID: syn59804727. These files were subseq"
"6180","67","pmc:PMC12485993","syn59804727","/www.synapse.org/Synapse:syn59804727 on the AMP-AD Knowledge"
"6181","67","pmc:PMC12486008","syn65463502","pse under accession code syn65463502 and processed expression"
"6182","67","pmc:PMC12487324","syn2580853","AMP-AD knowledge portal (syn2580853) [ 31 , 32 ]. Read count"
"6183","67","pmc:PMC12487324","syn63686123","e on Synapse (Synapse ID syn63686123 ). Table S14 . Cell anno"
"6184","67","pmc:PMC12487324","syn8456629","ir original publications syn8456629 and syn52293442, respect"
"6185","67","pmc:PMC12487324","syn52293442","lications syn8456629 and syn52293442, respectively, under con"
"6186","67","pmc:PMC12487324","syn63686123","pse under the Synapse ID syn63686123 . The code used for this"
"6187","67","pmc:PMC12487820","syn7067053","(2017) , with SynapseID syn7067053, collected from five chi"
"6188","68","pmc:PMC12490218","syn53283672","https://doi.org/10.7303/syn53283672 TCGA bulk RNA-seq data G"
"6189","68","pmc:PMC12490231","syn53210170","https://doi.org/10.7303/syn53210170 26 CUP with confirmed di"
"6190","68","pmc:PMC12490983","syn3219045","e accession doi: 10.7303/syn3219045 ). Based on the clinical"
"6191","68","pmc:PMC12492361","syn51364943","/www.synapse.org/Synapse:syn51364943/ [19], https://www.decod"
"6192","68","pmc:PMC12492694","syn52293417","ww.synapse.org/#!Synapse:syn52293417 ) [ 36 ], Fujita data ("
"6193","68","pmc:PMC12492694","syn31512863","ww.synapse.org/#!Synapse:syn31512863 ) [ 37 ], Huuki-Myers re"
"6194","68","pmc:PMC12492694","syn22025006","/www.synapse.org/Synapse:syn22025006 ) [ 39 ], and Sutton ref"
"6195","68","pmc:PMC12492694","syn52293417","/www.synapse.org/Synapse:syn52293417 . Accessed 2023. 37. Fuj"
"6196","68","pmc:PMC12492694","syn31512863","/www.synapse.org/Synapse:syn31512863 . Accessed 2023. 38. Huu"
"6197","68","pmc:PMC12492694","syn22025006","/www.synapse.org/Synapse:syn22025006 . Accessed 2022. 40. Sut"
"6198","68","pmc:PMC12494380","syn8540863","ROSMAP (accession number syn8540863). shRNA-seq data of 200"
"6199","68","pmc:PMC12494380","syn8540863","tudy AD Knowledge Portal syn8540863 Morabito S Miyoshi E Swa"
"6200","68","pmc:PMC12494955","syn22317082","ww.synapse.org/#!Synapse:syn22317082 . Data used in preparati"
"6201","68","pmc:PMC12495422","syn10901601","https://doi.org/10.7303/syn10901601 ). Since most associatio"
"6202","68","pmc:PMC12495422","syn11724002","ww.synapse.org/#!Synapse:syn11724002 ), models of gene expres"
"6203","68","pmc:PMC12495855","syn21241740","Seq Harmonization study (syn21241740). Matrices with conditio"
"6204","68","pmc:PMC12495855","syn27024965","bsequent analysis (Mayo: syn27024965, and MSBB: syn27068756)."
"6205","68","pmc:PMC12495855","syn27068756",": syn27024965, and MSBB: syn27068756). We filtered the datase"
"6206","68","pmc:PMC12495855","syn3388564","bers: ROSMAP bulk DLPFC (syn3388564) and snRNA-Seq (syn31512"
"6207","68","pmc:PMC12495855","syn31512863","n3388564) and snRNA-Seq (syn31512863). The phenotype data can"
"6208","69","pmc:PMC12520361","syn55267562","ww.synapse.org/#!Synapse:syn55267562/files/ . Supporting info"
"6209","69","pmc:PMC12520694","syn62787929","https://doi.org/10.7303/syn62787929 The source code for the"
"6210","69","pmc:PMC12520975","syn51449054","Synapse (project SynID: syn51449054): https://www.synapse.or"
"6211","69","pmc:PMC12520975","syn51449054","/www.synapse.org/Synapse:syn51449054 . The mass spectrometry"
"6212","69","pmc:PMC12522309","syn2580853","m 2018 4 1 60 72 10.7303/syn2580853 Seyfried NT, Dammer EB,"
"6213","69","pmc:PMC12522309","syn2580853","2018;4(1):60–72. 10.7303/syn2580853 32. Dammer E. CellTypeFE"
"6214","69","pmc:PMC12528745","syn25829067","w.synapse.org/#!Synapse: syn25829067/wiki/610863. All dataset"
"6215","70","pmc:PMC12541060","syn53709111","ww.synapse.org/#!Synapse:syn53709111 . The FASTQ files genera"
"6216","70","pmc:PMC12547361","syn16924919","/www.synapse.org/Synapse:syn16924919/wiki/583955 ). The task"
"6217","71","pmc:PMC12554635","syn17038081","/www.synapse.org/Synapse:syn17038081/wiki/585622 ), TCGA ( ht"
"6218","71","pmc:PMC12556227","syn22344686","72.8 (14.6) Bulk 149 163 syn22344686 Penn DLPFC Penn 43.2% 74"
"6219","71","pmc:PMC12556227","syn22344686","% 74.2 (13.9) Bulk 58 37 syn22344686 Pitt DLPFC Pitt 79.2% 48"
"6220","71","pmc:PMC12556227","syn22344686","% 48.7 (13.9) Bulk 57 49 syn22344686 NIMH_HBCC DLPFC HBCC/LIB"
"6221","71","pmc:PMC12556227","syn22344107","43.9 (16.6) Bulk 96 186 syn22344107 LIBD_szControl DLPFC HBC"
"6222","71","pmc:PMC12556227","syn22344107","44.9 (16.2) Bulk 175 223 syn22344107 GVEX DLPFC SMRI 75.1% 44"
"6223","71","pmc:PMC12556227","syn4590909","% 44.5 (10.3) Bulk 94 75 syn4590909 Pitt_ACC ACC Pitt 71.8%"
"6224","71","pmc:PMC12556227","syn22344686","% 47.9 (13.8) Bulk 58 78 syn22344686 MSSM_ACC ACC MSSM 58.6%"
"6225","71","pmc:PMC12556227","syn22344686","73.1 (14.6) Bulk 130 143 syn22344686 Penn_ACC ACC Penn 45.5%"
"6226","71","pmc:PMC12556227","syn22344686","% 73.8 (13.8) Bulk 43 23 syn22344686 McLean DLPFC McLean 66.3"
"6227","71","pmc:PMC12556227","syn25946131","2 (16.9) snRNA-seq 24 24 syn25946131 MSSM, snRNA DLPFC MSSM 5"
"6228","71","pmc:PMC12556227","syn25946131","7 (16.5) snRNA-seq 41 51 syn25946131 Batiuk DLPFC Batiuk 52.2"
"6229","71","pmc:PMC12556227","syn25946131","for these from Synapse (syn25946131). Two additional snRNA-s"
"6230","71","pmc:PMC12559030","syn9702085","seq harmonization study (syn9702085). The analytical workflo"
"6231","71","pmc:PMC12559284","syn3219045","ilsPage?Program=AMP-AD , syn3219045) or via the Rush Alzheim"
"6232","71","pmc:PMC12559284","syn3219045","D ) under accession code syn3219045. Data are available unde"
"6233","71","pmc:PMC12559380","syn3219045","sPage/StudyDetails?Study=syn3219045 ]. We include the links"
"6234","72","pmc:PMC12560479","syn52888250","Synapse (Project SynID: syn52888250; https://synapse.org/Emo"
"6235","72","pmc:PMC12565459","syn64952532","/www.synapse.org/Synapse:syn64952532 , Accessed on 10 January"
"6236","72","pmc:PMC12569154","syn51271053","ww.synapse.org/#!Synapse:syn51271053 and the BraTS 2020 Tumor"
"6237","73","pmc:PMC12580855","syn65461849","/www.synapse.org/Synapse:syn65461849 . The results published"
"6238","73","pmc:PMC12583461","syn52297840","hang et al, 2023 10.7303/syn52297840) AMP2 (part of combined"
"6239","73","pmc:PMC12583461","syn52297840","/www.synapse.org/Synapse:syn52297840.9/datasets/ [DATASET] Zh"
"6240","73","pmc:PMC12584222","syn31512863","annotated for the DLPFC (syn31512863, Fig. 1 a-c and Suppleme"
"6241","73","pmc:PMC12584222","syn52363764","d based on marker genes (syn52363764; [ 20 , 26 ]. Doublets w"
"6242","73","pmc:PMC12584222","syn53694215","using the same dataset (syn53694215; [ 20 , 26 ]). Bulk RNAS"
"6243","73","pmc:PMC12584222","syn52293417","downloaded from Synapse (syn52293417), and pseudo-bulk matric"
"6244","73","pmc:PMC12584222","syn3388564","bers: ROSMAP bulk DLPFC (syn3388564) and snRNASeq (syn315128"
"6245","73","pmc:PMC12584222","syn31512863","yn3388564) and snRNASeq (syn31512863). The phenotype data can"
"6246","73","pmc:PMC12586258","syn51364943","/www.synapse.org/Synapse:syn51364943/wiki/622119 ). From a to"
"6247","73","pmc:PMC12586258","syn51364943","/www.synapse.org/Synapse:syn51364943 ) and deCODE Genetics ("
"6248","73","pmc:PMC12586929","syn18779624",",” arXiv (2020), 10.7303/syn18779624 . 21 A. Filter , “The Hi"
"6249","73","pmc:PMC12589127","syn51942384","/www.synapse.org/Synapse:syn51942384.1/datasets ). We focused"
"6250","73","pmc:PMC12589127","syn51942384","/www.synapse.org/Synapse:syn51942384.1/datasets ). PLAC-seq d"
"6251","74","pmc:PMC12594206","syn3219045","include ROSMAP (synapse: syn3219045), ADNI ( http://adni.lon"
"6252","74","pmc:PMC12594808","syn25829067","/www.synapse.org/Synapse:syn25829067/wiki/610863 ), BTCV ( ht"
"6253","74","pmc:PMC12594808","syn3193805","/www.synapse.org/Synapse:syn3193805/wiki/89480 ), LA-SEG ( h"
"6254","74","pmc:PMC12594988","syn6131484","ww.synapse.org/#!Synapse:syn6131484/ ). We ordered the motif"
"6255","74","pmc:PMC12595666","syn66245575","repository at project ID syn66245575. Expanded raw data is av"
"6256","74","pmc:PMC12596078","syn51614781","ps://synapse.org/Synapse:syn51614781 , and the main GHIST web"
"6257","74","pmc:PMC12596078","syn65877330","ps://synapse.org/Synapse:syn65877330 . The first and second G"
"6258","74","pmc:PMC12596078","syn51614781","/www.synapse.org/Synapse:syn51614781. References Adrion JR et"
"6259","75","pmc:PMC12602342","syn6090813","2 PSP, and 84 AD brains (syn6090813) [ 88 ]. Differential ge"
"6260","75","pmc:PMC12602357","syn26273709","l under accession number syn26273709 (SEA-AD). The dataset wa"
"6261","75","pmc:PMC12605992","syn51364943","/www.synapse.org/Synapse:syn51364943/wiki/622119 ). This coll"
"6262","75","pmc:PMC12605992","syn51364943","/www.synapse.org/Synapse:syn51364943/wiki/622119 ). Reference"
"6263","75","pmc:PMC12607777","syn2623706","rg/repo/v1/doi/locate?id=syn2623706&type=ENTITY (accessed on"
"6264","75","pmc:PMC12607777","syn2623706","ww.synapse.org/#!Synapse:syn2623706/wiki/ (accessed on 26 Ma"
"6265","75","pmc:PMC12609060","syn18485175","atform (referenced under syn18485175 and syn21670836, respect"
"6266","75","pmc:PMC12609060","syn21670836","ed under syn18485175 and syn21670836, respectively). In the c"
"6267","75","pmc:PMC12609060","syn22079621","you can access it under syn22079621. Although the pipeline w"
"6268","76","pmc:PMC12610622","syn3193805","ww.synapse.org/#!Synapse:syn3193805/wiki/217789 (accessed on"
"6269","76","pmc:PMC12611278","syn3219045","https://doi.org/10.7303/syn3219045 ) and The Mayo Clinic LO"
"6270","76","pmc:PMC12611278","syn2910256","https://doi.org/10.7303/syn2910256 ), we utilized genetic d"
"6271","76","pmc:PMC12611789","syn53461705","accession IDs: SCP3182 , syn53461705 ). ABCA7 LoF profiles in"
"6272","76","pmc:PMC12611789","syn11724057","ownloaded from Synapse ( syn11724057 ) for genes with rare da"
"6273","76","pmc:PMC12611789","syn12178037","d (see Synapse accession syn12178037 ). Only variants passing"
"6274","76","pmc:PMC12611789","syn10901595","n be viewed at Synapse ( syn10901595 ). We selected 12 indivi"
"6275","76","pmc:PMC12611789","syn53461705","Portal under Synapse ID syn53461705 . As the data contain po"
"6276","76","pmc:PMC12612194","syn54032669","/www.synapse.org/Synapse:syn54032669/wiki/627818 ; accessed S"
"6277","76","pmc:PMC12612194","syn54032669","/www.synapse.org/Synapse:syn54032669/wiki/627818 ). Seurat co"
"6278","76","pmc:PMC12616245","syn21984813","th identification number syn21984813) and will also be made a"
"6279","76","pmc:PMC12616245","syn21984813","th identification number syn21984813). Authors’ Disclosures H"
"6280","76","pmc:PMC12618518","syn59490671","/www.synapse.org/Synapse:syn59490671/wiki/628046 . The Surviv"
"6281","77","pmc:PMC12621940","syn21884970","napse.org ) under the ID syn21884970. REFERENCES 1. Bentley D"
"6282","77","pmc:PMC12622124","syn11707420","/www.synapse.org/Synapse:syn11707420 ). The final dataset con"
"6283","77","pmc:PMC12622124","syn30821562","/www.synapse.org/Synapse:syn30821562 ) 15 . The gene expressi"
"6284","77","pmc:PMC12622124","syn27000096","oaded from synapse entry syn27000096. We performed causal inf"
"6285","77","pmc:PMC12622134","syn2580853",") from the MSBB dataset (syn2580853; see Supplementary Note"
"6286","77","pmc:PMC12622167","syn11724057","pse with accession codes syn11724057, syn53366818, and syn522"
"6287","77","pmc:PMC12622167","syn53366818","ssion codes syn11724057, syn53366818, and syn52293417. The GR"
"6288","77","pmc:PMC12622167","syn52293417","724057, syn53366818, and syn52293417. The GReX prediction mod"
"6289","77","pmc:PMC12622169","syn52047893","e with accession number: syn52047893. It was processed via py"
"6290","77","pmc:PMC12622183","syn65463502","pse under accession code syn65463502 and processed expression"
"6291","77","pmc:PMC12622859","syn4993293","/www.synapse.org/Synapse:syn4993293/wiki/247859 Accessed 29-"
"6292","77","pmc:PMC12622859","syn10848316","/www.synapse.org/Synapse:syn10848316/wiki/548727 Accessed 29-"
"6293","77","pmc:PMC12625383","syn51364943","ww.synapse.org/#!Synapse:syn51364943/files/ , respectively. S"
"6294","77","pmc:PMC12625517","syn1208024",". 2018;362:1–32. 10.7303/syn1208024. 34. Asselstine V Medran"
"6295","77","pmc:PMC12626273","syn18485175","LPFC) data from Synapse (syn18485175; [ 14 ]); prefrontal cor"
"6296","77","pmc:PMC12626273","syn21261143","ortex data from Synapse (syn21261143; [ 33 ]). Gene count mat"
"6297","77","pmc:PMC12626534","syn23627957","https://doi.org/10.7303/syn23627957 . The brain transcriptom"
"6298","77","pmc:PMC12629823","syn49637038","ase under accession code syn49637038; and Hashimoto et al. 21"
"6299","77","pmc:PMC12629990","syn66399325","ynapse (accession number syn66399325 ). Code availability The"
"6300","78","pmc:PMC12632348","syn69980172","in a Synapse repository (syn69980172, https://doi.org/10.7303"
"6301","78","pmc:PMC12632456","syn11932957","a repository (SynapseID: syn11932957), originally constructed"
"6302","78","pmc:PMC12632456","syn14237651","ledge Portal (SynapseID: syn14237651). Each AMP-AD module was"
"6303","78","pmc:PMC12632567","syn64463432","/www.synapse.org/Synapse:syn64463432 . Code needed to replica"
"6304","78","pmc:PMC12632611","syn3388564","NA-seq data (Synapse ID: syn3388564) were available for 17,3"
"6305","78","pmc:PMC12632611","syn17015098","teomic data (Synapse ID: syn17015098) included quantification"
"6306","78","pmc:PMC12632611","syn3159438","ants were also obtained (syn3159438). Preprocessing followed"
"6307","78","pmc:PMC12632665","syn52396927","and at synapse platform syn52396927 . Fluorescence-activated"
"6308","78","pmc:PMC12632665","syn52396927","pse under accession code syn52396927, as part of the PsychAD"
"6309","78","pmc:PMC12632665","syn60084804","sychAD Study detailed at syn60084804. The dataset, analysis o"
"6310","78","pmc:PMC12632665","syn52396927","https://doi.org/10.7303/syn52396927 . The data are available"
"6311","78","pmc:PMC12632783","syn51110930","ailable through Synapse (syn51110930). The starting graph for"
"6312","78","pmc:PMC12632783","syn25428992","f enriched terms ([ 4 ], syn25428992). To focus the graph con"
"6313","78","pmc:PMC12632783","syn69925494","s accessible on Synapse (syn69925494). We tested for over-rep"
"6314","78","pmc:PMC12632783","syn69925494","re available on Synapse (syn69925494). All code to reproduce"
"6315","78","pmc:PMC12632898","syn50996869","apse.org , ProjectSynID: syn50996869 and syn60245188). Access"
"6316","78","pmc:PMC12632898","syn60245188","ctSynID: syn50996869 and syn60245188). Access will be avaliab"
"6317","78","pmc:PMC12632979","syn25428992","the TREAT-AD biodomains (syn25428992.v10; [ 5 ]) ( Supplement"
"6318","78","pmc:PMC12632979","syn25428992","the TREAT-AD biodomains (syn25428992.v10; [ 5 ]). 2.5 GSEA Te"
"6319","78","pmc:PMC12632994","syn52293417","encing (snRNA-seq) data (syn52293417) ( Mathys et al., 2023 )"
"6320","78","pmc:PMC12632994","syn4896408","); DNA methylation data (syn4896408) ( De Jager et al., 2014"
"6321","78","pmc:PMC12632994","syn3157275","uencing (ChIP-seq) data (syn3157275) ( Klein et al., 2019 );"
"6322","78","pmc:PMC12632994","syn17008935","rometry proteomics data (syn17008935) ( Ping et al., 2018 )."
"6323","78","pmc:PMC12632994","syn52293417","Portal under accessions syn52293417, syn4896408, syn3157275"
"6324","78","pmc:PMC12632994","syn4896408","accessions syn52293417, syn4896408, syn3157275 and syn17008"
"6325","78","pmc:PMC12632994","syn3157275","syn52293417, syn4896408, syn3157275 and syn17008935, respect"
"6326","78","pmc:PMC12632994","syn17008935","n4896408, syn3157275 and syn17008935, respectively. Access to"
"6327","78","pmc:PMC12633007","syn68348899","lable on Synapse (SynID: syn68348899). Summary of embryo mani"
"6328","78","pmc:PMC12633012","syn21560510","dMarkers() on dataset ID:syn21560510 downloaded from http://w"
"6329","78","pmc:PMC12633012","syn21041850","ww.synapse.org/#!Synapse:syn21041850 . Gene sets for Aerocyte"
"6330","78","pmc:PMC12633097","syn59804727","apse.org with the SynID: syn59804727) were searched using Fra"
"6331","78","pmc:PMC12633097","syn69962262","/www.synapse.org/Synapse:syn69962262 . The AMP-AD Knowledge P"
"6332","78","pmc:PMC12633208","syn51078766","ww.synapse.org/#!Synapse:syn51078766 . Code availability. All"
"6333","78","pmc:PMC12633431","syn2580853","Available from: 10.7303/syn2580853 58. McCorkindale AN , Pa"
"6334","78","pmc:PMC12633441","syn17038081","the Synapse Repository (syn17038081). Variant calls from the"
"6335","78","pmc:PMC12636229","syn3388564","ough AD Knowledge Portal syn3388564 (ROSMAP bulk RNA-seq) ["
"6336","78","pmc:PMC12636229","syn18681734","AP bulk RNA-seq) [ 62 ], syn18681734 (ROSMAP snRNA-seq) [ 63"
"6337","78","pmc:PMC12636229","syn3159438","OSMAP snRNA-seq) [ 63 ], syn3159438 (MSBB) [ 64 ] and syn492"
"6338","78","pmc:PMC12636229","syn4921369","159438 (MSBB) [ 64 ] and syn4921369 (PsychENCODE) [ 65 ]. Th"
"6339","78","pmc:PMC12636229","syn26213257","05736 [ 70 ], and Kosoy: syn26213257 [ 71 ].EPIC-unmix is ava"
"6340","78","pmc:PMC12636229","syn3388564","ets Synapse 2017 10.7303/syn3388564 De Jager PL, Ma Y, McCab"
"6341","78","pmc:PMC12636229","syn3388564","s Synapse. 2017. 10.7303/syn3388564. 63. Mathys H Davila-Vel"
"6342","78","pmc:PMC12636229","syn2580853","ets Synapse 2019 10.7303/syn2580853 Mathys H, Davila-Velderr"
"6343","78","pmc:PMC12636229","syn2580853","s Synapse. 2019. 10.7303/syn2580853. 64. Wang M, Beckmann D,"
"6344","78","pmc:PMC12636229","syn3159438",". Synapse. 2018. 10.7303/syn3159438. 65. Wang D Liu S Warrel"
"6345","78","pmc:PMC12636229","syn4921369","ets Synapse 2015 10.7303/syn4921369 Wang D, Liu S, Warrell J"
"6346","78","pmc:PMC12636229","syn4921369","s Synapse. 2015. 10.7303/syn4921369. 66. Kock KH, Tan LM, Ha"
"6347","78","pmc:PMC12636229","syn2580853","tasets. Synapse. 10.7303/syn2580853 (2022). 72. Sun Q. EPIC-"
"6348","78","pmc:PMC12636628","syn51150434","/www.synapse.org/Synapse:syn51150434 ) CSF ( https://neurogen"
"6349","78","pmc:PMC12636628","syn51150434","/www.synapse.org/Synapse:syn51150434/wiki/621280 ) Western et"
"6350","78","pmc:PMC12636628","syn52335807","/www.synapse.org/Synapse:syn52335807 ) Kosoy et al. microglia"
"6351","78","pmc:PMC12636628","syn30308484","/www.synapse.org/Synapse:syn30308484 ) Kosoy et al. microclia"
"6352","78","pmc:PMC12636628","syn30308248","/www.synapse.org/Synapse:syn30308248 ) eQTL Catalogue databas"
"6353","78","pmc:PMC12636643","syn59804727","apse.org with the SynID: syn59804727) were searched using Fra"
"6354","78","pmc:PMC12636643","syn59804727","/www.synapse.org/Synapse:syn59804727 on the AMP-AD Knowledge"
"6355","78","pmc:PMC12637450","syn25006659","rch Institute, Arizona) (syn25006659 and syn25006658), Para g"
"6356","78","pmc:PMC12637450","syn25006658","rizona) (syn25006659 and syn25006658), Para gyrus hippocampus"
"6357","78","pmc:PMC12637450","syn25006652","ne Brain Bank, New York; syn25006652 and syn25006648) and pre"
"6358","78","pmc:PMC12637450","syn25006648","ew York; syn25006652 and syn25006648) and pre-motor cortex (B"
"6359","78","pmc:PMC12637450","syn25006866","as obtained from ROSMAP (syn25006866 and syn25006867; syn2500"
"6360","78","pmc:PMC12637450","syn25006867","ROSMAP (syn25006866 and syn25006867; syn25006835 respectivel"
"6361","78","pmc:PMC12637450","syn25006835","5006866 and syn25006867; syn25006835 respectively). For snRNA"
"6362","78","pmc:PMC12637450","syn52293433","PC and oligodendrocytes (syn52293433 and syn3157322). Code av"
"6363","78","pmc:PMC12637450","syn3157322","rocytes (syn52293433 and syn3157322). Code availability: Cod"
"6364","78","pmc:PMC12637705","syn23650894","ynapse.org ) (Synapse ID syn23650894), and Seattle Alzheimer’"
"6365","78","pmc:PMC12637705","syn60543127","available in Synapse (ID:syn60543127). The data of neuronal c"
"6366","78","pmc:PMC12638725","syn51549340","/www.synapse.org/Synapse:syn51549340/wiki/624187 . 77 3. Resu"
"6367","78","pmc:PMC12638725","syn51549340","aset [dataset]. Synapse. syn51549340. Retrieved from https://"
"6368","78","pmc:PMC12638725","syn51549340","/www.synapse.org/Synapse:syn51549340/wiki/624187 . 78 Biessel"
"6369","78","pmc:PMC12638902","syn27046444","www.synapse.org/Synapse: syn27046444/wiki/616571.It contains"
"6370","79","pmc:PMC12642661","syn3219045","/www.synapse.org/Synapse:syn3219045 ( De Jager et al. 2018 )"
"6371","79","pmc:PMC12642759","syn59804727","/www.synapse.org/Synapse:syn59804727 on the AMP-AD Knowledge"
"6372","79","pmc:PMC12643496","syn68930961","https://doi.org/10.7303/syn68930961 ; ID syn68930961). Addit"
"6373","79","pmc:PMC12643496","syn68930961","10.7303/syn68930961 ; ID syn68930961). Additional requests sh"
"6374","79","pmc:PMC12643838","syn5241395","77, GSE229413, GSE242230/syn5241395, and OEP003254. Cells wi"
"6375","79","pmc:PMC12643838","syn5241395","77, GSE229413, GSE242230/syn5241395, and OEP003254), expandi"
"6376","79","pmc:PMC12643838","syn5241395","database. The GSE242230/syn5241395 dataset, which includes"
"6377","79","pmc:PMC12645028","syn3193805","/www.synapse.org/Synapse:syn3193805 . The ISBI 2019 Combined"
"6378","80","pmc:PMC12655869","syn53033407","https://doi.org/10.7303/syn53033407 ). A sign-in process is"
"6379","81","pmc:PMC12660812","syn51514106","/www.synapse.org/Synapse:syn51514106 . Competing interests Th"
"6380","81","pmc:PMC12661941","syn21241740","rtal.org ; accession No. syn21241740 and No. syn22264775) [ 1"
"6381","81","pmc:PMC12661941","syn22264775","No. syn21241740 and No. syn22264775) [ 14 ]. Optum’s de-iden"
"6382","81","pmc:PMC12663097","syn50877085","ww.synapse.org/#!Synapse:syn50877085) 21 . Conclusions The pr"
"6383","81","pmc:PMC12663470","syn50698163","/www.synapse.org/Synapse:syn50698163/files/ . The result file"
"6384","81","pmc:PMC12663852","syn4874822","Atlas (TCGA; Synapse ID: syn4874822; https://gdc.cancer.gov/"
"6385","81","pmc:PMC12666124","syn26844071","so included 64 (Synapse: syn26844071). Furthermore, scRNA-seq"
"6386","81","pmc:PMC12666124","syn26844071","y accessible in Synapse: syn26844071. 64 ScRNA-seq data from"
"6387","81","pmc:PMC12667772","syn51111084","se ( 2023 ) doi: 10.7303/syn51111084.1 . 40. Huuki-Myers L. A"
"6388","81","pmc:PMC12667932","syn6131484","ww.synapse.org/#!Synapse:syn6131484/wiki/402026 ) and also u"
"6389","81","pmc:PMC12668424","syn31512863","/www.synapse.org/Synapse:syn31512863 ). Access to raw data de"
"6390","81","pmc:PMC12668565","syn2623706","e platform (doi: 10.7303/syn2623706) [ 25 ]. A set of five m"
"6391","82","pmc:PMC12672373","syn18485175","ources: Murdock & Tsai ( syn18485175 GSE138852 , GSE147528 ;"
"6392","82","pmc:PMC12672373","syn21125841","GSE138852 , GSE147528 ; syn21125841 , GSE157827 , GSE129308"
"6393","82","pmc:PMC12672373","syn3219045","163577 , GSE148822 ; and syn3219045 , GSE181279 , GSE134578"
"6394","82","pmc:PMC12672373","syn22307008","E123496 ); Zhao et al. ( syn22307008 ); Habib et al. ( GSE143"
"6395","82","pmc:PMC12673106","syn21041850","/www.synapse.org/Synapse:syn21041850) (2) CF 10X Chromium dat"
"6396","82","pmc:PMC12673795","syn51365301","ww.synapse.org/#!Synapse:syn51365301 ). The GWAS data for ris"
"6397","82","pmc:PMC12674742","syn20933797","loaded from Synapse (ID: syn20933797, syn21441786) and used i"
"6398","82","pmc:PMC12674742","syn21441786","ynapse (ID: syn20933797, syn21441786) and used in this study"
"6399","82","pmc:PMC12674742","syn20933797","https://doi.org/10.7303/syn20933797 with IDs syn20933797 and"
"6400","82","pmc:PMC12674742","syn20933797","303/syn20933797 with IDs syn20933797 and syn21449503). The gr"
"6401","82","pmc:PMC12674742","syn21449503","with IDs syn20933797 and syn21449503). The graphical abstract"
"6402","82","pmc:PMC12674742","syn20933797","https://doi.org/10.7303/syn20933797 . To facilitate reproduc"
"6403","82","pmc:PMC12675299","syn21438358","re obtained from Synapse syn21438358. The gene count matrix a"
"6404","82","pmc:PMC12675299","syn31512863","downloaded from Synapse syn31512863 (ref. 17 ). All downstre"
"6405","82","pmc:PMC12675371","syn17038081","/www.synapse.org/Synapse:syn17038081/wiki/585622 . All the co"
"6406","82","pmc:PMC12677611","syn20933797","https://doi.org/10.7303/syn20933797 ). AD patients ( n = 23)"
"6407","82","pmc:PMC12679821","syn11801889","ww.synapse.org/#!Synapse:syn11801889 ) ( Figure 4A ). This an"
"6408","82","pmc:PMC12679821","syn11801889","ww.synapse.org/#!Synapse:syn11801889 ) and used SignatureEsti"
"6409","83","pmc:PMC12685852","syn51186045","/www.synapse.org/Synapse:syn51186045/wiki/621356 . Taskén A."
"6410","83","pmc:PMC12689637","syn3163039","tory with the Synapse ID syn3163039 94 . The second dataset,"
"6411","83","pmc:PMC12689637","syn3159438","tory with the Synapse ID syn3159438 95 . All samples were co"
"6412","83","pmc:PMC12689637","syn22079621","tory with the Synapse ID syn22079621. This dataset includes s"
"6413","83","pmc:PMC12689637","syn3163039","seq dataset (Synapse ID: syn3163039) 94 and MSBB RNA-seq dat"
"6414","83","pmc:PMC12689637","syn3159438","seq dataset (Synapse ID: syn3159438) 95 . R script code avai"
"6415","84","pmc:PMC12695664","syn51365301","ww.synapse.org/#!Synapse:syn51365301 ). GTEx v8 eQTL data can"
"6416","84","pmc:PMC12697722","syn3219045","sPage/StudyDetails?Study=syn3219045 ) and the Rush Alzheimer"
"6417","84","pmc:PMC12697720","syn26365932","onsortium. Visit 10.7303/syn26365932 for a complete list of g"
"6418","84","pmc:PMC12697720","syn3219045","ROSMAP (accession code: syn3219045 ), Cain 20 and Fujita 8"
"6419","84","pmc:PMC12697720","syn23650894","ujita 8 (accession code: syn23650894 ), Mathys 18 (accession"
"6420","84","pmc:PMC12697720","syn18485175","thys 18 (accession code: syn18485175 ), Zhou 19 (accession co"
"6421","84","pmc:PMC12697720","syn21670836","Zhou 19 (accession code: syn21670836 ), Sun 16 (accession cod"
"6422","84","pmc:PMC12697720","syn52293417","Sun 16 (accession code: syn52293417 ), Huang 21 (accession c"
"6423","84","pmc:PMC12697720","syn50670858","uang 21 (accession code: syn50670858 ), and Ruzicka 22 (acces"
"6424","84","pmc:PMC12697720","syn22755055","icka 22 (accession code: syn22755055 ) data were downloaded f"
"6425","84","pmc:PMC12697720","syn52335732","m Zenodo (accession code syn52335732 ). The MetaBrain eQTL su"
"6426","84","pmc:PMC12698763","syn51364943","/www.synapse.org/Synapse:syn51364943 ). Protein pairs with kn"
"6427","85","pmc:PMC12710650","syn22889333","/www.synapse.org/Synapse:syn22889333 TCGA CNV Data clinical_P"
"6428","85","pmc:PMC12710827","syn69931740","https://doi.org/10.7303/syn69931740 ). COVID data : The unpr"
"6429","85","pmc:PMC12711569","syn69822201","aset IDs: bowhead whale: syn69822201 , syn69822202 , syn69822"
"6430","85","pmc:PMC12711569","syn69822202","ead whale: syn69822201 , syn69822202 , syn69822206 , syn69822"
"6431","85","pmc:PMC12711569","syn69822206","69822201 , syn69822202 , syn69822206 , syn69822205 , syn69776"
"6432","85","pmc:PMC12711569","syn69822205","69822202 , syn69822206 , syn69822205 , syn69776655 , syn69776"
"6433","85","pmc:PMC12711569","syn69776655","69822206 , syn69822205 , syn69776655 , syn69776673 , syn69776"
"6434","85","pmc:PMC12711569","syn69776673","69822205 , syn69776655 , syn69776673 , syn69776639 , syn65855"
"6435","85","pmc:PMC12711569","syn69776639","69776655 , syn69776673 , syn69776639 , syn65855481 , syn65855"
"6436","85","pmc:PMC12711569","syn65855481","69776673 , syn69776639 , syn65855481 , syn65855514 , syn65855"
"6437","85","pmc:PMC12711569","syn65855514","69776639 , syn65855481 , syn65855514 , syn65855552 , syn69766"
"6438","85","pmc:PMC12711569","syn65855552","65855481 , syn65855514 , syn65855552 , syn69766212 , syn69766"
"6439","85","pmc:PMC12711569","syn69766212","65855514 , syn65855552 , syn69766212 , syn69766211 , syn69766"
"6440","85","pmc:PMC12711569","syn69766211","65855552 , syn69766212 , syn69766211 , syn69766232 , syn69766"
"6441","85","pmc:PMC12711569","syn69766232","69766212 , syn69766211 , syn69766232 , syn69766213 , syn69766"
"6442","85","pmc:PMC12711569","syn69766213","69766211 , syn69766232 , syn69766213 , syn69766210 , syn69766"
"6443","85","pmc:PMC12711569","syn69766210","69766232 , syn69766213 , syn69766210 , syn69766223 ; cow: syn"
"6444","85","pmc:PMC12711569","syn69766223","69766213 , syn69766210 , syn69766223 ; cow: syn69822232 , syn"
"6445","85","pmc:PMC12711569","syn69822232","210 , syn69766223 ; cow: syn69822232 , syn69822231 , syn69776"
"6446","85","pmc:PMC12711569","syn69822231","223 ; cow: syn69822232 , syn69822231 , syn69776659 , syn69776"
"6447","85","pmc:PMC12711569","syn69776659","69822232 , syn69822231 , syn69776659 , syn69776670 , syn69776"
"6448","85","pmc:PMC12711569","syn69776670","69822231 , syn69776659 , syn69776670 , syn69776669 , syn65856"
"6449","85","pmc:PMC12711569","syn69776669","69776659 , syn69776670 , syn69776669 , syn65856670 , syn65856"
"6450","85","pmc:PMC12711569","syn65856670","69776670 , syn69776669 , syn65856670 , syn65856673 , syn65856"
"6451","85","pmc:PMC12711569","syn65856673","69776669 , syn65856670 , syn65856673 , syn65856668 , syn69766"
"6452","85","pmc:PMC12711569","syn65856668","65856670 , syn65856673 , syn65856668 , syn69766237 , syn69766"
"6453","85","pmc:PMC12711569","syn69766237","65856673 , syn65856668 , syn69766237 , syn69766263 , syn69766"
"6454","85","pmc:PMC12711569","syn69766263","65856668 , syn69766237 , syn69766263 , syn69766264 , syn69766"
"6455","85","pmc:PMC12711569","syn69766264","69766237 , syn69766263 , syn69766264 , syn69766265 , syn69766"
"6456","85","pmc:PMC12711569","syn69766265","69766263 , syn69766264 , syn69766265 , syn69766260 , syn69766"
"6457","85","pmc:PMC12711569","syn69766260","69766264 , syn69766265 , syn69766260 , syn69766266 ; mouse: s"
"6458","85","pmc:PMC12711569","syn69766266","69766265 , syn69766260 , syn69766266 ; mouse: syn69822242 , s"
"6459","85","pmc:PMC12711569","syn69822242","0 , syn69766266 ; mouse: syn69822242 , syn69822243 , syn69776"
"6460","85","pmc:PMC12711569","syn69822243","6 ; mouse: syn69822242 , syn69822243 , syn69776661 , syn69776"
"6461","85","pmc:PMC12711569","syn69776661","69822242 , syn69822243 , syn69776661 , syn69776671 , syn69776"
"6462","85","pmc:PMC12711569","syn69776671","69822243 , syn69776661 , syn69776671 , syn69776686 , syn65855"
"6463","85","pmc:PMC12711569","syn69776686","69776661 , syn69776671 , syn69776686 , syn65855200 , syn65855"
"6464","85","pmc:PMC12711569","syn65855200","69776671 , syn69776686 , syn65855200 , syn65855231 , syn65855"
"6465","85","pmc:PMC12711569","syn65855231","69776686 , syn65855200 , syn65855231 , syn65855263 , syn69766"
"6466","85","pmc:PMC12711569","syn65855263","65855200 , syn65855231 , syn65855263 , syn69766378 , syn69766"
"6467","85","pmc:PMC12711569","syn69766378","65855231 , syn65855263 , syn69766378 , syn69766379 , syn69766"
"6468","85","pmc:PMC12711569","syn69766379","65855263 , syn69766378 , syn69766379 , syn69766374 , syn69766"
"6469","85","pmc:PMC12711569","syn69766374","69766378 , syn69766379 , syn69766374 , syn69766380 , syn69766"
"6470","85","pmc:PMC12711569","syn69766380","69766379 , syn69766374 , syn69766380 , syn69766375 , syn69766"
"6471","85","pmc:PMC12711569","syn69766375","69766374 , syn69766380 , syn69766375 , syn69766435 ; human: s"
"6472","85","pmc:PMC12711569","syn69766435","69766380 , syn69766375 , syn69766435 ; human: syn69822244 , s"
"6473","85","pmc:PMC12711569","syn69822244","5 , syn69766435 ; human: syn69822244 , syn69822245 ; blind mo"
"6474","85","pmc:PMC12711569","syn69822245","5 ; human: syn69822244 , syn69822245 ; blind mole rat: syn658"
"6475","85","pmc:PMC12711569","syn65856679","822245 ; blind mole rat: syn65856679 , syn65856678 , syn65856"
"6476","85","pmc:PMC12711569","syn65856678","mole rat: syn65856679 , syn65856678 , syn65856666 , syn69766"
"6477","85","pmc:PMC12711569","syn65856666","65856679 , syn65856678 , syn65856666 , syn69766519 , syn69766"
"6478","85","pmc:PMC12711569","syn69766519","65856678 , syn65856666 , syn69766519 , syn69766522 , syn69766"
"6479","85","pmc:PMC12711569","syn69766522","65856666 , syn69766519 , syn69766522 , syn69766523 , syn69766"
"6480","85","pmc:PMC12711569","syn69766523","69766519 , syn69766522 , syn69766523 , syn69766526 , syn69766"
"6481","85","pmc:PMC12711569","syn69766526","69766522 , syn69766523 , syn69766526 , syn69766527 , syn69766"
"6482","85","pmc:PMC12711569","syn69766527","69766523 , syn69766526 , syn69766527 , syn69766528 ; deer mou"
"6483","85","pmc:PMC12711569","syn69766528","69766526 , syn69766527 , syn69766528 ; deer mouse: syn6585667"
"6484","85","pmc:PMC12711569","syn65856677","yn69766528 ; deer mouse: syn65856677 , syn65855101 , syn65855"
"6485","85","pmc:PMC12711569","syn65855101","eer mouse: syn65856677 , syn65855101 , syn65855170 , syn69766"
"6486","85","pmc:PMC12711569","syn65855170","65856677 , syn65855101 , syn65855170 , syn69766563 , syn69766"
"6487","85","pmc:PMC12711569","syn69766563","65855101 , syn65855170 , syn69766563 , syn69766565 , syn69766"
"6488","85","pmc:PMC12711569","syn69766565","65855170 , syn69766563 , syn69766565 , syn69766564 , syn69766"
"6489","85","pmc:PMC12711569","syn69766564","69766563 , syn69766565 , syn69766564 , syn69766583 , syn69766"
"6490","85","pmc:PMC12711569","syn69766583","69766565 , syn69766564 , syn69766583 , syn69766582 , syn69766"
"6491","85","pmc:PMC12711569","syn69766582","69766564 , syn69766583 , syn69766582 , syn69766584 ; beaver:"
"6492","85","pmc:PMC12711569","syn69766584","69766583 , syn69766582 , syn69766584 ; beaver: syn65855292 ,"
"6493","85","pmc:PMC12711569","syn65855292",", syn69766584 ; beaver: syn65855292 , syn65855322 , syn65855"
"6494","85","pmc:PMC12711569","syn65855322","; beaver: syn65855292 , syn65855322 , syn65855353 , syn69766"
"6495","85","pmc:PMC12711569","syn65855353","65855292 , syn65855322 , syn65855353 , syn69766496 , syn69766"
"6496","85","pmc:PMC12711569","syn69766496","65855322 , syn65855353 , syn69766496 , syn69766497 , syn69766"
"6497","85","pmc:PMC12711569","syn69766497","65855353 , syn69766496 , syn69766497 , syn69766495 , syn69766"
"6498","85","pmc:PMC12711569","syn69766495","69766496 , syn69766497 , syn69766495 , syn69766511 , syn69766"
"6499","85","pmc:PMC12711569","syn69766511","69766497 , syn69766495 , syn69766511 , syn69766510 , syn69766"
"6500","85","pmc:PMC12711569","syn69766510","69766495 , syn69766511 , syn69766510 , syn69766512 ; rat: syn"
"6501","85","pmc:PMC12711569","syn69766512","69766511 , syn69766510 , syn69766512 ; rat: syn65855386 , syn"
"6502","85","pmc:PMC12711569","syn65855386","510 , syn69766512 ; rat: syn65855386 , syn65855420 , syn65855"
"6503","85","pmc:PMC12711569","syn65855420","512 ; rat: syn65855386 , syn65855420 , syn65855451 , syn69766"
"6504","85","pmc:PMC12711569","syn65855451","65855386 , syn65855420 , syn65855451 , syn69766638 , syn69766"
"6505","85","pmc:PMC12711569","syn69766638","65855420 , syn65855451 , syn69766638 , syn69766639 , syn69766"
"6506","85","pmc:PMC12711569","syn69766639","65855451 , syn69766638 , syn69766639 , syn69766640 , syn69766"
"6507","85","pmc:PMC12711569","syn69766640","69766638 , syn69766639 , syn69766640 , syn69766659 , syn69766"
"6508","85","pmc:PMC12711569","syn69766659","69766639 , syn69766640 , syn69766659 , syn69766653 , syn69766"
"6509","85","pmc:PMC12711569","syn69766653","69766640 , syn69766659 , syn69766653 , syn69766660 ; chinchil"
"6510","85","pmc:PMC12711569","syn69766660","69766659 , syn69766653 , syn69766660 ; chinchilla: syn6585558"
"6511","85","pmc:PMC12711569","syn65855584","yn69766660 ; chinchilla: syn65855584 , syn65855617 , syn65855"
"6512","85","pmc:PMC12711569","syn65855617","hinchilla: syn65855584 , syn65855617 , syn65855648 , syn69766"
"6513","85","pmc:PMC12711569","syn65855648","65855584 , syn65855617 , syn65855648 , syn69766545 , syn69766"
"6514","85","pmc:PMC12711569","syn69766545","65855617 , syn65855648 , syn69766545 , syn69766544 , syn69766"
"6515","85","pmc:PMC12711569","syn69766544","65855648 , syn69766545 , syn69766544 , syn69766543 , syn69766"
"6516","85","pmc:PMC12711569","syn69766543","69766545 , syn69766544 , syn69766543 , syn69766552 , syn69766"
"6517","85","pmc:PMC12711569","syn69766552","69766544 , syn69766543 , syn69766552 , syn69766551 , syn69766"
"6518","85","pmc:PMC12711569","syn69766551","69766543 , syn69766552 , syn69766551 , syn69766553 ; naked mo"
"6519","85","pmc:PMC12711569","syn69766553","69766552 , syn69766551 , syn69766553 ; naked mole rat: syn658"
"6520","85","pmc:PMC12711569","syn65855679","766553 ; naked mole rat: syn65855679 , syn65855711 , syn65855"
"6521","85","pmc:PMC12711569","syn65855711","mole rat: syn65855679 , syn65855711 , syn65855749 , syn69766"
"6522","85","pmc:PMC12711569","syn65855749","65855679 , syn65855711 , syn65855749 , syn69766456 , syn69766"
"6523","85","pmc:PMC12711569","syn69766456","65855711 , syn65855749 , syn69766456 , syn69766455 , syn69766"
"6524","85","pmc:PMC12711569","syn69766455","65855749 , syn69766456 , syn69766455 , syn69766461 , syn69766"
"6525","85","pmc:PMC12711569","syn69766461","69766456 , syn69766455 , syn69766461 , syn69766466 , syn69766"
"6526","85","pmc:PMC12711569","syn69766466","69766455 , syn69766461 , syn69766466 , syn69766467 , syn69766"
"6527","85","pmc:PMC12711569","syn69766467","69766461 , syn69766466 , syn69766467 , syn69766468 ; guinea p"
"6528","85","pmc:PMC12711569","syn69766468","69766466 , syn69766467 , syn69766468 ; guinea pig: syn6585578"
"6529","85","pmc:PMC12711569","syn65855780","yn69766468 ; guinea pig: syn65855780 , syn65855818 , syn65855"
"6530","85","pmc:PMC12711569","syn65855818","uinea pig: syn65855780 , syn65855818 , syn65855849 , syn69766"
"6531","85","pmc:PMC12711569","syn65855849","65855780 , syn65855818 , syn65855849 , syn69766358 , syn69766"
"6532","85","pmc:PMC12711569","syn69766358","65855818 , syn65855849 , syn69766358 , syn69766360 , syn69766"
"6533","85","pmc:PMC12711569","syn69766360","65855849 , syn69766358 , syn69766360 , syn69766275 , syn69766"
"6534","85","pmc:PMC12711569","syn69766275","69766358 , syn69766360 , syn69766275 , syn69766361 , syn69766"
"6535","85","pmc:PMC12711569","syn69766361","69766360 , syn69766275 , syn69766361 , syn69766359 , syn69766"
"6536","85","pmc:PMC12711569","syn69766359","69766275 , syn69766361 , syn69766359 , syn69766362 . Code ava"
"6537","85","pmc:PMC12711569","syn69766362","69766361 , syn69766359 , syn69766362 . Code availability All"
"6538","85","pmc:PMC12711581","syn49637038","ageing dataset: synapse (syn49637038); pre-RA dataset ( https"
"6539","85","pmc:PMC12715697","syn61250768","/www.synapse.org/Synapse:syn61250768 ). REFERENCES 1 Jack CR"
"6540","86","pmc:PMC12720097","syn22795973","bito et al. 15 (Synapse: syn22795973). The light exposure exp"
"6541","86","pmc:PMC12721320","syn8612096","apse (synapse.org; SynID syn8612096). To validate fusion tra"
"6542","86","pmc:PMC12721524","syn511569100029","dPerf systems [ 24 ] (ID syn511569100029) and Aston University Co"
"6543","86","pmc:PMC12722300","syn53641849","under the accession code syn53641849 29 . Processed scRNAseq"
"6544","86","pmc:PMC12722300","syn53641849","under the accession code syn53641849 [ https://www.synapse.or"
"6545","86","pmc:PMC12722300","syn53641849","/www.synapse.org/Synapse:syn53641849 ]. All display items pre"
"6546","86","pmc:PMC12722300","syn53641849","under the accession code syn53641849 [ https://www.synapse.or"
"6547","86","pmc:PMC12722300","syn53641849","/www.synapse.org/Synapse:syn53641849 ]. All display items pre"
"6548","86","pmc:PMC12723882","syn63710705","study (Accession number syn63710705) are available at Synaps"
"6549","86","pmc:PMC12724492","syn71742374","/www.synapse.org/Synapse:syn71742374/ . Code used for the loo"
"6550","86","pmc:PMC12725934","syn25922167","ENCODE Knowledge Portal (syn25922167) were analyzed to invest"
"6551","87","pmc:PMC12738520","syn22283382","dge Portal (Synapse IDs: syn22283382; syn2230160). We include"
"6552","87","pmc:PMC12738520","syn2230160","ynapse IDs: syn22283382; syn2230160). We included 28 cases t"
"6553","88","pmc:PMC12741935","syn25428992","AD endophenotypic space (syn25428992.v10 18 ). 2.9 Statistica"
"6554","88","pmc:PMC12741935","syn68716168","networks Synapse portal, syn68716168, with code available fro"
"6555","88","pmc:PMC12742847","syn51757664","(AD Knowledge Portal 35 syn51757664, syn21261728) and analyz"
"6556","88","pmc:PMC12742847","syn21261728","e Portal 35 syn51757664, syn21261728) and analyzed to identif"
"6557","88","pmc:PMC12742847","syn59611693","/www.synapse.org/Synapse:syn59611693 and https://www.synapse."
"6558","88","pmc:PMC12742847","syn21261728","/www.synapse.org/Synapse:syn21261728 . The demographic detail"
"6559","88","pmc:PMC12742847","syn59611693","/www.synapse.org/Synapse:syn59611693 ; ROSMAP: https://www.sy"
"6560","88","pmc:PMC12742847","syn21261728","/www.synapse.org/Synapse:syn21261728 ). The single-cell RNA s"
"6561","88","pmc:PMC12745176","syn2580853","et (AD Knowledge Portal: syn2580853) derived from dorsolater"
"6562","88","pmc:PMC12745176","syn31512863","Portal Accession Number: syn31512863) were collected by the R"
"6563","88","pmc:PMC12745176","syn52146347","A‐seq dataset of SEA‐AD (syn52146347) consisted of 1.2 millio"
"6564","88","pmc:PMC12745176","syn31512863","ww.synapse.org/#!Synapse:syn31512863 ). FASTQ files of SEA‐AD"
"6565","88","pmc:PMC12745176","syn26223298","onetworks (accession no. syn26223298). Processed SEA‐AD snRNA"
"6566","88","pmc:PMC12745470","syn52368905","Synapse in January 2024 (syn52368905). Additional analyses we"
"6567","88","pmc:PMC12745470","syn52408592","napse in September 2024 (syn52408592). This data is derived f"
"6568","88","pmc:PMC12745470","syn52293417","Portal on Synapse under syn52293417; individual-level ROSMAP"
"6569","88","pmc:PMC12745470","syn52430346","data is available under syn52430346 and syn3191087. Addition"
"6570","88","pmc:PMC12745470","syn3191087","le under syn52430346 and syn3191087. Additional ROSMAP resou"
"6571","88","pmc:PMC12745470","syn26223298","Portal on Synapse under syn26223298. All code used in this a"
"6572","88","pmc:PMC12746590","syn27068762","ementary Table 2 , MSBB, syn27068762, p = 6.14e–09; Mayo, syn"
"6573","88","pmc:PMC12746590","syn27024969","762, p = 6.14e–09; Mayo, syn27024969, p = 4.23e–08, Wilcoxon"
"6574","88","pmc:PMC12746590","syn21241740","seq Harmonization Study (syn21241740) of 3 datasets (Mayo, MS"
"6575","88","pmc:PMC12747269","syn66520062","https://doi.org/10.7303/syn66520062 . This paper also analyz"
"6576","88","pmc:PMC12748969","syn18485175","/www.synapse.org/Synapse:syn18485175 ) as described in the or"
"6577","88","pmc:PMC12748969","syn3388564","cingulate (AC) regions (syn3388564) ( https://www.synapse.o"
"6578","88","pmc:PMC12748969","syn3388564","/www.synapse.org/Synapse:syn3388564 ) 134 ; and (3) Non-targ"
"6579","88","pmc:PMC12748969","syn3157322","a from the DLPFC region (syn3157322) ( https://www.synapse.o"
"6580","88","pmc:PMC12748969","syn3157322","/www.synapse.org/Synapse:syn3157322 ) 135 . Key clinical and"
"6581","88","pmc:PMC12748969","syn18485175","/www.synapse.org/Synapse:syn18485175 ); bulk RNA-seq data of"
"6582","88","pmc:PMC12748969","syn3388564","cingulate (AC) regions (syn3388564) 134 ( https://synapse.o"
"6583","88","pmc:PMC12748969","syn3388564","ps://synapse.org/Synapse:syn3388564 ); and the non-targeted"
"6584","88","pmc:PMC12748969","syn3157322","data form DLPFC region (syn3157322) ( https://www.synapse.o"
"6585","88","pmc:PMC12748969","syn3157322","/www.synapse.org/Synapse:syn3157322 ). Key clinical and path"
"6586","88","pmc:PMC12749580","syn51365303","ww.synapse.org/#!Synapse:syn51365303 ), measured using the Ol"
"6587","89","pmc:PMC12751433","syn51364943","ww.synapse.org/#!Synapse:syn51364943/files/ ) [ 10 ] and the"
"6588","89","pmc:PMC12751461","syn53708249","/www.synapse.org/Synapse:syn53708249/wiki/627759 ), which foc"
"6589","89","pmc:PMC12751461","syn53708249","ject through Synapse ID (syn53708249). The data are available"
"6590","89","pmc:PMC12751461","syn53708249","/www.synapse.org/Synapse:syn53708249/wiki/627759 . Declaratio"
"6591","89","pmc:PMC12753137","syn26720920","/www.synapse.org/Synapse:syn26720920/wiki/ (11/18/2025 last a"
"6592","89","pmc:PMC12753234","syn8228304","/www.synapse.org/Synapse:syn8228304/wiki/413428 ), in which"
"6593","89","pmc:PMC12756232","syn26376615","/www.synapse.org/Synapse:syn26376615/wiki/613312 • CVC-colonD"
"6594","90","pmc:PMC12765888","syn3193805","ww.synapse.org/#!Synapse:syn3193805/wiki/217780 26 Chen Y Ya"
"6595","90","pmc:PMC12766903","syn25569736","s obtained from Synapse (syn25569736). Tumor cells were isola"
"6596","90","pmc:PMC12769681","syn21041850","44 cell types (Synapse: syn21041850/wiki/600865, accessed 20"
"6597","91","pmc:PMC12772118","syn8483403",".synapse.org/Home:x , ID syn8483403); Urine metabolomics: Me"
"6598","91","pmc:PMC12776257","syn51364943","/www.synapse.org/Synapse:syn51364943/wiki/622119/ ) [ 9 ]. Ba"
"6599","91","pmc:PMC12776348","syn51355584","rg/repo/v1/doi/locate?id=syn51355584&type=ENTITY . Beerenwink"
"6600","92","pmc:PMC12782156","syn44132374","/www.synapse.org/Synapse:syn44132374 with Synapse ID syn44132"
"6601","92","pmc:PMC12782156","syn44132374","44132374 with Synapse ID syn44132374. REFERENCES 1 Rajan KB ,"
"6602","93","pmc:PMC12795018","syn51365303","ww.synapse.org/#!Synapse:syn51365303 ). The pQTL of 2940 prot"
"6603","93","pmc:PMC12796112","syn53177242","btained from synapse.org syn53177242. Brain tissue from the d"
"6604","93","pmc:PMC12796112","syn64396764","https://www.synapse.org syn64396764. The 2024 human Uniprot"
"6605","94","pmc:PMC12802651","syn13363443","/www.synapse.org/Synapse:syn13363443 Summary statistics for m"
"6606","94","pmc:PMC12802741","syn45351388","/www.synapse.org/Synapse:syn45351388/files/ Raw and processed"
"6607","94","pmc:PMC12802741","syn51105515","/www.synapse.org/Synapse:syn51105515/files/ Software and algo"
"6608","94","pmc:PMC12802741","syn51105515","/www.synapse.org/Synapse:syn51105515/files/ and https://www.n"
"6609","94","pmc:PMC12802741","syn45351388","/www.synapse.org/Synapse:syn45351388/files/ . To allow for th"
"6610","94","pmc:PMC12807598","syn53694312","ial cell processes (Lung_syn53694312, Module_8) was marginal"
"6611","94","pmc:PMC12807863","syn51396703","/www.synapse.org/Synapse:syn51396703 ; AGES pQTL summary stat"
"6612","94","pmc:PMC12808724","syn51156910","latform under Synapse ID syn51156910. The BraTS 2024 dataset"
"6613","94","pmc:PMC12808724","syn53708249","portal under Synapse ID syn53708249. References 1. Çiçek, Ö."
"6614","95","pmc:PMC12813248","syn1688369","napse software platform (syn1688369, Sage Bionetwors, Seattl"
"6615","95","pmc:PMC12816678","syn3193805","ww.synapse.org/#!Synapse:syn3193805/wiki/217789 ) to pretrai"
"6616","95","pmc:PMC12817070","syn17038081","www.synapse.org/Synapse: syn17038081 . TCGA data are availabl"
"6617","96","pmc:PMC12822933","syn11374339","https://doi.org/10.7303/syn11374339 ) [ 58 ]. The processed"
"6618","96","pmc:PMC12822933","syn29529772","cs data are available at syn29529772 (RNA-seq), syn29346753 ("
"6619","96","pmc:PMC12822933","syn29346753","t syn29529772 (RNA-seq), syn29346753 (WES), and syn35832496 ("
"6620","96","pmc:PMC12822933","syn35832496",", syn29346753 (WES), and syn35832496 (WGS). Raw genomic datas"
"6621","96","pmc:PMC12822933","syn29390037","etadata are available at syn29390037.1 (RNA-seq), syn39613693"
"6622","96","pmc:PMC12822933","syn39613693","syn29390037.1 (RNA-seq), syn39613693.1 (WES), and syn39613866"
"6623","96","pmc:PMC12822933","syn39613866","syn39613693.1 (WES), and syn39613866.1 (WGS). Analysis code i"
"6624","96","pmc:PMC12823390","syn64923248","/www.synapse.org/Synapse:syn64923248/wiki/630992 (ref. 86 ))."
"6625","96","pmc:PMC12823400","syn70083418","/www.synapse.org/Synapse:syn70083418/wiki/635413 . The ROSMAP"
"6626","96","pmc:PMC12823400","syn10235595","/www.synapse.org/Synapse:syn10235595 ) can be accessed throug"
"6627","96","pmc:PMC12824624","syn25672226","ww.synapse.org/#!Synapse:syn25672226 . The GTEx brain RNA-seq"
"6628","96","pmc:PMC12824624","syn4921369","), PsychENCODE (Synapse: syn4921369), and AMP-AD (Synapse: s"
"6629","96","pmc:PMC12824624","syn5550382","9), and AMP-AD (Synapse: syn5550382). A full list of acknowl"
"6630","96","pmc:PMC12828041","syn33521743","et al . scRNA-seq data (syn33521743) re-annotated with scROS"
"6631","96","pmc:PMC12828041","syn33521743","from Synapse (accession: syn33521743). Cells were re-annotate"
"6632","96","pmc:PMC12828041","syn33521743","pse under accession code syn33521743 . Cohort 3 data are avai"
"6633","96","pmc:PMC12828970","syn20801227","r Mount Sinai Brain Bank syn20801227 AD knowledge portal RAM,"
"6634","97","pmc:PMC12834424","syn31512863","ths) Green et al. [ 18 ] syn31512863 Transcriptomics snRNA-se"
"6635","97","pmc:PMC12835001","syn4993293","ww.synapse.org/#!Synapse:syn4993293 ) used to explore new te"
"6636","97","pmc:PMC12835001","syn4993293","ww.synapse.org/#!Synapse:syn4993293 . Size and diversity Whi"
"6637","97","pmc:PMC12838086","syn21048999","ww.synapse.org/#!Synapse:syn21048999 [ 4 , 28 ], and we retri"
"6638","97","pmc:PMC12838086","syn2104899","21. 35311072 28. Synapse:syn2104899. https://www.synapse.org"
"6639","97","pmc:PMC12838086","syn2104899","ww.synapse.org/#!Synapse:syn2104899 . Accessed 30–03–2024. 2"
"6640","98","pmc:PMC12848908","syn2580853","AMP‐AD Knowledge Portal (syn2580853). Brain regions were sel"
"6641","98","pmc:PMC12848908","syn53185479","om contributing centers (syn53185479) using protocol previous"
"6642","99","pmc:PMC12851831","syn21347564","is available at Synapse: syn21347564. The MSBB human PHG bulk"
"6643","99","pmc:PMC12851831","syn20801188","is available at Synapse: syn20801188. The ROSMAP bulk RNA-seq"
"6644","99","pmc:PMC12851831","syn4164376","re available at Synpase: syn4164376 and Synapse: syn21261728"
"6645","99","pmc:PMC12851831","syn21261728","syn4164376 and Synapse: syn21261728, respectively. The BLSA"
"6646","99","pmc:PMC12851831","syn9884368","is available at Synapse: syn9884368. The ROSMAP snRNA-seq da"
"6647","99","pmc:PMC12851831","syn52293417","is available at Synapse: syn52293417. The human APOE snRNA da"
"6648","99","pmc:PMC12851831","syn69761616","/www.synapse.org/Synapse:syn69761616 . STAR★METHODS EXPERIMEN"
"6649","99","pmc:PMC12851831","syn6101474","on Synapse (Synapse ID: syn6101474 at https://www.synapse.o"
"6650","99","pmc:PMC12851831","syn6101474","/www.synapse.org/Synapse:syn6101474 ). Note, for the PHG reg"
"6651","99","pmc:PMC12851831","syn21347564","on Synapse (Synpase ID: syn21347564). For the Religious Orde"
"6652","99","pmc:PMC12851831","syn21261728","teomic data (Synapse ID: syn21261728) in the prefrontal corte"
"6653","99","pmc:PMC12851831","syn4164376","NA-seq data (Synapse ID: syn4164376) in the PFC from 623 pos"
"6654","99","pmc:PMC12851831","syn3191087","/www.synapse.org/Synapse:syn3191087 . For The Baltimore Long"
"6655","99","pmc:PMC12851831","syn9884368","teomic data (Synapse ID: syn9884368) in the prefrontal corte"
"6656","99","pmc:PMC12851831","syn7417639","/www.synapse.org/Synapse:syn7417639 . Human Induced Pluripot"
"6657","99","pmc:PMC12851831","syn21347564","MSBB cohort (Synapse ID: syn21347564). Protein extraction and"
"6658","99","pmc:PMC12851831","syn32539359","rom Synapse (Synapse ID: syn32539359 28 , 29 , 38 , 39 ). Pro"
"6659","99","pmc:PMC12851831","syn9884368","rom Synapse (Synapse ID: syn9884368). The method for preproc"
"6660","99","pmc:PMC12851831","syn20801188","anges in AD (Synapse ID: syn20801188 11 , 40 , 42 ). Single-e"
"6661","99","pmc:PMC12851831","syn3219045","al with accession number syn3219045 and then went through re"
"6662","99","pmc:PMC12852879","syn52458609","HGSOC scRNA-seq data 16 (syn52458609) also confirmed the simi"
"6663","99","pmc:PMC12852879","syn52458609","ll.6) in a HGSOC cohort (syn52458609) 16 (Supplementary Fig."
"6664","99","pmc:PMC12852879","syn52458609",") under accession number syn52458609 ; and 10.6084/m9.figshar"
"6665","99","pmc:PMC12853123","syn44132374","red to by the Synapse as syn44132374 [ 18 ], syn20821165-coho"
"6666","99","pmc:PMC12853123","syn20821165","e as syn44132374 [ 18 ], syn20821165-cohort 1 [ 15 ], syn2082"
"6667","99","pmc:PMC12853123","syn20821165","0821165-cohort 1 [ 15 ], syn20821165-cohort 4 [ 15 ], syn2082"
"6668","99","pmc:PMC12853123","syn20821165","0821165-cohort 4 [ 15 ], syn20821165-discovery [ 15 ], syn209"
"6669","99","pmc:PMC12853123","syn20933797","821165-discovery [ 15 ], syn20933797-cohort 1 [ 16 ], syn2093"
"6670","99","pmc:PMC12853123","syn20933797","0933797-cohort 1 [ 16 ], syn20933797-cohort 2 [ 16 ], syn3054"
"6671","99","pmc:PMC12853123","syn30549757","0933797-cohort 2 [ 16 ], syn30549757-neat [ 19 ], and syn3054"
"6672","99","pmc:PMC12853123","syn30549757","0549757-neat [ 19 ], and syn30549757-deplete [ 19 ]). These d"
"6673","99","pmc:PMC12853123","syn52282088","om the Synapse database (syn52282088 [ 20 ] and syn30549757 ["
"6674","99","pmc:PMC12853123","syn30549757","(syn52282088 [ 20 ] and syn30549757 [ 19 ]). There are 513 s"
"6675","99","pmc:PMC12853123","syn44132374","2 transformed. The MSBB, syn44132374, and syn52282088 dataset"
"6676","99","pmc:PMC12853123","syn52282088","e MSBB, syn44132374, and syn52282088 datasets did not require"
"6677","99","pmc:PMC12853123","syn44132374","iginal data for MSBB and syn44132374 had already undergone im"
"6678","99","pmc:PMC12853123","syn52282088","imputation, whereas for syn52282088, the reference did not i"
"6679","99","pmc:PMC12853123","syn52282088","brain tissue, as well as syn52282088 and syn30549757 from the"
"6680","99","pmc:PMC12853123","syn30549757","well as syn52282088 and syn30549757 from the PEA dataset of"
"6681","99","pmc:PMC12853123","syn44132374","d in the TMT dataset are syn44132374, syn20933797 cohort 1, s"
"6682","99","pmc:PMC12853123","syn20933797","dataset are syn44132374, syn20933797 cohort 1, syn20933797 co"
"6683","99","pmc:PMC12853123","syn20933797","4, syn20933797 cohort 1, syn20933797 cohort 2, syn30549757 ne"
"6684","99","pmc:PMC12853123","syn30549757","1, syn20933797 cohort 2, syn30549757 neat, and syn30549757 de"
"6685","99","pmc:PMC12853123","syn30549757","2, syn30549757 neat, and syn30549757 deplete. The study inclu"
"6686","99","pmc:PMC12853123","syn52282088","ed in the PEA dataset is syn52282088. Alt text: Volcano plots"
"6687","99","pmc:PMC12853123","syn44132374","validation data included syn44132374, syn20933797_cohort 1, s"
"6688","99","pmc:PMC12853123","syn20933797","ta included syn44132374, syn20933797_cohort 1, syn20933797_co"
"6689","99","pmc:PMC12853123","syn20933797","4, syn20933797_cohort 1, syn20933797_cohort 2, syn30549757_ne"
"6690","99","pmc:PMC12853123","syn30549757","1, syn20933797_cohort 2, syn30549757_neat, syn30549757_deplet"
"6691","99","pmc:PMC12853123","syn30549757","ort 2, syn30549757_neat, syn30549757_deplete, while the testi"
"6692","99","pmc:PMC12853123","syn20821165","he testing data included syn20821165_cohort 1, syn20821165_co"
"6693","99","pmc:PMC12853123","syn20821165","ed syn20821165_cohort 1, syn20821165_cohort 4, and syn2082116"
"6694","99","pmc:PMC12853123","syn20821165","yn20821165_cohort 4, and syn20821165_discovery. In the PEA CS"
"6695","99","pmc:PMC12853123","syn52282088","In the PEA CSF dataset, syn52282088 was used for training an"
"6696","99","pmc:PMC12853123","syn30549757","and validation data, and syn30549757 for testing. Classificat"
"6697","99","pmc:PMC12853123","syn5550382","/www.synapse.org/Synapse:syn5550382 ). Ethics statement Not"
"6698","99","pmc:PMC12858809","syn8466658","aded from Synapse (node: syn8466658). The resulting dataset"
"6699","99","pmc:PMC12858809","syn8466658","data: PsychENCODE portal syn8466658 ( https://nda.nih.gov/pe"
"6700","99","pmc:PMC12858809","syn50897018","ld be found here 10.7303/syn50897018.5. Raw genotype and RNA-"
"6701","99","pmc:PMC12858809","syn21557948","wledge Portal at 10.7303/syn21557948, the HDBR portal at http"
"6702","99","pmc:PMC12859894","syn52293417","Synapse under Synapse ID syn52293417 [ https://www.synapse.or"
"6703","99","pmc:PMC12859894","syn52293417","ww.synapse.org/#!Synapse:syn52293417 ]. The xenografted micro"
"6704","100","pmc:PMC12864628","syn2701943","BC) (Synapse Project ID: syn2701943). Model training was imp"
"6705","100","pmc:PMC12866161","syn55259257","https://doi.org/10.7303/syn55259257 Herlev Jantzen et al. 35"
"6706","100","pmc:PMC12867126","syn4978511","_labels_public_all.txt - syn4978511 - Files ( 24 ). The abun"
"6707","100","pmc:PMC12869966","syn2580853","Data Portal (accession: syn2580853), respectively.Â Varifor"
"6708","100","pmc:PMC12869966","syn2580853","ta Portal. 2015. 10.7303/syn2580853."
"6709","101","pmc:PMC12870711","syn17008939","the Synapse website (id: syn17008939), while the longitudinal"
"6710","101","pmc:PMC12870711","syn2580853","https://doi.org/10.7303/syn2580853 . Longitudinal clinical"
"6711","102","pmc:PMC12880548","syn25569736","ynapse (accession number syn25569736) ( 37 ), and the Gene Ex"
"6712","103","pmc:PMC12880921","syn52559738","/www.synapse.org/Synapse:syn52559738 , using only amyloid-neg"
"6713","103","pmc:PMC12881549","syn35000645","ww.synapse.org/#!Synapse:syn35000645 ). An already pre-proces"
"6714","103","pmc:PMC12884788","syn71779380","/www.synapse.org/Synapse:syn71779380 ). We made use of public"
"6715","103","pmc:PMC12888666","syn21821122","ng Synapse repositories: syn21821122, syn21820011, and syn223"
"6716","103","pmc:PMC12888666","syn21820011","positories: syn21821122, syn21820011, and syn22320329, respec"
"6717","103","pmc:PMC12888666","syn22320329","821122, syn21820011, and syn22320329, respectively.Â TCGA bul"
"6718","103","pmc:PMC12889177","syn51364943","/www.synapse.org/Synapse:syn51364943 ), the deCODE Health stu"
"6719","103","pmc:PMC12889433","syn2580853","5 donors): Project SynID syn2580853. Ref 64 Multiregion (48"
"6720","103","pmc:PMC12889702","syn52293417","34 and Synapse accession syn52293417. Data used in this study"
"6721","103","pmc:PMC12889702","syn52293417",") and Synapse (accession syn52293417). Code availability Baye"
"6722","104","pmc:PMC12890527","syn52297840","CITE-seq dataset (SynID: syn52297840, Release 1.5/V7). Access"
"6723","104","pmc:PMC12894686","syn3193805","/www.synapse.org/Synapse:syn3193805 ] indicates that the hyb"
"6724","104","pmc:PMC12894686","syn51156910","latform under Synapse ID syn51156910. The BraTS 2024 data wer"
"6725","104","pmc:PMC12894686","syn53708249","portal under Synapse ID syn53708249. Additionally, the Beyon"
"6726","104","pmc:PMC12894686","syn3193805","latform under Synapse ID syn3193805. Declarations Competing"
"6727","104","pmc:PMC12895075","syn23446022","ww.synapse.org/#!Synapse:syn23446022 . The data are available"
"6728","104","pmc:PMC12895379","syn3219045","al for the ROSMAP study (syn3219045), with informed consent"
"6729","104","pmc:PMC12895379","syn3219045","/www.synapse.org/Synapse:syn3219045 ). REFERENCES 1 2024 Alz"
"6730","104","pmc:PMC12897638","syn72086670","https://doi.org/10.7303/syn72086670.1 . Conflicts of Interes"
"6731","105","pmc:PMC12901117","syn63862703","e in Synapse under synID syn63862703. Competing interests The"
"6732","105","pmc:PMC12902793","syn25741025","om the Synapse platform (syn25741025). In total, AD risk asso"
"6733","105","pmc:PMC12902793","syn25428992","om the Synapse platform (syn25428992). Of course, because of"
"6734","105","pmc:PMC12903411","syn31512863","/www.synapse.org/Synapse:syn31512863 Raw and Analyzed Data Th"
"6735","105","pmc:PMC12903416","syn25569736","ez-GarcÃ¬a, I. et al. 55 syn25569736 Software and algorithms"
"6736","105","pmc:PMC12906058","syn49637038","ase under accession code syn49637038 [ 26 ]. The Age_Zhu_2023"
"6737","105","pmc:PMC12908495","syn22257780","able S11 ; GSE131928 , 7 syn22257780, 46 GSE157424 , 47 GSE11"
"6738","105","pmc:PMC12909639","syn51364943","/www.synapse.org/Synapse:syn51364943/wiki/622119 ) [ 10 ]. Im"
"6739","105","pmc:PMC12909639","syn51364943","/www.synapse.org/Synapse:syn51364943/wiki/622119 ). Papillary"
"6740","106","pmc:PMC12910048","syn51091849","ect from Synapse (SynID: syn51091849). Counts were pseudobulk"
"6741","106","pmc:PMC12910048","syn51091849","bject on Synpase (SynID: syn51091849). The source data for Fi"
"6742","106","pmc:PMC12910556","syn18485175","se.org/ with synapse ID: syn18485175. This dataset includes 8"
"6743","106","pmc:PMC12912402","syn21560554","ww.synapse.org/#!Synapse:syn21560554 downloaded June 21, 2021"
"6744","106","pmc:PMC12914037","syn12026837","Synapse (doi.org/10.7303/syn12026837.1). The normalized expre"
"6745","106","pmc:PMC12914651","syn61250768","/www.synapse.org/Synapse:syn61250768 . The HABS was funded by"
"6746","106","pmc:PMC12915230","syn18659336",", accessible at Synapse (syn18659336, syn53237600, 44 and syn"
"6747","106","pmc:PMC12915230","syn53237600","at Synapse (syn18659336, syn53237600, 44 and syn53222756 13 )"
"6748","106","pmc:PMC12915230","syn53222756","336, syn53237600, 44 and syn53222756 13 ); the Gene Expressio"
"6749","106","pmc:PMC12915230","syn18659336","t ( n = 8) Hay et al. 44 syn18659336; annotations from syn532"
"6750","106","pmc:PMC12915230","syn53237600","659336; annotations from syn53237600 Healthy adult bone marro"
"6751","106","pmc:PMC12915230","syn53222756","( n = 4) Zhang et al. 13 syn53222756 Healthy fetal bone marro"
"6752","106","pmc:PMC12915230","syn18659336","downloaded from synapse (syn18659336) as a h5ad object, and u"
"6753","106","pmc:PMC12915230","syn53237600","from 13 downloaded from syn53237600. Six other human cohorts"
"6754","106","pmc:PMC12917075","syn1688369","www.synapse.org/Synapse: syn1688369. Code availability The c"
"6755","107","pmc:PMC12920146","syn27665118","ain/R ) and Synapse (ID: syn27665118). Full lists of ligands"
"6756","107","pmc:PMC12920146","syn27665118","//www.synapse.org ) (ID: syn27665118). Source Data are provid"
"6757","107","pmc:PMC12924215","syn51365303","ww.synapse.org/#!Synapse:syn51365303 , respectively. Declarat"
"6758","107","pmc:PMC12928005","syn10901595","/www.synapse.org/Synapse:syn10901595 . References 1 Sanderson"
"6759","107","pmc:PMC12928005","syn10901595","/www.synapse.org/Synapse:syn10901595 . 24 Li Â H . A statisti"
"6760","107","pmc:PMC12928031","syn71758920","platform under accession syn71758920. REFERENCES 1 DeTure M ,"
"6761","107","pmc:PMC12928093","syn61250768","ed via www.synapse.org , syn61250768). 21 Regional SUVRs were"
"6762","107","pmc:PMC12928093","syn61250768","tps://www.synapse.org/ , syn61250768). 21 The AntiâAmyloid"
"6763","107","pmc:PMC12928886","syn2701943","sortium (PCBC) database (syn2701943), mRNAsi was calculated"
"6764","107","pmc:PMC12928886","syn2701943","le in the PCBC database (syn2701943). The mRNAsi calculated"
"6765","107","pmc:PMC12929348","syn21241740","sPage/StudyDetails?Study=syn21241740 ). Declarations Ethics A"
"6766","108","pmc:PMC12930104","syn31512863","QC ROSMAP participants (syn31512863). 31 Eight major cell ty"
"6767","108","pmc:PMC12930843","syn52559388","/www.synapse.org/Synapse:syn52559388/files/ . References Aiza"
"6768","108","pmc:PMC12932102","syn23565056","/www.synapse.org/Synapse:syn23565056/wiki/608635 ) is availab"
"6769","108","pmc:PMC12932393","syn7357283","(AMP-AD) portal (synID: syn7357283). Uniform and stringent"
"6770","108","pmc:PMC12932393","syn25006903","AMP-AD Knowledge Portal (syn25006903). Specifically, we analy"
"6771","108","pmc:PMC12932393","syn23538600","org/ ) under Synapse ID: syn23538600. Access requires creatin"
"6772","108","pmc:PMC12932393","syn7357283","on Synapse (Synapse IDs: syn7357283, syn23650893, syn3157325"
"6773","108","pmc:PMC12932393","syn23650893","Synapse IDs: syn7357283, syn23650893, syn3157325, syn25006903"
"6774","108","pmc:PMC12932393","syn3157325","syn7357283, syn23650893, syn3157325, syn25006903). Microglia"
"6775","108","pmc:PMC12932393","syn25006903","syn23650893, syn3157325, syn25006903). Microglial snRNA seque"
"6776","108","pmc:PMC12933132","syn65643335","tion using Project SynID syn65643335. Computer code: Codes pe"
"6777","109","pmc:PMC12936063","syn2320105",".synapse.org/#!Synapse : syn2320105. Tissue collection Surgi"
"6778","109","pmc:PMC12938180","syn51150434","https://doi.org/10.7303/syn51150434 ). Conflicts of Interest"
"6779","110","pmc:PMC12944474","syn31472953","/www.synapse.org/Synapse:syn31472953 (accessed 12 January 202"
"6780","110","pmc:PMC12944474","syn31472953","/www.synapse.org/Synapse:syn31472953/wiki/ (accessed on 12 Fe"
"6781","110","pmc:PMC12946059","syn26722053","/www.synapse.org/Synapse:syn26722053 ) and recently published"
"6782","110","pmc:PMC12946059","syn26722053","/www.synapse.org/Synapse:syn26722053 The CGFL cohort data are"
"6783","110","pmc:PMC12946203","syn4976369","CBC) dataset (Synapse ID syn4976369) 103 . A predictive mode"
"6784","110","pmc:PMC12946203","syn4976369","ww.synapse.org/#!Synapse:syn4976369 . 104. Kerseviciute, I."
"6785","110","pmc:PMC12946330","syn26223298","q Public on Aug 18, 2016 syn26223298 H. sapiens snRNA-seq snA"
"6786","110","pmc:PMC12946330","syn18485175","q Public on Oct 10, 2017 syn18485175 H. sapiens snRNA-seq (Mo"
"6787","110","pmc:PMC12946330","syn18485175","eren-Shaul et al. 2017 ) syn18485175 syn51272688 H. sapiens s"
"6788","110","pmc:PMC12946330","syn51272688","t al. 2017 ) syn18485175 syn51272688 H. sapiens snRNA-seq (Sa"
"6789","110","pmc:PMC12947467","syn3193805","ww.synapse.org/#!Synapse:syn3193805/wiki/217789 Publisherâ"
"6790","110","pmc:PMC12947467","syn3193805","ww.synapse.org/#!Synapse:syn3193805/wiki/217789 , http://dat"
"6791","110","pmc:PMC12948943","syn59059779","le on Synapse at 10.7303/syn59059779 29 . The testing data (1"
"6792","110","pmc:PMC12948943","syn59059779","le on Synapse at 10.7303/syn59059779 29 . Code availability I"
"6793","110","pmc:PMC12948943","syn59059779","therapy Dataset. 10.7303/syn59059779 (2024). 30. Phil T Albre"
"6794","110","pmc:PMC12948943","syn51514106","ingioma Dataset. 10.7303/syn51514106. 35. Aghi MK Long-term r"
"6795","111","pmc:PMC12951949","syn26223298","m the SEA-AD consortium (syn26223298) ( Gabitto et al. 2024 )"
"6796","111","pmc:PMC12951949","syn26223298","rg/ ) under study number syn26223298 and can be downloaded fr"
"6797","111","pmc:PMC12953892","syn68791943","breast cancer Case 118c (syn68791943) are shown overlaid by t"
"6798","111","pmc:PMC12953892","syn68791943","r organoid preparations (syn68791943). UVABCO case numbers ar"
"6799","111","pmc:PMC12953892","syn68791943","/zsfv-ah12) and Synapse (syn68791943). Declarations Competing"
"6800","111","pmc:PMC12954089","syn2623706","as obtained via synapse (syn2623706) (Guinney et al, 2015 ),"
"6801","111","pmc:PMC12954089","syn2019116","e obtained from Synapse (syn2019116). Additional cohorts wer"
"6802","111","pmc:PMC12954089","syn2181001","so accessed via Synapse (syn2181001, syn2178073, and syn2019"
"6803","111","pmc:PMC12954089","syn2178073","via Synapse (syn2181001, syn2178073, and syn2019118) (Sadana"
"6804","111","pmc:PMC12954089","syn2019118","2181001, syn2178073, and syn2019118) (Sadanandam et al, 2014"
"6805","111","pmc:PMC12955045","syn51364943","/www.synapse.org/Synapse:syn51364943/wiki/622119 ), which inc"
"6806","111","pmc:PMC12955045","syn51364943","/www.synapse.org/Synapse:syn51364943/wiki/622119 ), and GEO ("
"6807","111","pmc:PMC12955872","syn66364497","/www.synapse.org/Synapse:syn66364497/wiki/ , with SynID: syn6"
"6808","111","pmc:PMC12955872","syn66364500","4497/wiki/ , with SynID: syn66364500. References 1 M. Vanland"
"6809","111","pmc:PMC12956583","syn52297840","ynovial scRNA-seq data ( syn52297840 ), micromass organoid sc"
"6810","111","pmc:PMC12957399","syn2580853","P-AD datasets : (10.7303/syn2580853). Mayo Clinic : The Mayo"
"6811","111","pmc:PMC12957399","syn64679864","/www.synapse.org/Synapse:syn64679864 ). The AD Knowledge Port"
"6812","111","pmc:PMC12957399","syn64465911","/www.synapse.org/Synapse:syn64465911 . Competing interests Th"
"6813","111","pmc:PMC12959317","syn2862345","ww.synapse.org/#!Synapse:syn2862345/wiki/72486 ). Proteins o"
"6814","111","pmc:PMC12959317","syn21578893","ww.synapse.org/#!Synapse:syn21578893 ) and quantification of"
"6815","111","pmc:PMC12959317","syn21578893","ww.synapse.org/#!Synapse:syn21578893 ), and IF data are avail"
"6816","112","pmc:PMC12960725","syn51156910","ctÂ (through Synapse ID: syn51156910)Â were additionally incl"
"6817","112","pmc:PMC12961527","syn61609846","NCT05206643 ) (Synapse: syn61609846) (Wang, Li, etÂ al.Â 202"
"6818","112","pmc:PMC12961527","syn61609846","d at Synapse repository (syn61609846). These data were derive"
"6819","112","pmc:PMC12965328","syn7391833","lized bulk RNA-seq data (syn7391833) derived from brain samp"
"6820","112","pmc:PMC12965328","syn24983526","T) based proteomic data (syn24983526) specifically from BM36,"
"6821","112","pmc:PMC12965328","syn7391833","rtal.org/ ). These data (syn7391833 and syn24983526) were ge"
"6822","112","pmc:PMC12965328","syn24983526","ese data (syn7391833 and syn24983526) were generated from pos"
"6823","112","pmc:PMC12968932","syn6165991","immune signature scores (syn6165991) and gene programs (syn1"
"6824","112","pmc:PMC12968932","syn10523725","5991) and gene programs (syn10523725). We next compared the t"
"6825","112","pmc:PMC12969137","syn17038081","ugh Synapse (Project ID: syn17038081) under controlled access"
"6826","113","pmc:PMC12971484","syn25592273","#qtl ), mmQTL (synapses: syn25592273 and syn25592272), Metabr"
"6827","113","pmc:PMC12971484","syn25592272","ynapses: syn25592273 and syn25592272), Metabrain ( https://ww"
"6828","113","pmc:PMC12971484","syn25592273","l ) and mmQTL (synapses: syn25592273 and syn25592272). Compet"
"6829","113","pmc:PMC12971484","syn25592272","ynapses: syn25592273 and syn25592272). Competing interests Al"
"6830","113","pmc:PMC12971488","syn69762030","/www.synapse.org/Synapse:syn69762030 . Competing interests Th"
"6831","113","pmc:PMC12973866","syn54077668","/www.synapse.org/Synapse:syn54077668/wiki/626475 ), and (v) t"
"6832","113","pmc:PMC12974536","syn51364943","/www.synapse.org/Synapse:syn51364943 ). Additional genetic da"
"6833","114","pmc:PMC12976283","syn21670836","erâs disease patients (syn21670836, information in Suppleme"
"6834","114","pmc:PMC12976283","syn18681734","erâs disease patients (syn18681734, information in Suppleme"
"6835","114","pmc:PMC12976283","syn18681734","erâs disease patients, syn18681734 76 and syn21670836 46 ,"
"6836","114","pmc:PMC12976283","syn21670836","ents, syn18681734 76 and syn21670836 46 , were obtained from"
"6837","114","pmc:PMC12976283","syn18681734","tary TableÂ 2 ). For the syn18681734 dataset, data preprocess"
"6838","114","pmc:PMC12976283","syn21670836","quantification. For the syn21670836 dataset, the gene count"
"6839","114","pmc:PMC12976283","syn18681734","under accession numbers syn18681734 ( https://www.synapse.or"
"6840","114","pmc:PMC12976283","syn18681734","/www.synapse.org/Synapse:syn18681734 ) and syn21670836 ( http"
"6841","114","pmc:PMC12976283","syn21670836","ynapse:syn18681734 ) and syn21670836 ( https://www.synapse.or"
"6842","114","pmc:PMC12976283","syn21670836","/www.synapse.org/Synapse:syn21670836 ).Â Source data are prov"
"6843","114","pmc:PMC12976525","syn51365303","/www.synapse.org/Synapse:syn51365303 . For the sex-stratified"
"6844","114","pmc:PMC12977193","syn31488781","https://doi.org/10.7303/syn31488781 ), and plasma metabolomi"
"6845","114","pmc:PMC12977193","syn31488782","https://doi.org/10.7303/syn31488782 ) or Metabolomics Workbe"
"6846","114","pmc:PMC12977787","syn26642975","w.synapse.org/#!Synapse: syn26642975/files/](https:/www.synap"
"6847","114","pmc:PMC12977787","syn26642975","napse.org), Synapse ID: [syn26642975](https:/www.synapse.org)"
"6848","114","pmc:PMC12977802","syn18406854","se under accession code [syn18406854]( https:/nam02.safelinks"
"6849","114","pmc:PMC12977802","syn18406854","apse.org%2F%23!Synapse%3Asyn18406854&dataâ=â05%7C02%7Cjlu"
"6850","115","pmc:PMC12983546","syn21889537","www.synapse.org/Synapse:syn21889537 ), [ GSE103224 ](https:/"
"6851","115","pmc:PMC12987980","syn3193805","www.synapse.org/Synapse:syn3193805/wiki/217789 . Code avail"
"6852","115","pmc:PMC12987980","syn3193805","ww.synapse.org/#!Synapse:syn3193805/wiki/89480 32. Modat M F"
"6853","116","pmc:PMC12990438","syn52293417","om the Synapse database (syn52293417) and included nuclei seq"
"6854","116","pmc:PMC12990438","syn52293417","om the Synapse database (syn52293417) [ 42 ]. The R implement"
"6855","116","pmc:PMC12992590","syn52293442","ranscriptomics analysis (syn52293442 data from ROSMAP). Ast a"
"6856","116","pmc:PMC12992590","syn5229344","imerâs disease dataset syn5229344 2 data from ROSMAP) that"
"6857","116","pmc:PMC12992945","syn17114770","https://doi.org/10.7303/syn17114770 Recon2.2 Human Genome-sc"
"6858","116","pmc:PMC12992945","syn17114770","/www.synapse.org/Synapse:syn17114770/wiki/588042 DFA-MATLAB S"
"6859","116","pmc:PMC12992945","syn7253624","/www.synapse.org/Synapse:syn7253624/wiki/406160 COBRA toolbo"
"6860","116","pmc:PMC12993059","syn26844071","ication through Synapse (syn26844071). Then, we used the Scan"
"6861","116","pmc:PMC12993059","syn26844071","ailable through Synapse (syn26844071). The bulk RNA-seq data"
"6862","116","pmc:PMC12994697","syn52256654","BM (IDH-WT) samples from syn52256654 38 dataset were classifi"
"6863","116","pmc:PMC12994697","syn52256654","WT human GBM tumors from syn52256654 dataset. All biological"
"6864","116","pmc:PMC12994697","syn52256654",") IDH-WT GBM tumors from syn52256654 dataset assessed using C"
"6865","116","pmc:PMC12994697","syn52256654","uman GBM tumors from the syn52256654 38 dataset was downloade"
"6866","116","pmc:PMC12994697","syn52256654","/www.synapse.org/Synapse:syn52256654 . RNA-sequencing data fo"
"6867","116","pmc:PMC12996084","syn3193805","ww.synapse.org/#!Synapse:syn3193805/wiki/217789 Reference/Ci"
"6868","116","pmc:PMC12996105","syn27000096","oaded from synapse entry syn27000096. We performed causal inf"
"6869","116","pmc:PMC12996105","syn11707420","/www.synapse.org/Synapse:syn11707420 6 https://www.synapse.or"
"6870","116","pmc:PMC12996105","syn51732523","/www.synapse.org/Synapse:syn51732523 7 https://www.synapse.or"
"6871","116","pmc:PMC12996105","syn30821562","/www.synapse.org/Synapse:syn30821562 Data availability statem"
"6872","116","pmc:PMC12996523","syn17024112",") with the accession IDs syn17024112 for ROSMAP and syn741694"
"6873","116","pmc:PMC12996523","syn7416949","n17024112 for ROSMAP and syn7416949 and syn8612191 for MSBB,"
"6874","116","pmc:PMC12996523","syn8612191","OSMAP and syn7416949 and syn8612191 for MSBB, and quality-co"
"6875","116","pmc:PMC12996523","syn17024112","rg/#) with accession IDs syn17024112, syn7416949 and syn86121"
"6876","116","pmc:PMC12996523","syn7416949","cession IDs syn17024112, syn7416949 and syn8612191 for the t"
"6877","116","pmc:PMC12996523","syn8612191","17024112, syn7416949 and syn8612191 for the transcriptome da"
"6878","116","pmc:PMC12997819","syn71971764","ited in Synapse (10.7303/syn71971764) and will be available t"
"6879","116","pmc:PMC12997919","syn3219045","w.synapse.org/#!Synapse: syn3219045 ). RNA-seq data from the"
"6880","117","pmc:PMC12999466","syn12299750","e 1 dataset (Synapse ID: syn12299750), comprising a total of"
"6881","117","pmc:PMC12999519","syn8118403","317029#sec1 (Synapse ID, syn8118403); (2) ref. 82 ; GSE13710"
"6882","118","pmc:PMC13004971","syn52600685","NA-seq data of NK cells (syn52600685) were obtained from the"
"6883","118","pmc:PMC13004971","syn52600685","Synapse accession number syn52600685. K562 myeloid leukemia c"
"6884","118","pmc:PMC13004971","syn52600685","190976 , GSE227098 , and syn52600685. Code availability The f"
"6885","118","pmc:PMC13006604","syn27624812","https://doi.org/10.7303/syn27624812 . Human-Liver-Cancer-COD"
"6886","118","pmc:PMC13009270","syn52540892","/www.synapse.org/Synapse:syn52540892/wiki/623751 . Detailed d"
"6887","118","pmc:PMC13009270","syn52540892","Gait-PD) Synapse 10.7303/syn52540892 PMC13009270 41680227 Kon"
"6888","118","pmc:PMC13009270","syn52540892","ait-PD). Synapse 10.7303/syn52540892 (2025). 36. Prigent, G."
"6889","119","pmc:PMC13010282","syn64465917","apse database; accession syn64465917. 27 The replication summ"
"6890","119","pmc:PMC13010282","syn64465917","25 . synapse.org/Synapse:syn64465917 28. Cerezo M , Sollis E"
"6891","119","pmc:PMC13015161","syn69902953","line through Synapse ID [syn69902953] ( https://www.synapse.o"
"6892","119","pmc:PMC13015161","syn69902953","/www.synapse.org/Synapse:syn69902953 ). The sequencing data i"
"6893","119","pmc:PMC13015161","syn69902953","line through Synapse ID [syn69902953] ( https://www.synapse.o"
"6894","119","pmc:PMC13015161","syn69902953","/www.synapse.org/Synapse:syn69902953 ). The sequencing data i"
"6895","119","pmc:PMC13015379","syn25741873","ble on Synapse (Synapse: syn25741873). References 1. Sweeney"
"6896","119","pmc:PMC13016290","syn3193805","/www.synapse.org/Synapse:syn3193805/wiki/89480 39 Bernard O"
"6897","119","pmc:PMC13018967","syn26844071","from Synapse (accession: syn26844071- https://www.synapse.org"
"6898","119","pmc:PMC13018967","syn26844071","/www.synapse.org/Synapse:syn26844071/wiki/615389 ). Mouse sin"
"6899","119","pmc:PMC13018967","syn26844071","gle-cell RNA-seq Synapse syn26844071 YAP perturbation dataset"
"6900","119","pmc:PMC13018967","syn26844071","/www.synapse.org/Synapse:syn26844071/ ). 21 CellRanger pipeli"
"6901","119","pmc:PMC13019158","syn7214402","https://doi.org/10.7303/syn7214402 ), a variant calling pro"
"6902","120","pmc:PMC13021938","syn52658339","/www.synapse.org/Synapse:syn52658339 ), Source data supportin"
"6903","120","pmc:PMC13021967","syn3193805","ww.synapse.org/#!Synapse:syn3193805/wiki/217789 , and the AC"
"6904","120","pmc:PMC13023199","syn3193805","rg/repo/v1/doi/locate?id=syn3193805%26type=ENTITY . 21. Ji Y"
"6905","120","pmc:PMC13024159","syn50614194","https://doi.org/10.7303/syn50614194 ]. Conflicts of Interest"
"6906","120","pmc:PMC13028429","syn26376615","https://doi.org/10.7303/syn26376615 ; mirror: https://github"
"6907","121","pmc:PMC13032676","syn11510888","diction accuracy 10.7303/syn11510888. 10.1093/bioinformatics/"
"6908","121","pmc:PMC13035234","syn52257174","able from : doi: 10.7303/syn52257174.1"
"6909","121","pmc:PMC13035743","syn3193805","ww.synapse.org/#!Synapse:syn3193805/wiki/89480 24. Kramme R"
"6910","121","pmc:PMC13035944","syn3159438","A36; AMP-AD; Synapse ID: syn3159438) 19 were analyzed. Adapt"
"6911","121","pmc:PMC13036131","syn12026190","ww.synapse.org/#!Synapse:syn12026190 Data availability statem"
"6912","121","pmc:PMC13038268","syn69847655","en deposited in Synapse (syn69847655: https://doi.org/10.7303"
"6913","121","pmc:PMC13038268","syn69847655","https://doi.org/10.7303/syn69847655 ). REFERENCES 1. Vujovic"
"6914","122","pmc:PMC13042028","syn17015098","Project (ROSMAP) Study (syn17015098). Two TMT experiments we"
"6915","122","pmc:PMC13042034","syn21788402","and Leng et al. 2021 23 (syn21788402 from Synapse). The forme"
"6916","122","pmc:PMC13042764","syn51105515","ded from Synapse (SynID: syn51105515). All samples were merge"
"6917","122","pmc:PMC13042764","syn25795030","ded from Synapse (SynID: syn25795030, syn22059394). We predic"
"6918","122","pmc:PMC13042764","syn22059394","pse (SynID: syn25795030, syn22059394). We predicted transcrip"
"6919","122","pmc:PMC13042775","syn64500279","/www.synapse.org/Synapse:syn64500279/files/ ). All software p"
"6920","122","pmc:PMC13043242","syn26243166","AMP-AD Knowledge Portal (syn26243166). Briefly, WGS libraries"
"6921","122","pmc:PMC13043242","syn9702085","seq Harmonization Study (syn9702085), and the transcript abu"
"6922","122","pmc:PMC13043242","syn10507749","nowledge portal (ROSMAP: syn10507749, MSBB: syn10507727; Mayo"
"6923","122","pmc:PMC13043242","syn10507727","SMAP: syn10507749, MSBB: syn10507727; Mayo: syn10507725). Gen"
"6924","122","pmc:PMC13043242","syn10507725","MSBB: syn10507727; Mayo: syn10507725). Gene level transcripts"
"6925","122","pmc:PMC13043242","syn30821563","queried from Synapse ID: syn30821563. 3.6 | Statistical analy"
"6926","122","pmc:PMC13043290","syn66229675","aded to Synapse (10.7303/syn66229675). Code availability The"
"6927","122","pmc:PMC13043290","syn66229675","aded to Synapse (10.7303/syn66229675). Competing interests S."
"6928","122","pmc:PMC13044590","syn3191087","available on Synapse as syn3191087 ( Greenwood et al., 2020"
"6929","122","pmc:PMC13044590","syn3157325","available on Synapse as syn3157325 and syn23650893 respecti"
"6930","122","pmc:PMC13044590","syn23650893","ynapse as syn3157325 and syn23650893 respectively. The ROSMAP"
"6931","122","pmc:PMC13044590","syn8691134","(available on Synapse as syn8691134) from RNA sequencing and"
"6932","122","pmc:PMC13044590","syn25428992","T-AD biological domains (syn25428992.v10; Cary et al., 2024 )"
"6933","122","pmc:PMC13044590","syn3157325","n be found in Synapse as syn3157325, syn23650893, syn3191087"
"6934","122","pmc:PMC13044590","syn23650893","n Synapse as syn3157325, syn23650893, syn3191087, and syn8691"
"6935","122","pmc:PMC13044590","syn3191087","syn3157325, syn23650893, syn3191087, and syn8691134 under AD"
"6936","122","pmc:PMC13044590","syn8691134","3650893, syn3191087, and syn8691134 under AD Knowledge Porta"
"6937","122","pmc:PMC13044590","syn3219045","udy (ROSMAP) Synapse ID: syn3219045. [Online] AD Knowledge P"
"6938","122","pmc:PMC13044590","syn3219045","sPage/StudyDetails?Study=syn3219045 (Accessed August 15, 202"
"6939","122","pmc:PMC13049930","syn23650893","ortal (Accession number: syn23650893). Data sets include RNA-"
"6940","122","pmc:PMC13049930","syn31512863","ortal (Accession number: syn31512863). Exclusion criteria wer"
"6941","123","pmc:PMC13053053","syn21041850","se (RRID: SCR_006307) at syn21041850 (human and mouse lung)."
"6942","123","pmc:PMC13053676","syn31512863","ww.synapse.org/#!Synapse:syn31512863 Brain Human [Spatial pro"
"6943","123","pmc:PMC13056943","syn21991014","ufva et al. (Synapse ID: syn21991014; DOI: 10.7303/syn2199101"
"6944","123","pmc:PMC13056943","syn21991014","yn21991014; DOI: 10.7303/syn21991014) 7 . Pan-cancer expressi"
"6945","123","pmc:PMC13056943","syn21991014","https://doi.org/10.7303/syn21991014), AML Proteomics Databas"
"6946","123","pmc:PMC13056943","syn21991014","https://doi.org/10.7303/syn21991014), Human Cell Atlas (HCA)"
"6947","123","pmc:PMC13057115","syn26376615","olypGen. Synapse 10.7303/syn26376615. 26. Jha, D., Sharma, V."
"6948","123","pmc:PMC13058827","syn31512863","tion on Synapse under ID syn31512863 ( https://www.synapse.or"
"6949","123","pmc:PMC13058827","syn31512863","ww.synapse.org/#!Synapse:syn31512863 ). Access to syn31512863"
"6950","123","pmc:PMC13058827","syn31512863","syn31512863 ). Access to syn31512863 requires permission from"
"6951","124","pmc:PMC13060879","syn51942384","https://doi.org/10.7303/syn51942384.1 . Brain single nucleus"
"6952","124","pmc:PMC13061609","syn51156910","/www.synapse.org/Synapse:syn51156910/ ) and others as listed"
"6953","124","pmc:PMC13061609","syn51156910","/www.synapse.org/Synapse:syn51156910 (2023). 30. Bittner N Wh"
"6954","124","pmc:PMC13062057","syn3193805","www.synapse.org/#Synapse:syn3193805/wiki/217789. Declaration"
"6955","124","pmc:PMC13063119","syn6090811","(PSP), and 82 AD brains (syn6090811 and syn6090813). 33 Summ"
"6956","124","pmc:PMC13063119","syn6090813","D brains (syn6090811 and syn6090813). 33 Summary statistics"
"6957","124","pmc:PMC13063120","syn9702085","ww.synapse.org/#!Synapse:syn9702085 ) under Synapse ID: syn8"
"6958","124","pmc:PMC13063120","syn8456637","2085 ) under Synapse ID: syn8456637. The source data were de"
"6959","124","pmc:PMC13063120","syn52293417","ww.synapse.org/#!Synapse:syn52293417 ) under Synapse ID: syn2"
"6960","124","pmc:PMC13063120","syn2580853","3417 ) under Synapse ID: syn2580853. The dataset includes sa"
"6961","124","pmc:PMC13065774","syn52047893","e with accession number: syn52047893 78 . They were processed"
"6962","124","pmc:PMC13065774","syn52047893","ww.synapse.org/#!Synapse:syn52047893 (2025). 10.1038/s41587-0"
"6963","124","pmc:PMC13069864","syn21041850","/www.synapse.org/Synapse:syn21041850/files/ , while the mouse"
"6964","124","pmc:PMC13069864","syn21041850","/www.synapse.org/Synapse:syn21041850/files/ Mouse coronal bra"
"6965","125","pmc:PMC13070491","syn60087246","/www.synapse.org/Synapse:syn60087246/wiki/628483 ). Reference"
"6966","125","pmc:PMC13076645","syn21041850","ww.synapse.org/#!Synapse:syn21041850 ) 63 . Smart-seq2 single"
"6967","125","pmc:PMC13077722","syn53404507","/www.synapse.org/Synapse:syn53404507 , the CaDIS dataset can"
"6968","125","pmc:PMC13079864","syn53910452","orm under accession code syn53910452 ( www.synapse.org/habs )"
"6969","126","pmc:PMC13082006","syn52293433","following accession IDs: syn52293433, syn26223298. Code Avail"
"6970","126","pmc:PMC13082006","syn26223298","ession IDs: syn52293433, syn26223298. Code Availability: http"
"6971","126","pmc:PMC13082126","syn51281767","btained through Synapse (syn51281767) as part of the âZhang"
"6972","126","pmc:PMC13083549","syn51156910","/www.synapse.org/Synapse:syn51156910/files/ ] ( https://www.s"
"6973","126","pmc:PMC13083549","syn51156910","/www.synapse.org/Synapse:syn51156910/files ). Declarations Et"
"6974","126","pmc:PMC13083632","syn62827833","/www.synapse.org/Synapse:syn62827833 but requires submitting"
"6975","126","pmc:PMC13083810","syn51449054","Synapse (project SynID: syn51449054): ( https://www.synapse."
"6976","126","pmc:PMC13083810","syn51449054","/www.synapse.org/Synapse:syn51449054 ). The dataframe with ph"
"6977","126","pmc:PMC13083810","syn65487454","/www.synapse.org/Synapse:syn65487454 ). The TNBC data used in"
"6978","126","pmc:PMC13088194","syn61532658","29 under accession code syn61532658. The code to reproduce t"
"6979","126","pmc:PMC13088194","syn61532802","025. synapse.org/Synapse:syn61532802 30. Github (rasmirnov)."
"6980","127","pmc:PMC13095203","syn10337516","downloaded via Synapse (syn10337516; ref. 23 ). Transcriptom"
"6981","127","pmc:PMC13095203","syn10337516","tuteâs iAtlas Synapse (syn10337516). Authorsâ Disclosures"
"6982","127","pmc:PMC13095869","syn22252881","/www.synapse.org/Synapse:syn22252881 . REFERENCES 1 Smith CD"
"6983","127","pmc:PMC13096204","syn51156910","www.synapse.org/Synapse: syn51156910/wiki/621282. This ensure"
"6984","127","pmc:PMC13096322","syn52596661","are available at 10.7303/syn52596661. Code availability The c"
"6985","127","pmc:PMC13096423","syn64954178","ntifier address [10.7303/syn64954178]. (https:/doi.org/10.730"
"6986","127","pmc:PMC13096423","syn64954178","(https:/doi.org/10.7303/syn64954178) . Provisionally, we inc"
"6987","127","pmc:PMC13099382","syn51622714","ww.synapse.org/#!Synapse:syn51622714/datasets/ Competing inte"
"6988","128","pmc:PMC13103174","syn53065760","/www.synapse.org/Synapse:syn53065760 Accessed 16 April 2025."
"6989","128","pmc:PMC13103405","syn21683345","/www.synapse.org/Synapse:syn21683345 ). This version contains"
"6990","128","pmc:PMC13104954","syn1688369","RIC data (Project SynID: syn1688369). REFERENCES 1. Nobre A."
"6991","128","pmc:PMC13105077","syn25428992","e Knowledge Portal under syn25428992 ( https://adknowledgepor"
"6992","128","pmc:PMC13105077","syn25428992",".org/FileEntity?entityId=syn25428992 ) on October 25, 2024. W"
"6993","128","pmc:PMC13105077","syn25428992","e Knowledge Portal under syn25428992 https://www.synapse.org/"
"6994","128","pmc:PMC13105077","syn25428992","/www.synapse.org/Synapse:syn25428992 . Mouse expression data"
"6995","128","pmc:PMC13107662","syn4974668","TCGA-READ), and KFSYSCC (syn4974668). The independent CRC va"
"6996","128","pmc:PMC13107662","syn26720761",", GSE17536 , GSE37892 , syn26720761, syn2623706 (multiple da"
"6997","128","pmc:PMC13107662","syn2623706","GSE37892 , syn26720761, syn2623706 (multiple datasets de-ba"
"6998","128","pmc:PMC13107662","syn26844071","e obtained from Synapse (syn26844071) [ 46 ], comprising five"
"6999","128","pmc:PMC13108381","syn51015750","159812 ; or Synapse.org (syn51015750). Raw and analyzed data"
"7000","129","pmc:PMC13114645","syn66279805","al powered by Synapse at syn66279805. Conflicts of Interest T"
"7001","129","pmc:PMC13115884","syn18909507","/www.synapse.org/Synapse:syn18909507 (accessed on 27 October"
"7002","129","pmc:PMC13115884","syn18909507","r Study (Emory_Vascular; syn18909507) Available online: https"
"7003","129","pmc:PMC13115884","syn18909507","sPage/StudyDetails?Study=syn18909507 (accessed on 18 February"
"7004","129","pmc:PMC13115984","syn26844071","tained from Synapse (ID: syn26844071). The second dataset ( G"
"7005","129","pmc:PMC13115984","syn26844071","the Synapse platform (ID syn26844071). Visium spatial transcr"
"7006","129","pmc:PMC13117553","syn51364943","https://doi.org/10.7303/syn51364943 . Our Supplemental table"
"7007","130","pmc:PMC13121454","syn11724057","ess with accession codes syn11724057 [ https://www.synapse.or"
"7008","130","pmc:PMC13121454","syn11724057","/www.synapse.org/Synapse:syn11724057 ], syn53366818 [ https:/"
"7009","130","pmc:PMC13121454","syn53366818","g/Synapse:syn11724057 ], syn53366818 [ https://www.synapse.or"
"7010","130","pmc:PMC13121454","syn53366818","/www.synapse.org/Synapse:syn53366818 ], and syn52293417 [ htt"
"7011","130","pmc:PMC13121454","syn52293417","napse:syn53366818 ], and syn52293417 [ https://www.synapse.or"
"7012","130","pmc:PMC13121454","syn52293417","/www.synapse.org/Synapse:syn52293417 ], access can be obtaine"
"7013","130","pmc:PMC13121795","syn3193805","ww.synapse.org/#!Synapse:syn3193805/wiki/217789 26. Bernard,"
"7014","130","pmc:PMC13124032","syn25953345","ww.synapse.org/#!Synapse:syn25953345/wiki/616547 Accessed 13-"
"7015","130","pmc:PMC13124933","syn72037936","nteractors* (Synapse ID: syn72037936; https://www.synapse.org"
"7016","130","pmc:PMC13124933","syn72037936","/www.synapse.org/Synapse:syn72037936/files/ ), with organized"
"7017","130","pmc:PMC13126341","syn51364943","/www.synapse.org/Synapse:syn51364943/wiki/622119 ). 15 Metabo"
"7018","130","pmc:PMC13126341","syn51364943","/www.synapse.org/Synapse:syn51364943/wiki/622119 . This datas"
"7019","130","pmc:PMC13128111","syn3193805","/www.synapse.org/Synapse:syn3193805/files/ 30 Radl L, Jin Y,"
"7020","130","pmc:PMC13128474","syn22314624","t Synapse (accession no. syn22314624). All RNA-seq data were"
"7021","131","pmc:PMC13131499","syn31512863","se repository (accession syn31512863) and was originally desc"
"7022","131","pmc:PMC13131628","syn29442530","napse.org , specifically syn29442530, which was accessed on F"
"7023","131","pmc:PMC13131769","syn9702085","se platform (Synapse ID: syn9702085). CommonMind (bulk corte"
"7024","131","pmc:PMC13131769","syn2759792","https://doi.org/10.7303/syn2759792 ) also on the Synapse pl"
"7025","131","pmc:PMC13131769","syn2759792","se platform (Synapse ID: syn2759792); GTEx (bulk cortex + bu"
"7026","131","pmc:PMC13131789","syn72016012","/www.synapse.org/Synapse:syn72016012 ). The code used in this"
"7027","131","pmc:PMC13131822","syn11726601","ww.synapse.org/#!Synapse:syn11726601/files/ â. Signatures f"
"7028","131","pmc:PMC13131923","syn73569657","located using Synapse ID syn73569657 . A Synapse user account"
"7029","131","pmc:PMC13133158","syn2580853","edge Portal (doi:10.7303/syn2580853)). The analysis focused"
"7030","131","pmc:PMC13133158","syn2580853","dge Portal (doi:10.7303/ syn2580853). These data were genera"
"7031","131","pmc:PMC13133158","syn2580853","under the accession code syn2580853 on Synapse [10.7303/syn2"
"7032","131","pmc:PMC13133158","syn2580853","0853 on Synapse [10.7303/syn2580853].Â Source data are provi"
"7033","131","pmc:PMC13133286","syn64023381","cly available at 10.7303/syn64023381 21 . The imaging data us"
"7034","131","pmc:PMC13133286","syn18779624",", accessible via 10.7303/syn18779624 22 . Code availability T"
"7035","131","pmc:PMC13134293","syn52297840","able on Synapse (10.7303/syn52297840). Statistical analysis S"
"7036","131","pmc:PMC13134293","syn52297840","https://doi.org/10.7303/syn52297840 ). Declarations Competin"
"7037","131","pmc:PMC13138122","syn22255433","publicly available data (syn22255433), 20 which profiled PBMC"
"7038","131","pmc:PMC13138122","syn49637038","h Synapse, accession no: syn49637038. Preprocessed single-cel"
"7039","131","pmc:PMC13138122","syn22255433","h Synapse, accession no: syn22255433. Naive T cell selection"
"7040","132","pmc:PMC13142354","syn63926850","/www.synapse.org/Synapse:syn63926850 ; syn63926850) and biosp"
"7041","132","pmc:PMC13142354","syn63926850","rg/Synapse:syn63926850 ; syn63926850) and biospecimen samples"
"7042","132","pmc:PMC13142354","syn63927118","/www.synapse.org/Synapse:syn63927118 ; syn63927118) are avail"
"7043","132","pmc:PMC13142354","syn63927118","rg/Synapse:syn63927118 ; syn63927118) are available on the AD"
"7044","132","pmc:PMC13142354","syn66641748","/www.synapse.org/Synapse:syn66641748 ; syn66641748). 2.3 Labe"
"7045","132","pmc:PMC13142354","syn66641748","rg/Synapse:syn66641748 ; syn66641748). 2.3 Label free mass sp"
"7046","132","pmc:PMC13142354","syn64544741","/www.synapse.org/Synapse:syn64544741 ; syn64544741). Annotati"
"7047","132","pmc:PMC13142354","syn64544741","rg/Synapse:syn64544741 ; syn64544741). Annotations obtained f"
"7048","132","pmc:PMC13142354","syn25954752","/www.synapse.org/Synapse:syn25954752 ; syn25954752; https://w"
"7049","132","pmc:PMC13142354","syn25954752","rg/Synapse:syn25954752 ; syn25954752; https://www.synapse.org"
"7050","132","pmc:PMC13142354","syn25958845","/www.synapse.org/Synapse:syn25958845 ; syn25958845). Processe"
"7051","132","pmc:PMC13142354","syn25958845","rg/Synapse:syn25958845 ; syn25958845). Processed ROSMAP-IN RN"
"7052","132","pmc:PMC13142354","syn25954748","/www.synapse.org/Synapse:syn25954748 ; syn25954748). TPM coun"
"7053","132","pmc:PMC13142354","syn25954748","rg/Synapse:syn25954748 ; syn25954748). TPM counts were then l"
"7054","132","pmc:PMC13142354","syn25954751","/www.synapse.org/Synapse:syn25954751 ; syn25954751). Protein"
"7055","132","pmc:PMC13142354","syn25954751","rg/Synapse:syn25954751 ; syn25954751). Protein accession IDs"
"7056","132","pmc:PMC13142354","syn11932957","https://doi.org/10.7303/syn11932957.1 ; syn11932957). To ass"
"7057","132","pmc:PMC13142354","syn11932957","/10.7303/syn11932957.1 ; syn11932957). To assess disease-spec"
"7058","132","pmc:PMC13142553","syn74372113","under project accession syn74372113. Supplementary Material"
"7059","132","pmc:PMC13142593","syn65461849","org/ , under project IDs syn65461849 and syn20821165, respect"
"7060","132","pmc:PMC13142593","syn20821165","ject IDs syn65461849 and syn20821165, respectively. Proteomic"
"7061","132","pmc:PMC13142593","syn65461849","s et al. 21 (Synapse ID: syn65461849) and Johnson et al. 12 ("
"7062","132","pmc:PMC13142593","syn20821165","n et al. 12 (Synapse ID: syn20821165) were downloaded from ht"
"7063","132","pmc:PMC13142631","syn52795287","from the Synapse portal (syn52795287). Fastq files were proce"
"7064","132","pmc:PMC13144324","syn26712693","/www.synapse.org/Synapse:syn26712693/wiki/ ) and Frauscher et"
"7065","132","pmc:PMC13148380","syn72116265","available on synapse at syn72116265 and FigShare ( https://d"
"7066","133","pmc:PMC13155123","syn3219045","ww.synapse.org/#!Synapse:syn3219045 ). PSP data, comprising"
"7067","133","pmc:PMC13155123","syn5550404",") under study accession syn5550404 . The associated metabol"
"7068","133","pmc:PMC13155123","syn26401311","c Brain Alterationsâ ( syn26401311 ). BC data, including ge"
"7069","133","pmc:PMC13155802","syn44142724","/www.synapse.org/Synapse:syn44142724 ObservatÃ³rio ObstÃ©tric"
"7070","133","pmc:PMC13155802","syn44142724","/www.synapse.org/Synapse:syn44142724 6 6. Egidy Assenza G, Di"
"7071","133","pmc:PMC13156037","syn27819129","774 ) and from Synapse ( syn27819129 ). Secondary summary sta"
"7072","133","pmc:PMC13156037","syn72039767","available from Synapse ( syn72039767 ). Source data are provi"
"7073","133","pmc:PMC13156037","syn72039767","available from Synpase ( syn72039767 ). Custom MATLAB softwar"
"7074","133","pmc:PMC13158306","syn18485175","e obtained from Synapse (syn18485175) and preprocessed accord"
"7075","133","pmc:PMC13158306","syn22079621","as accessed via Synapse (syn22079621), and the preprocessing"
"7076","133","pmc:PMC13158306","syn21788402","retrieved from Synapse (syn21788402), focusing on two brain"
"7077","134","pmc:PMC13165028","syn22255433","ttps://www.synapse.org ; syn22255433). The log-scaled normali"
"7078","135","pmc:PMC13172580","syn25878459","edge portal (Synapse ID: syn25878459). Brain levels of metabo"
"7079","135","pmc:PMC13172580","syn25006864","edge portal (Synapse ID: syn25006864). Proteins with missing"
"7080","136","pmc:PMC13183599","syn31534849","rtal (ADKP) (Synapse ID: syn31534849). Clinical and neuropath"
"7081","136","pmc:PMC13183599","syn25607662","om the ADKP (Synapse ID: syn25607662). 15 For each sex, top 5"
"7082","136","pmc:PMC13183599","syn26529354","subdomains (Synapse ID: syn26529354) that organize molecular"
"7083","136","pmc:PMC13183603","syn21241740","zation Study ; Synapse:Â syn21241740. Access to both data fol"
"7084","136","pmc:PMC13184289","syn55251782","py Synapse. 2025 10.7303/syn55251782 Choi, T. et al . InfoCol"
"7085","136","pmc:PMC13184289","syn55251782","oscopy. Synapse. 10.7303/syn55251782 (2025). 32. Dosovitskiy,"
"7086","136","pmc:PMC13184528","syn12080241","Synapse under accession syn12080241. The OneK1K single-cell"
"7087","136","pmc:PMC13184966","syn68699752","https://doi.org/10.7303/syn68699752 . 1 Introduction Single-"
"7088","136","pmc:PMC13184966","syn68699752","https://doi.org/10.7303/syn68699752 . The Liver hepatocellul"
"7089","136","pmc:PMC13185305","syn69774864","se with accession number syn69774864 ( https://doi.org/10.730"
"7090","136","pmc:PMC13185305","syn69774864","https://doi.org/10.7303/syn69774864 ) and are available as o"
"7091","136","pmc:PMC13185917","syn5550404","/www.synapse.org/Synapse:syn5550404 Experimental models: Cel"
"7092","136","pmc:PMC13187053","syn4988775","om the Synapse platform (syn4988775). As the research involv"
"7093","136","pmc:PMC13187264","syn4993293","www.synapse.org/Synapse: syn4993293/wiki/247859 . The raw vo"
"7094","136","pmc:PMC13187524","syn26207321","/zenodo.1158560 , SynID: syn26207321 and ENA: EGAS00001002268"
"7095","136","pmc:PMC13187524","syn26207321","Knowledge Portal SynID: syn26207321 hiPSC-macrophage eQTL da"
"7096","136","pmc:PMC13187529","syn51364943","/www.synapse.org/Synapse:syn51364943/wiki/622119 ). GWAS data"
"7097","137","pmc:PMC13190313","syn11914606","lysis (data available at syn11914606) [ 2 ]. âHubâ gene a"
"7098","137","pmc:PMC13190313","syn10208070","49 ] (data available at syn10208070). âAverageâ genes we"
"7099","137","pmc:PMC13190313","syn11940434","ation (data available at syn11940434). Genes were selected fr"
"7100","137","pmc:PMC13190313","syn8281722","Synapse (cerebellum/CBE, syn8281722; dorsolateral prefrontal"
"7101","137","pmc:PMC13190313","syn8268669","prefrontal cortex/DLPFC, syn8268669; frontal pole/FP, syn834"
"7102","137","pmc:PMC13190313","syn8340017","268669; frontal pole/FP, syn8340017; inferior frontal gyrus/"
"7103","137","pmc:PMC13190313","syn8349785","erior frontal gyrus/IFG, syn8349785; parahippocampal gyrus/P"
"7104","137","pmc:PMC13190313","syn8345109","rahippocampal gyrus/PHG, syn8345109; superior temporal gyrus"
"7105","137","pmc:PMC13190313","syn8343704","rior temporal gyrus/STG, syn8343704; temporal cortex/TCX, sy"
"7106","137","pmc:PMC13190313","syn8276546","04; temporal cortex/TCX, syn8276546). Each brain regionâs"
"7107","137","pmc:PMC13190313","syn34767207","full dataset on synapse (syn34767207). Three biological repli"
"7108","137","pmc:PMC13190313","syn2580853","nowledge Portal (10.7303/syn2580853). ROSMAP study data were"
"7109","137","pmc:PMC13190313","syn11932957","ule definitions (10.7303/syn11932957.1) and AD case/control d"
"7110","137","pmc:PMC13190313","syn11914606","nalysis results (10.7303/syn11914606). ROSMAP data resources"
"7111","137","pmc:PMC13190313","syn34767207","istribution via synapse (syn34767207). The Fly Longitudinal N"
"7112","137","pmc:PMC13193020","syn53708249","/www.synapse.org/Synapse:syn53708249/wiki/626323 . Disclosure"
"7113","137","pmc:PMC13194528","syn51364943","ww.synapse.org/#!Synapse:syn51364943 upon application. Cis-eQ"
"7114","137","pmc:PMC13196751","syn52297840","ported by Zhang etÂ al. (syn52297840) ( 20 ). P2X7R mRNA ( P2"
"7115","137","pmc:PMC13196751","syn52297840",".org/ ) under Synapse ID syn52297840, as generated by Zhang e"
"7116","137","pmc:PMC13197119","syn8006653","www.synapse.org/Synapse: syn8006653/ ), FactorNet ( Quang an"
"7117","137","pmc:PMC13198004","syn66520062","https://doi.org/10.7303/syn66520062 . â¢ This paper also an"
"7118","137","pmc:PMC13198004","syn66520062","https://doi.org/10.7303/syn66520062 ). These simulations con"
"7119","138","pmc:PMC13200442","syn51364943","/www.synapse.org/Synapse:syn51364943/wiki/622119 ). Additiona"
"7120","138","pmc:PMC13200442","syn51364943","www.synapse.org/Synapse: syn51364943/wiki/622119). Instrument"
"7121","138","pmc:PMC13201078","syn2580853","cess (Synapse accession: syn2580853). DOME-ML annotations ca"
"7122","138","pmc:PMC13204814","syn22324937","https://doi.org/10.7303/syn22324937 . To download them you n"
"7123","139","pmc:PMC13211444","syn60868042","/www.synapse.org/Synapse:syn60868042/wiki/628716 (accessed on"
"7124","140","pmc:PMC13216072","syn52256644","ww.synapse.org/#!Synapse:syn52256644 ). Mouse reads were alig"
"7125","140","pmc:PMC13217694","syn71997585","able at Synapse (10.7303/syn71997585). Declarations Ethics ap"
"7126","140","pmc:PMC13218037","syn21884970","napse.org ) under the ID syn21884970. Deep bulk WGS data from"
"7127","140","pmc:PMC13219410","syn65463502","pse under accession code syn65463502 and processed methylatio"
"7128","140","pmc:PMC13219734","syn61987835","/www.synapse.org/Synapse:syn61987835/ ). We then randomly sel"
"7129","141","pmc:PMC13222857","syn25882127","Inf Lab (Lis) . 10.7303/syn25882127 21. PCDaS . Data Science"
"7130","141","pmc:PMC13226071","syn71964948","apse.org ) under 10.7303/syn71964948.1. The ARK Portal hosts"
"7131","142","pmc:PMC13234240","syn71742374","/www.synapse.org/Synapse:syn71742374/ . The accession number"
"7132","142","pmc:PMC13235196","syn26710600","under Synapse accession syn26710600 [ 50 ]. Aggregate RNA me"
"7133","142","pmc:PMC13235196","syn52297840","sted on Synapse under ID syn52297840 [ 33 , 50 ]. The Nextflo"
"7134","142","pmc:PMC13235196","syn52297840","/www.synapse.org/Synapse:syn52297840.9/datasets/ . 10.1038/s4"
"7135","142","pmc:PMC13235202","syn64153130","ww.synapse.org/#!Synapse:syn64153130 . Accessed 2025. 9. LaBe"
"7136","142","pmc:PMC13235729","syn1773109","/www.synapse.org/Synapse:syn1773109/wiki/54962 ) ( Supplemen"
"7137","143","pmc:PMC13243201","syn51110930","ailable through Synapse (syn51110930). The starting graph for"
"7138","143","pmc:PMC13243201","syn25428992","ID of enriched terms 4 (syn25428992). To focus the graph con"
"7139","143","pmc:PMC13243201","syn69925494","s accessible on Synapse (syn69925494). We tested for overâr"
"7140","143","pmc:PMC13243201","syn69925494","re available on Synapse (syn69925494). All code to reproduce"
"7141","143","pmc:PMC13246116","syn51364943","w.synapse.org/# !Synapse:syn51364943/files/), which involved"
"7142","143","pmc:PMC13247988","syn52752404","se repository (accession syn52752404, with direct link https:"
"7143","143","pmc:PMC13247988","syn52752404","ww.synapse.org/#!Synapse:syn52752404/files/). All data are av"
"7144","143","pmc:PMC13249883","syn3251018","ww.synapse.org/#!Synapse:syn3251018 ; OASIS, NLST, Abdomen M"
"7145","144","pmc:PMC13252614","syn6023883","s with a KCNJ5 mutation (syn6023883, n = 8; GSE242404 , n ="
"7146","144","pmc:PMC13252614","syn6023883","âmutated APA samples (syn6023883, n = 8 and GSE242404 , n"
"7147","144","pmc:PMC13253357","syn25428992","s, including subdomains (syn25428992.10), using GO term acces"
"7148","144","pmc:PMC13253357","syn25428992","s, including subdomains (syn25428992.10), using GO term acces"
"7149","144","pmc:PMC13254825","syn3159438","/www.synapse.org/Synapse:syn3159438 and the ROSMAP bulk tiss"
"7150","144","pmc:PMC13254825","syn3219045","/www.synapse.org/Synapse:syn3219045 . The significant ASE va"
"7151","144","pmc:PMC13254825","syn52293417","/www.synapse.org/Synapse:syn52293417 . REFERENCES 1 Winblad B"
"7152","145","pmc:PMC13260607","syn21788402","load at under Synapse ID syn21788402. Ambient RNA contaminati"
"7153","145","pmc:PMC13262459","syn10901595","edge Portal (Synapse ID: syn10901595 and syn3157322). Among t"
"7154","145","pmc:PMC13262459","syn3157322","apse ID: syn10901595 and syn3157322). Among the 1,196 indivi"
"7155","145","pmc:PMC13262459","syn31512863","edge Portal (Synapse ID: syn31512863). We applied additional"
"7156","146","pmc:PMC13264465","syn74297841","https://doi.org/10.7303/syn74297841.1 ). 1 EstrellaâParra"
"7157","147","pmc:PMC13271891","syn51365301","ww.synapse.org/#!Synapse:syn51365301 ). Associations were eva"
"7158","147","pmc:PMC13272441","syn26376615","/www.synapse.org/Synapse:syn26376615/wiki/613312 EDD2020 2020"
"7159","147","pmc:PMC13272951","syn51365301","/www.synapse.org/Synapse:syn51365301 , accessed February, 202"
"7160","147","pmc:PMC13275128","syn51824537","and synapse.org/Synapse:syn51824537. The information for dru"
"7161","147","pmc:PMC13279166","syn52335732","https://doi.org/10.7303/syn52335732 . Stroke and stroke subt"
